time,UAV_roll [rad],UAV_pitch [rad],UAV_yaw [rad],UAV_x [m],UAV_y [m],UAV_z [m]
152.429000,0.007572,0.026540,0.002757,1.264801,0.143566,2.336923
152.449000,0.008108,0.022197,0.002270,1.272382,0.142748,2.337074
152.469000,0.008074,0.018324,0.002048,1.279916,0.141883,2.337204
152.489000,0.007568,0.014403,0.001931,1.287414,0.141058,2.337243
152.509000,0.006631,0.010392,0.001391,1.294824,0.140281,2.337245
152.529000,0.005715,0.005725,0.001293,1.302160,0.139552,2.337169
152.549000,0.004086,0.001545,0.000414,1.309414,0.138850,2.337020
152.569000,0.002659,-0.002226,-0.000514,1.316570,0.138186,2.336847
152.589000,0.001587,-0.006014,-0.001494,1.323610,0.137555,2.336589
152.609000,-0.000152,-0.010233,-0.002777,1.330499,0.136949,2.336272
152.629000,-0.001306,-0.014020,-0.004145,1.337253,0.136362,2.335876
152.649000,-0.002138,-0.017658,-0.005610,1.343828,0.135800,2.335447
152.669000,-0.002560,-0.022045,-0.007320,1.350192,0.135297,2.334906
152.689000,-0.002832,-0.026794,-0.009095,1.356351,0.134825,2.334342
152.709000,-0.003161,-0.030774,-0.011028,1.362282,0.134411,2.333750
152.729000,-0.003725,-0.035061,-0.012838,1.367974,0.134042,2.333125
152.749000,-0.003842,-0.039399,-0.014769,1.373440,0.133738,2.332524
152.769000,-0.003933,-0.043433,-0.017245,1.378644,0.133471,2.331960
152.789000,-0.003079,-0.047282,-0.019873,1.383600,0.133233,2.331432
152.809000,-0.001911,-0.050705,-0.022337,1.388270,0.133022,2.330926
152.829000,-0.000743,-0.054293,-0.025197,1.392641,0.132825,2.330417
152.849000,0.000998,-0.057549,-0.028312,1.396721,0.132681,2.329946
152.869000,0.002926,-0.060480,-0.031366,1.400501,0.132570,2.329519
152.889000,0.004266,-0.063006,-0.034171,1.403926,0.132520,2.329108
152.909000,0.005517,-0.065377,-0.037230,1.407057,0.132553,2.328737
152.929000,0.006700,-0.067500,-0.040202,1.409887,0.132653,2.328354
152.951000,0.007237,-0.068664,-0.043541,1.412615,0.132785,2.327955
152.969000,0.007738,-0.069043,-0.046280,1.414566,0.132926,2.327630
152.989000,0.009087,-0.069087,-0.049437,1.416416,0.133093,2.327270
153.009000,0.010604,-0.068875,-0.052528,1.417951,0.133284,2.326950
153.029000,0.010986,-0.068339,-0.055764,1.419133,0.133500,2.326664
153.049000,0.011629,-0.067446,-0.058796,1.419990,0.133734,2.326380
153.069000,0.012824,-0.066279,-0.061673,1.420496,0.133998,2.326184
153.089000,0.013217,-0.065430,-0.064559,1.420665,0.134285,2.326005
153.109000,0.013150,-0.064319,-0.067530,1.420516,0.134589,2.325868
153.129000,0.013590,-0.062564,-0.070088,1.420031,0.134894,2.325742
153.149000,0.013809,-0.061066,-0.072720,1.419243,0.135196,2.325644
153.169000,0.013849,-0.059427,-0.075388,1.418168,0.135503,2.325600
153.189000,0.014155,-0.057245,-0.078047,1.416784,0.135774,2.325627
153.209000,0.014807,-0.054561,-0.080586,1.415109,0.136046,2.325634
153.229000,0.015231,-0.052475,-0.083018,1.413184,0.136326,2.325703
153.249000,0.015260,-0.050129,-0.085325,1.410994,0.136620,2.325789
153.269000,0.014960,-0.047091,-0.087419,1.408523,0.136943,2.325869
153.289000,0.014177,-0.043892,-0.089605,1.405823,0.137300,2.325985
153.309000,0.013104,-0.040808,-0.091566,1.402922,0.137678,2.326131
153.329000,0.011794,-0.037668,-0.093468,1.399828,0.138050,2.326271
153.349000,0.010458,-0.034020,-0.095359,1.396480,0.138437,2.326410
153.369000,0.009582,-0.031106,-0.097015,1.392954,0.138826,2.326568
153.389000,0.008586,-0.028591,-0.098710,1.389218,0.139208,2.326748
153.409000,0.007772,-0.026222,-0.100056,1.385328,0.139626,2.326968
153.429000,0.006923,-0.023812,-0.101239,1.381287,0.140091,2.327179
153.449000,0.005080,-0.021288,-0.102344,1.377113,0.140577,2.327327
153.469000,0.002984,-0.018733,-0.103250,1.372831,0.141061,2.327463
153.489000,0.001447,-0.016095,-0.103990,1.368450,0.141530,2.327567
153.509000,0.000388,-0.013411,-0.104487,1.363993,0.141984,2.327630
153.529000,-0.000145,-0.010232,-0.105050,1.359458,0.142457,2.327703
153.549000,-0.000541,-0.007091,-0.105406,1.354869,0.142885,2.327786
153.569000,-0.000380,-0.003917,-0.105612,1.350214,0.143310,2.327848
153.589000,-0.000246,-0.001001,-0.105403,1.345501,0.143783,2.327881
153.609000,-0.000669,0.001673,-0.105187,1.340788,0.144285,2.327858
153.629000,-0.001322,0.004542,-0.104728,1.336087,0.144829,2.327793
153.649000,-0.002014,0.008020,-0.104163,1.331366,0.145417,2.327709
153.669000,-0.002974,0.011528,-0.103200,1.326631,0.146035,2.327643
153.689000,-0.004392,0.014549,-0.102118,1.321946,0.146717,2.327565
153.709000,-0.005139,0.017259,-0.101049,1.317284,0.147432,2.327484
153.729000,-0.005522,0.019832,-0.099839,1.312663,0.148194,2.327410
153.749000,-0.006732,0.022347,-0.098378,1.308067,0.148976,2.327309
153.769000,-0.007631,0.024624,-0.096876,1.303497,0.149825,2.327177
153.789000,-0.007524,0.026157,-0.095263,1.298993,0.150723,2.326994
153.809000,-0.007786,0.027132,-0.093228,1.294547,0.151627,2.326714
153.829000,-0.007454,0.027999,-0.091118,1.290184,0.152580,2.326340
153.849000,-0.007067,0.029172,-0.089111,1.285918,0.153584,2.325883
153.869000,-0.006458,0.030578,-0.087199,1.281746,0.154630,2.325334
153.889000,-0.005909,0.031808,-0.084886,1.277650,0.155709,2.324708
153.909000,-0.005248,0.032572,-0.082964,1.273657,0.156785,2.323995
153.929000,-0.004161,0.032951,-0.080795,1.269753,0.157928,2.323166
153.951000,-0.003347,0.032792,-0.078234,1.265524,0.159266,2.322224
153.969000,-0.002688,0.032423,-0.076099,1.262162,0.160391,2.321395
153.989000,-0.001683,0.031536,-0.073274,1.258549,0.161691,2.320496
154.009000,-0.000841,0.031135,-0.070892,1.255035,0.162994,2.319604
154.029000,-0.000396,0.031011,-0.068735,1.251630,0.164295,2.318728
154.049000,0.000723,0.030794,-0.066303,1.248350,0.165619,2.317841
154.069000,0.002848,0.030535,-0.063822,1.245234,0.166893,2.316901
154.089000,0.005693,0.030635,-0.061659,1.242236,0.168196,2.315948
154.109000,0.007714,0.031173,-0.059393,1.239353,0.169494,2.315008
154.129000,0.009469,0.032564,-0.057149,1.236567,0.170785,2.314056
154.149000,0.011350,0.034218,-0.055145,1.233938,0.172073,2.313128
154.169000,0.013424,0.035797,-0.052942,1.231488,0.173385,2.312174
154.189000,0.014840,0.037914,-0.051308,1.229212,0.174649,2.311189
154.209000,0.015934,0.041256,-0.049849,1.227125,0.175876,2.310202
154.229000,0.017577,0.045605,-0.048790,1.225241,0.177010,2.309285
154.249000,0.019183,0.050520,-0.047827,1.223530,0.178045,2.308450
154.269000,0.020796,0.055690,-0.047314,1.222019,0.179006,2.307733
154.289000,0.022981,0.061326,-0.046768,1.220643,0.179922,2.307120
154.309000,0.025021,0.066930,-0.046399,1.219400,0.180782,2.306635
154.329000,0.025569,0.069850,-0.046420,1.218350,0.181568,2.306240
154.349000,0.027009,0.072110,-0.046448,1.217458,0.182332,2.306004
154.369000,0.028159,0.073790,-0.046712,1.216753,0.182984,2.305861
154.389000,0.028569,0.074246,-0.046859,1.216216,0.183566,2.305789
154.409000,0.029573,0.074614,-0.047304,1.215906,0.184095,2.305892
154.429000,0.029177,0.074293,-0.048146,1.215856,0.184494,2.306093
154.449000,0.029094,0.074286,-0.048878,1.216057,0.184822,2.306365
154.469000,0.029519,0.074873,-0.049712,1.216480,0.185034,2.306699
154.489000,0.030187,0.075630,-0.050669,1.217137,0.185147,2.307077
154.509000,0.030033,0.075846,-0.051672,1.218019,0.185207,2.307499
154.529000,0.029832,0.075705,-0.052773,1.219099,0.185219,2.307967
154.549000,0.028983,0.075193,-0.053821,1.220427,0.185205,2.308500
154.569000,0.027459,0.074985,-0.055031,1.222011,0.185140,2.309086
154.589000,0.026104,0.075167,-0.056412,1.223841,0.184986,2.309727
154.609000,0.024685,0.076022,-0.057609,1.225901,0.184770,2.310456
154.629000,0.023510,0.077091,-0.059146,1.228208,0.184469,2.311278
154.649000,0.022551,0.077945,-0.060570,1.230732,0.184077,2.312141
154.669000,0.021889,0.078387,-0.061994,1.233465,0.183640,2.313051
154.689000,0.020659,0.078539,-0.063269,1.236375,0.183132,2.313986
154.709000,0.019973,0.078255,-0.064605,1.239496,0.182612,2.314969
154.729000,0.019187,0.078065,-0.065822,1.242795,0.182041,2.315992
154.749000,0.018014,0.077409,-0.067186,1.246283,0.181414,2.316941
154.769000,0.017460,0.076523,-0.068314,1.249947,0.180750,2.317898
154.789000,0.017609,0.075888,-0.069184,1.253804,0.180027,2.318816
154.809000,0.017350,0.074421,-0.070056,1.257803,0.179272,2.319671
154.829000,0.017251,0.072541,-0.070489,1.261957,0.178482,2.320465
154.849000,0.017188,0.070896,-0.071030,1.266289,0.177650,2.321280
154.869000,0.017240,0.069057,-0.071482,1.270817,0.176782,2.322101
154.889000,0.018034,0.067685,-0.071719,1.275450,0.175869,2.322950
154.909000,0.018920,0.066109,-0.072178,1.280280,0.174933,2.323770
154.929000,0.019525,0.064645,-0.072710,1.285253,0.173951,2.324577
154.949000,0.020349,0.062837,-0.072839,1.290349,0.172918,2.325366
154.969000,0.021279,0.060371,-0.072985,1.295553,0.171880,2.326091
154.989000,0.021578,0.057364,-0.072854,1.300836,0.170816,2.326739
155.009000,0.021737,0.054545,-0.072743,1.306227,0.169739,2.327375
155.029000,0.022228,0.052044,-0.072608,1.311724,0.168661,2.327989
155.049000,0.022263,0.049582,-0.072083,1.317295,0.167512,2.328587
155.069000,0.022361,0.046558,-0.071320,1.322926,0.166346,2.329143
155.089000,0.022364,0.043090,-0.070392,1.328634,0.165191,2.329627
155.109000,0.021373,0.039811,-0.069054,1.334356,0.164018,2.330005
155.129000,0.020341,0.036362,-0.067776,1.340109,0.162861,2.330345
155.149000,0.018977,0.032382,-0.066380,1.345871,0.161676,2.330633
155.169000,0.017643,0.028239,-0.064724,1.351633,0.160499,2.330882
155.189000,0.016051,0.024144,-0.063221,1.357376,0.159338,2.331113
155.209000,0.013891,0.020414,-0.061609,1.363063,0.158187,2.331285
155.229000,0.011904,0.016094,-0.059978,1.368716,0.157032,2.331433
155.249000,0.010314,0.011920,-0.058202,1.374329,0.155914,2.331559
155.269000,0.008344,0.008012,-0.056309,1.379879,0.154798,2.331686
155.289000,0.006383,0.004130,-0.054249,1.385338,0.153681,2.331769
155.309000,0.005351,0.000444,-0.052299,1.390721,0.152534,2.331839
155.329000,0.005278,-0.003322,-0.050591,1.396047,0.151395,2.331929
155.349000,0.005436,-0.006049,-0.048637,1.401236,0.150267,2.332000
155.369000,0.005018,-0.008579,-0.046599,1.406314,0.149188,2.332053
155.389000,0.004171,-0.011563,-0.044894,1.411261,0.148167,2.332090
155.409000,0.003938,-0.014130,-0.043021,1.416068,0.147173,2.332114
155.429000,0.003606,-0.016439,-0.041113,1.420773,0.146204,2.332156
155.449000,0.003325,-0.017627,-0.039519,1.425324,0.145236,2.332206
155.469000,0.003543,-0.018342,-0.038002,1.429726,0.144288,2.332301
155.489000,0.003996,-0.019236,-0.036297,1.433965,0.143340,2.332483
155.509000,0.005303,-0.020286,-0.034504,1.438041,0.142463,2.332625
155.529000,0.005630,-0.020800,-0.032834,1.441916,0.141619,2.332800
155.549000,0.005733,-0.021260,-0.031244,1.445608,0.140800,2.332917
155.569000,0.006112,-0.021768,-0.029570,1.449138,0.139982,2.333062
155.589000,0.007375,-0.022056,-0.027777,1.452517,0.139208,2.333219
155.609000,0.007887,-0.021902,-0.026279,1.455759,0.138388,2.333426
155.629000,0.008912,-0.020757,-0.024939,1.458836,0.137585,2.333696
155.649000,0.010468,-0.019024,-0.023436,1.461732,0.136779,2.334011
155.669000,0.011489,-0.017723,-0.021829,1.464410,0.135956,2.334311
155.689000,0.012258,-0.017492,-0.020480,1.466909,0.135202,2.334582
155.709000,0.013092,-0.017109,-0.019142,1.469246,0.134447,2.334859
155.729000,0.013231,-0.016200,-0.017689,1.471425,0.133679,2.335146
155.749000,0.013842,-0.014919,-0.016595,1.473453,0.132933,2.335475
155.769000,0.014512,-0.013749,-0.015626,1.475304,0.132159,2.335799
155.789000,0.015042,-0.013209,-0.014799,1.476991,0.131375,2.336111
155.809000,0.015854,-0.012804,-0.013852,1.478508,0.130579,2.336395
155.829000,0.016062,-0.012552,-0.012736,1.479858,0.129758,2.336689
155.849000,0.016467,-0.012059,-0.011724,1.481072,0.128956,2.336977
155.869000,0.016096,-0.011371,-0.010927,1.482152,0.128151,2.337215
155.889000,0.015497,-0.010693,-0.010129,1.483140,0.127320,2.337540
155.909000,0.015599,-0.009398,-0.009226,1.484006,0.126479,2.337856
155.929000,0.015269,-0.007753,-0.008425,1.484727,0.125608,2.338186
155.949000,0.014514,-0.006447,-0.007963,1.485331,0.124766,2.338529
155.969000,0.013921,-0.005357,-0.007079,1.485798,0.123868,2.338807
155.989000,0.013571,-0.004941,-0.006655,1.486143,0.123004,2.339120
156.009000,0.012960,-0.003904,-0.006275,1.486392,0.122116,2.339485
156.029000,0.012319,-0.002287,-0.005528,1.486516,0.121213,2.339769
156.049000,0.011082,-0.001008,-0.005087,1.486557,0.120291,2.340065
156.069000,0.010475,0.000124,-0.004606,1.486499,0.119352,2.340327
156.089000,0.010049,0.000967,-0.004092,1.486311,0.118412,2.340537
156.109000,0.008767,0.001225,-0.003665,1.486039,0.117472,2.340721
156.129000,0.008804,0.001425,-0.003143,1.485669,0.116538,2.340849
156.149000,0.008387,0.001631,-0.002599,1.485199,0.115613,2.340973
156.169000,0.007684,0.001875,-0.002063,1.484658,0.114688,2.341102
156.189000,0.007050,0.002379,-0.001454,1.484026,0.113771,2.341158
156.209000,0.006361,0.002286,-0.001029,1.483327,0.112884,2.341253
156.229000,0.006117,0.002532,-0.000700,1.482515,0.111977,2.341277
156.249000,0.006170,0.001633,-0.000336,1.481621,0.111070,2.341323
156.269000,0.006232,0.000677,-0.000237,1.480629,0.110159,2.341368
156.289000,0.006698,-0.000312,-0.000093,1.479547,0.109271,2.341423
156.309000,0.006563,-0.001588,-0.000079,1.478390,0.108428,2.341502
156.329000,0.006287,-0.002989,0.000016,1.477151,0.107593,2.341585
156.349000,0.006355,-0.004224,0.000181,1.475830,0.106799,2.341733
156.369000,0.005754,-0.005429,0.000188,1.474458,0.106044,2.341927
156.389000,0.005070,-0.006217,0.000013,1.473014,0.105314,2.342173
156.409000,0.004689,-0.006790,-0.000327,1.471546,0.104612,2.342504
156.429000,0.004041,-0.006633,-0.000611,1.470006,0.103908,2.342883
156.449000,0.003592,-0.005849,-0.000801,1.468385,0.103226,2.343285
156.469000,0.003454,-0.004649,-0.000947,1.466701,0.102612,2.343723
156.489000,0.002383,-0.003349,-0.001257,1.464973,0.102035,2.344189
156.509000,0.000525,-0.001619,-0.001555,1.463163,0.101486,2.344697
156.529000,-0.000428,0.000133,-0.001922,1.461305,0.100952,2.345238
156.549000,-0.000361,0.001668,-0.002258,1.459375,0.100435,2.345804
156.569000,-0.000502,0.002728,-0.002718,1.457391,0.099937,2.346381
156.589000,-0.000851,0.003844,-0.003027,1.455355,0.099463,2.346973
156.609000,-0.000708,0.005627,-0.003475,1.453225,0.099026,2.347658
156.629000,-0.000519,0.007000,-0.003978,1.451095,0.098608,2.348270
156.649000,-0.000762,0.008014,-0.004293,1.448956,0.098209,2.348932
156.669000,-0.000605,0.009618,-0.004917,1.446778,0.097828,2.349680
156.689000,0.000124,0.011692,-0.005439,1.444544,0.097515,2.350435
156.709000,0.001227,0.013322,-0.005978,1.442261,0.097157,2.351158
156.729000,0.002364,0.013361,-0.006169,1.439964,0.096774,2.351807
156.749000,0.003639,0.013752,-0.006415,1.437668,0.096467,2.352480
156.769000,0.004379,0.014711,-0.006833,1.435362,0.096193,2.353130
156.789000,0.004171,0.015635,-0.006955,1.433031,0.095910,2.353770
156.809000,0.004206,0.016472,-0.006992,1.430723,0.095685,2.354402
156.829000,0.004788,0.017443,-0.007227,1.428465,0.095466,2.355000
156.849000,0.005358,0.018734,-0.007109,1.426198,0.095227,2.355577
156.869000,0.006075,0.019794,-0.007191,1.423952,0.095014,2.356128
156.889000,0.007051,0.020588,-0.007313,1.421714,0.094827,2.356611
156.909000,0.007431,0.021377,-0.007255,1.419470,0.094638,2.357050
156.929000,0.007657,0.021829,-0.007296,1.417210,0.094525,2.357386
156.949000,0.007575,0.021869,-0.007191,1.414975,0.094457,2.357627
156.969000,0.007343,0.021985,-0.006987,1.412744,0.094437,2.357916
156.989000,0.006473,0.022101,-0.006720,1.410580,0.094517,2.358062
157.009000,0.004814,0.022773,-0.006502,1.408432,0.094583,2.358166
157.029000,0.003363,0.023490,-0.006132,1.406304,0.094671,2.358298
157.049000,0.002487,0.023765,-0.005730,1.404202,0.094782,2.358420
157.069000,0.001556,0.023706,-0.005435,1.402146,0.094865,2.358520
157.089000,0.001358,0.023811,-0.004976,1.400083,0.094983,2.358581
157.109000,0.001276,0.023435,-0.004285,1.398050,0.095121,2.358640
157.129000,0.000482,0.022985,-0.003689,1.395999,0.095321,2.358597
157.149000,-0.000054,0.022530,-0.002990,1.393993,0.095577,2.358575
157.169000,-0.000438,0.022483,-0.002273,1.392008,0.095865,2.358500
157.189000,-0.000665,0.022369,-0.001673,1.390035,0.096169,2.358392
157.209000,-0.000409,0.021768,-0.000968,1.388076,0.096471,2.358247
157.229000,-0.000039,0.020915,-0.000290,1.386166,0.096844,2.358088
157.249000,-0.000678,0.020573,0.000463,1.384252,0.097271,2.357872
157.269000,-0.000964,0.020113,0.001091,1.382344,0.097778,2.357592
157.289000,-0.001279,0.019624,0.001909,1.380472,0.098297,2.357323
157.309000,-0.001137,0.019489,0.002559,1.378603,0.098872,2.356983
157.329000,-0.001244,0.019441,0.003317,1.376753,0.099496,2.356650
157.349000,-0.001458,0.019418,0.003992,1.374935,0.100153,2.356340
157.369000,-0.001337,0.019882,0.004790,1.373096,0.100838,2.355970
157.389000,-0.001288,0.019961,0.005453,1.371296,0.101553,2.355539
157.409000,-0.001148,0.020026,0.006250,1.369499,0.102358,2.355076
157.429000,-0.001018,0.020372,0.007049,1.367709,0.103206,2.354612
157.449000,-0.001335,0.020950,0.007902,1.365939,0.104080,2.354086
157.469000,-0.001405,0.021548,0.008689,1.364185,0.105016,2.353523
157.489000,-0.001494,0.022170,0.009285,1.362457,0.106004,2.352981
157.509000,-0.001450,0.023144,0.009858,1.360756,0.107036,2.352466
157.529000,-0.001441,0.023871,0.010455,1.359084,0.108075,2.351896
157.549000,-0.001214,0.024614,0.011001,1.357396,0.109201,2.351357
157.569000,-0.001030,0.024961,0.011588,1.355759,0.110379,2.350785
157.589000,-0.001623,0.025458,0.012181,1.354136,0.111654,2.350208
157.609000,-0.002134,0.026249,0.012602,1.352545,0.112943,2.349628
157.629000,-0.002222,0.026960,0.013111,1.351010,0.114285,2.349111
157.649000,-0.002018,0.027734,0.013379,1.349505,0.115657,2.348708
157.669000,-0.001924,0.028571,0.013525,1.348078,0.117094,2.348214
157.669000,-0.001924,0.028571,0.013525,1.348078,0.117094,2.348214
157.709000,-0.001188,0.031055,0.013917,1.345306,0.120021,2.347347
157.729000,-0.000315,0.032175,0.013988,1.343986,0.121566,2.347007
157.749000,0.000024,0.033312,0.014241,1.342758,0.123137,2.346639
157.769000,0.000243,0.034834,0.014400,1.341556,0.124760,2.346314
157.789000,0.000520,0.035716,0.014515,1.340401,0.126451,2.345995
157.809000,0.000613,0.036217,0.014507,1.339296,0.128162,2.345693
157.829000,0.000826,0.036740,0.014590,1.338254,0.129923,2.345378
157.849000,0.000808,0.037562,0.014450,1.337306,0.131683,2.345058
157.869000,0.001667,0.038509,0.014178,1.336396,0.133465,2.344801
157.889000,0.002604,0.038977,0.014057,1.335577,0.135216,2.344562
157.909000,0.003724,0.039256,0.013821,1.334844,0.137049,2.344317
157.929000,0.004160,0.039945,0.013698,1.334141,0.138885,2.344112
157.949000,0.004977,0.040282,0.013363,1.333523,0.140765,2.343950
157.969000,0.005675,0.040264,0.013078,1.332982,0.142669,2.343785
157.989000,0.006249,0.040366,0.012767,1.332510,0.144578,2.343640
158.009000,0.006668,0.040730,0.012458,1.332142,0.146504,2.343523
158.029000,0.006889,0.041349,0.012007,1.331860,0.148419,2.343394
158.049000,0.007951,0.041829,0.011499,1.331644,0.150373,2.343273
158.069000,0.008801,0.041784,0.010999,1.331529,0.152276,2.343131
158.089000,0.009888,0.041903,0.010666,1.331438,0.154193,2.342999
158.109000,0.010907,0.041115,0.010241,1.331405,0.156110,2.342857
158.129000,0.011939,0.040115,0.009756,1.331424,0.158030,2.342717
158.149000,0.013077,0.039021,0.009417,1.331490,0.159951,2.342615
158.169000,0.013969,0.037604,0.008775,1.331627,0.161841,2.342513
158.189000,0.014845,0.036377,0.008176,1.331814,0.163701,2.342410
158.209000,0.016095,0.034642,0.007402,1.332057,0.165565,2.342319
158.229000,0.017245,0.033165,0.006289,1.332347,0.167413,2.342288
158.249000,0.018431,0.032124,0.005475,1.332682,0.169222,2.342260
158.269000,0.019327,0.030792,0.004505,1.333061,0.170986,2.342230
158.289000,0.020459,0.029338,0.003517,1.333525,0.172726,2.342282
158.309000,0.021599,0.028543,0.002431,1.334049,0.174438,2.342360
158.329000,0.022711,0.028607,0.001141,1.334625,0.176076,2.342505
158.349000,0.024056,0.029065,-0.000139,1.335286,0.177608,2.342701
158.369000,0.025621,0.029757,-0.001352,1.335981,0.179100,2.342962
158.389000,0.026925,0.030347,-0.002705,1.336709,0.180545,2.343250
158.409000,0.028033,0.030699,-0.003958,1.337458,0.181926,2.343537
158.429000,0.028845,0.030559,-0.005131,1.338233,0.183285,2.343834
158.449000,0.029321,0.030712,-0.006392,1.339044,0.184580,2.344142
158.469000,0.029458,0.031082,-0.007595,1.339914,0.185828,2.344480
158.489000,0.029288,0.031709,-0.009088,1.340823,0.187003,2.344827
158.509000,0.029091,0.032360,-0.010291,1.341744,0.188095,2.345136
158.529000,0.028967,0.032562,-0.011532,1.342711,0.189103,2.345389
158.549000,0.029216,0.032614,-0.012803,1.343703,0.190047,2.345652
158.569000,0.029402,0.032630,-0.013650,1.344703,0.190914,2.345921
158.589000,0.029489,0.032034,-0.014558,1.345761,0.191693,2.346108
158.609000,0.029814,0.031847,-0.015463,1.346850,0.192415,2.346358
158.629000,0.029722,0.031970,-0.016102,1.347991,0.193056,2.346578
158.649000,0.029528,0.032133,-0.016947,1.349191,0.193601,2.346792
158.669000,0.029565,0.032383,-0.017622,1.350400,0.194058,2.346971
158.689000,0.030223,0.032144,-0.018425,1.351648,0.194459,2.347125
158.709000,0.030635,0.031642,-0.019046,1.352935,0.194768,2.347266
158.729000,0.030793,0.031552,-0.019518,1.354206,0.194997,2.347356
158.749000,0.030726,0.031019,-0.019894,1.355502,0.195151,2.347416
158.769000,0.030409,0.030332,-0.020200,1.356843,0.195265,2.347419
158.789000,0.029894,0.029987,-0.020635,1.358203,0.195290,2.347354
158.809000,0.029641,0.029378,-0.021022,1.359603,0.195239,2.347279
158.829000,0.029528,0.028965,-0.021275,1.361041,0.195102,2.347190
158.849000,0.029244,0.028795,-0.021928,1.362518,0.194867,2.347076
158.869000,0.029219,0.029086,-0.022179,1.363998,0.194539,2.346945
158.889000,0.029433,0.029096,-0.022532,1.365501,0.194109,2.346765
158.909000,0.029839,0.028507,-0.022941,1.366994,0.193651,2.346545
158.929000,0.029813,0.027988,-0.023256,1.368501,0.193142,2.346330
158.949000,0.029208,0.027811,-0.023541,1.370045,0.192549,2.346044
158.969000,0.028610,0.027537,-0.023943,1.371610,0.191950,2.345773
158.989000,0.027944,0.027713,-0.024240,1.373164,0.191261,2.345516
159.009000,0.027218,0.027594,-0.024756,1.374773,0.190479,2.345149
159.029000,0.026235,0.027244,-0.024966,1.376350,0.189637,2.344808
159.049000,0.026038,0.026886,-0.025281,1.377938,0.188725,2.344474
159.069000,0.025302,0.026085,-0.025413,1.379545,0.187728,2.344134
159.089000,0.024727,0.025753,-0.025522,1.381177,0.186665,2.343785
159.109000,0.024528,0.025895,-0.025695,1.382833,0.185556,2.343494
159.129000,0.024251,0.026170,-0.026027,1.384508,0.184351,2.343240
159.149000,0.024181,0.026152,-0.026157,1.386168,0.183076,2.342957
159.169000,0.024602,0.025735,-0.026256,1.387879,0.181741,2.342712
159.189000,0.024999,0.026139,-0.026225,1.389569,0.180331,2.342480
159.209000,0.024957,0.026430,-0.025936,1.391242,0.178861,2.342247
159.229000,0.025168,0.025760,-0.025710,1.392911,0.177325,2.341988
159.249000,0.025246,0.024934,-0.025247,1.394562,0.175729,2.341721
159.269000,0.024907,0.024277,-0.024988,1.396206,0.174089,2.341484
159.289000,0.024690,0.023760,-0.024501,1.397867,0.172371,2.341319
159.309000,0.024535,0.023347,-0.024030,1.399508,0.170612,2.341252
159.329000,0.024031,0.023080,-0.023903,1.401164,0.168787,2.341192
159.349000,0.023952,0.022711,-0.023647,1.402769,0.166880,2.341169
159.369000,0.024302,0.021581,-0.023237,1.404334,0.164923,2.341129
159.389000,0.024348,0.019937,-0.022806,1.405875,0.162881,2.341165
159.409000,0.024619,0.018923,-0.022114,1.407393,0.160818,2.341143
159.429000,0.023836,0.017775,-0.021550,1.408875,0.158719,2.341114
159.449000,0.023219,0.016706,-0.020908,1.410333,0.156604,2.341123
159.469000,0.022246,0.015721,-0.020102,1.411760,0.154468,2.341106
159.489000,0.020637,0.014712,-0.019319,1.413178,0.152312,2.341100
159.509000,0.019347,0.014330,-0.018652,1.414541,0.150103,2.341049
159.529000,0.018170,0.013386,-0.018053,1.415850,0.147842,2.341013
159.549000,0.017229,0.012303,-0.017305,1.417116,0.145492,2.340991
159.569000,0.016997,0.011739,-0.016445,1.418349,0.143115,2.340979
159.589000,0.015740,0.011299,-0.015696,1.419535,0.140705,2.340928
159.609000,0.014932,0.011043,-0.014557,1.420677,0.138280,2.340921
159.629000,0.014542,0.010750,-0.013624,1.421769,0.135862,2.340950
159.649000,0.013191,0.010677,-0.012652,1.422783,0.133439,2.340926
159.669000,0.011983,0.010354,-0.011556,1.423722,0.130996,2.340890
159.689000,0.011479,0.009573,-0.010491,1.424619,0.128483,2.340866
159.709000,0.010806,0.008819,-0.009479,1.425456,0.125961,2.340868
159.729000,0.010559,0.008568,-0.008483,1.426253,0.123407,2.340892
159.749000,0.010253,0.008617,-0.007581,1.426995,0.120829,2.340990
159.769000,0.010285,0.008330,-0.006539,1.427689,0.118246,2.341112
159.789000,0.010010,0.007806,-0.005378,1.428322,0.115680,2.341251
159.809000,0.009098,0.007597,-0.004113,1.428900,0.113150,2.341429
159.829000,0.007510,0.007665,-0.002936,1.429422,0.110617,2.341605
159.849000,0.006326,0.008267,-0.001774,1.429918,0.108141,2.341786
159.869000,0.004480,0.008850,-0.000505,1.430379,0.105687,2.341928
159.889000,0.002462,0.009718,0.000626,1.430787,0.103236,2.342095
159.909000,0.001298,0.010537,0.001729,1.431180,0.100845,2.342269
159.929000,-0.000614,0.011496,0.002755,1.431513,0.098458,2.342393
159.949000,-0.002625,0.012465,0.003704,1.431780,0.096118,2.342544
159.969000,-0.003540,0.012804,0.004379,1.432022,0.093817,2.342726
159.989000,-0.004514,0.013424,0.004964,1.432206,0.091529,2.342872
160.009000,-0.005790,0.014128,0.005610,1.432351,0.089317,2.343052
160.029000,-0.006490,0.014311,0.006268,1.432448,0.087131,2.343224
160.049000,-0.007099,0.014201,0.006772,1.432507,0.085047,2.343407
160.069000,-0.008635,0.014343,0.007185,1.432522,0.083014,2.343598
160.089000,-0.009817,0.014448,0.007629,1.432505,0.081050,2.343807
160.109000,-0.010832,0.014131,0.007916,1.432477,0.079160,2.344049
160.129000,-0.012498,0.013585,0.007961,1.432388,0.077346,2.344295
160.149000,-0.013760,0.013292,0.007889,1.432279,0.075623,2.344581
160.169000,-0.014790,0.013129,0.007615,1.432158,0.073959,2.344884
160.189000,-0.015751,0.012773,0.007291,1.432026,0.072339,2.345164
160.209000,-0.015874,0.012815,0.006743,1.431882,0.070779,2.345516
160.229000,-0.015564,0.012868,0.006340,1.431724,0.069290,2.345893
160.249000,-0.015974,0.012779,0.005695,1.431529,0.067892,2.346282
160.269000,-0.016148,0.012823,0.005004,1.431307,0.066601,2.346690
160.289000,-0.016471,0.012715,0.004483,1.431031,0.065412,2.347112
160.309000,-0.016901,0.011990,0.003756,1.430750,0.064349,2.347536
160.329000,-0.017913,0.011521,0.002830,1.430442,0.063420,2.347954
160.349000,-0.019911,0.011291,0.001829,1.430090,0.062563,2.348383
160.369000,-0.020379,0.011097,0.000525,1.429725,0.061831,2.348848
160.389000,-0.020568,0.010991,-0.000968,1.429342,0.061177,2.349305
160.409000,-0.021223,0.010598,-0.002683,1.428947,0.060610,2.349787
160.429000,-0.021158,0.010602,-0.004433,1.428527,0.060141,2.350291
160.449000,-0.020561,0.010781,-0.006318,1.428051,0.059783,2.350776
160.469000,-0.020982,0.010706,-0.008139,1.427558,0.059548,2.351195
160.489000,-0.021363,0.010981,-0.010110,1.427012,0.059440,2.351613
160.509000,-0.020682,0.011088,-0.012147,1.426468,0.059475,2.351996
160.529000,-0.021204,0.010732,-0.014003,1.425890,0.059634,2.352303
160.549000,-0.022391,0.011065,-0.016144,1.425294,0.059926,2.352598
160.569000,-0.023101,0.011887,-0.018434,1.424668,0.060362,2.352819
160.589000,-0.024538,0.012487,-0.020525,1.424042,0.060898,2.353016
160.609000,-0.024836,0.013269,-0.022827,1.423421,0.061597,2.353176
160.629000,-0.024916,0.014496,-0.025057,1.422775,0.062401,2.353284
160.649000,-0.025832,0.015815,-0.027402,1.422086,0.063316,2.353391
160.669000,-0.025811,0.016691,-0.029877,1.421399,0.064385,2.353465
160.689000,-0.025487,0.017176,-0.032238,1.420682,0.065587,2.353484
160.709000,-0.025536,0.017888,-0.034575,1.419988,0.066879,2.353489
160.729000,-0.024531,0.018847,-0.036888,1.419303,0.068258,2.353559
160.749000,-0.023078,0.019994,-0.039277,1.418654,0.069754,2.353628
160.769000,-0.022780,0.021238,-0.041613,1.417989,0.071359,2.353716
160.789000,-0.021352,0.022230,-0.044029,1.417364,0.073067,2.353837
160.809000,-0.019203,0.022914,-0.046205,1.416739,0.074863,2.353961
160.829000,-0.017706,0.023696,-0.048727,1.416120,0.076752,2.354140
160.849000,-0.015818,0.024796,-0.051227,1.415533,0.078722,2.354326
160.869000,-0.013316,0.025747,-0.053711,1.414982,0.080791,2.354543
160.889000,-0.011127,0.026506,-0.056105,1.414466,0.082932,2.354773
160.909000,-0.009060,0.027565,-0.058322,1.413958,0.085140,2.355050
160.929000,-0.006490,0.027722,-0.060244,1.413468,0.087370,2.355359
160.949000,-0.002916,0.027344,-0.062197,1.412989,0.089654,2.355698
160.969000,-0.000228,0.027370,-0.064071,1.412569,0.092001,2.356067
160.989000,0.001827,0.027566,-0.066012,1.412165,0.094386,2.356449
161.009000,0.004102,0.027382,-0.067623,1.411770,0.096767,2.356867
161.029000,0.006613,0.025993,-0.069442,1.411433,0.099179,2.357274
161.049000,0.009055,0.024902,-0.071174,1.411137,0.101594,2.357733
161.069000,0.011149,0.024290,-0.072725,1.410850,0.104013,2.358181
161.089000,0.012722,0.023482,-0.073947,1.410606,0.106410,2.358657
161.109000,0.014471,0.022307,-0.075127,1.410400,0.108855,2.359084
161.129000,0.015484,0.021084,-0.076176,1.410206,0.111276,2.359486
161.149000,0.016129,0.019728,-0.076884,1.410015,0.113673,2.359887
161.169000,0.017091,0.018590,-0.077733,1.409831,0.116096,2.360289
161.189000,0.017300,0.016999,-0.078631,1.409688,0.118466,2.360709
161.209000,0.017694,0.015496,-0.079193,1.409549,0.120774,2.361107
161.229000,0.018335,0.014287,-0.079789,1.409387,0.123060,2.361473
161.249000,0.018535,0.012776,-0.080421,1.409239,0.125265,2.361819
161.269000,0.019488,0.011243,-0.081004,1.409081,0.127436,2.362149
161.289000,0.020092,0.009510,-0.081400,1.408905,0.129546,2.362453
161.309000,0.020332,0.007734,-0.081605,1.408754,0.131635,2.362741
161.329000,0.020507,0.006376,-0.081797,1.408573,0.133682,2.363036
161.349000,0.020058,0.005172,-0.081765,1.408320,0.135699,2.363278
161.369000,0.019897,0.003140,-0.081461,1.408074,0.137670,2.363455
161.389000,0.020025,0.001445,-0.081209,1.407775,0.139594,2.363643
161.409000,0.019625,-0.000095,-0.080951,1.407446,0.141428,2.363794
161.429000,0.019537,-0.001478,-0.080519,1.407119,0.143190,2.363886
161.449000,0.020193,-0.002513,-0.079996,1.406735,0.144915,2.363895
161.469000,0.021089,-0.003116,-0.079878,1.406334,0.146614,2.363914
161.489000,0.020830,-0.003249,-0.079502,1.405887,0.148250,2.363853
161.509000,0.020318,-0.003093,-0.079089,1.405379,0.149765,2.363717
161.529000,0.020817,-0.003104,-0.078688,1.404887,0.151241,2.363498
161.549000,0.022059,-0.002953,-0.078240,1.404388,0.152655,2.363187
161.569000,0.023108,-0.002160,-0.077897,1.403823,0.153946,2.362864
161.589000,0.023920,-0.001006,-0.077490,1.403229,0.155157,2.362519
161.612000,0.025113,0.000873,-0.076977,1.402484,0.156460,2.362061
161.629000,0.026131,0.002428,-0.076761,1.401907,0.157303,2.361712
161.649000,0.027624,0.004322,-0.076347,1.401124,0.158231,2.361274
161.669000,0.028878,0.004856,-0.076259,1.400292,0.159035,2.360863
161.689000,0.030789,0.004521,-0.075990,1.399445,0.159717,2.360447
161.709000,0.032732,0.004780,-0.075554,1.398551,0.160339,2.360000
161.729000,0.033720,0.005267,-0.075233,1.397608,0.160872,2.359589
161.749000,0.034718,0.005702,-0.074899,1.396628,0.161342,2.359194
161.769000,0.035018,0.005733,-0.074010,1.395607,0.161731,2.358801
161.789000,0.034731,0.005821,-0.073328,1.394512,0.162046,2.358512
161.809000,0.034918,0.005964,-0.072791,1.393390,0.162258,2.358174
161.829000,0.034731,0.005846,-0.071795,1.392240,0.162358,2.357812
161.849000,0.034316,0.005610,-0.071189,1.391083,0.162354,2.357442
161.869000,0.034046,0.005732,-0.070313,1.389888,0.162272,2.357014
161.889000,0.032904,0.005461,-0.069267,1.388639,0.162095,2.356599
161.909000,0.031720,0.005120,-0.068496,1.387395,0.161883,2.356231
161.929000,0.029828,0.005084,-0.067529,1.386099,0.161631,2.355873
161.949000,0.026774,0.005239,-0.066560,1.384749,0.161319,2.355557
161.969000,0.023917,0.005361,-0.065815,1.383375,0.160982,2.355317
161.989000,0.020480,0.005064,-0.064837,1.381965,0.160587,2.355110
162.009000,0.017299,0.004971,-0.064099,1.380504,0.160135,2.354916
162.029000,0.014575,0.004938,-0.063331,1.379037,0.159661,2.354788
162.049000,0.011055,0.005064,-0.062517,1.377543,0.159133,2.354763
162.069000,0.007734,0.005217,-0.061930,1.376054,0.158565,2.354740
162.089000,0.005410,0.005300,-0.061122,1.374566,0.157966,2.354755
162.109000,0.003781,0.005780,-0.060131,1.373029,0.157314,2.354798
162.129000,0.002348,0.006521,-0.059039,1.371470,0.156668,2.354846
162.149000,0.000495,0.007277,-0.058070,1.369883,0.156042,2.354907
162.169000,-0.001474,0.007815,-0.056873,1.368240,0.155422,2.354983
162.189000,-0.002978,0.007656,-0.055555,1.366597,0.154825,2.355039
162.209000,-0.004117,0.007663,-0.054415,1.364929,0.154322,2.355166
162.229000,-0.005741,0.007841,-0.053071,1.363252,0.153835,2.355368
162.249000,-0.007384,0.008169,-0.051910,1.361589,0.153339,2.355630
162.269000,-0.008289,0.008458,-0.050827,1.359907,0.152904,2.355928
162.289000,-0.008934,0.008765,-0.049670,1.358236,0.152492,2.356309
162.309000,-0.009456,0.009364,-0.048619,1.356563,0.152128,2.356724
162.329000,-0.009600,0.010020,-0.047596,1.354907,0.151778,2.357230
162.349000,-0.009244,0.010928,-0.046430,1.353241,0.151506,2.357806
162.369000,-0.009120,0.012356,-0.045077,1.351586,0.151316,2.358402
162.389000,-0.009332,0.014035,-0.043729,1.349953,0.151172,2.359023
162.409000,-0.009381,0.015712,-0.042458,1.348342,0.151146,2.359689
162.429000,-0.009891,0.017316,-0.041085,1.346777,0.151196,2.360365
162.449000,-0.010649,0.019371,-0.039749,1.345242,0.151308,2.361022
162.469000,-0.011062,0.021461,-0.038410,1.343765,0.151493,2.361711
162.489000,-0.011004,0.023584,-0.037355,1.342333,0.151727,2.362452
162.509000,-0.010760,0.025706,-0.036177,1.340937,0.152016,2.363190
162.529000,-0.010071,0.027887,-0.035252,1.339567,0.152381,2.364005
162.549000,-0.009557,0.029446,-0.034083,1.338222,0.152752,2.364836
162.569000,-0.008120,0.030252,-0.032924,1.336932,0.153198,2.365670
162.589000,-0.006722,0.030857,-0.031499,1.335717,0.153726,2.366518
162.609000,-0.006204,0.031764,-0.030347,1.334554,0.154342,2.367358
162.629000,-0.005613,0.032579,-0.028892,1.333461,0.155066,2.368196
162.649000,-0.005903,0.033023,-0.027476,1.332444,0.155889,2.368984
162.669000,-0.006451,0.033465,-0.026018,1.331486,0.156776,2.369716
162.689000,-0.006169,0.033429,-0.024616,1.330632,0.157698,2.370357
162.709000,-0.005437,0.033412,-0.023193,1.329843,0.158626,2.370912
162.729000,-0.004157,0.033044,-0.021993,1.329123,0.159595,2.371458
162.749000,-0.003034,0.032165,-0.020718,1.328495,0.160588,2.371873
162.769000,-0.001878,0.031455,-0.019591,1.327930,0.161627,2.372214
162.789000,-0.001019,0.030691,-0.018428,1.327429,0.162659,2.372463
162.809000,0.000295,0.029645,-0.017476,1.327015,0.163720,2.372638
162.829000,0.001786,0.028330,-0.016363,1.326723,0.164825,2.372763
162.849000,0.003018,0.027517,-0.015257,1.326521,0.165946,2.372834
162.869000,0.003889,0.027288,-0.014323,1.326359,0.167073,2.372921
162.889000,0.005392,0.026979,-0.013483,1.326269,0.168220,2.373033
162.909000,0.007076,0.026679,-0.012891,1.326220,0.169369,2.373133
162.929000,0.008165,0.025793,-0.012121,1.326227,0.170504,2.373182
162.949000,0.009355,0.024567,-0.011421,1.326312,0.171638,2.373197
162.969000,0.010220,0.023172,-0.010741,1.326423,0.172780,2.373171
162.989000,0.010854,0.021802,-0.010088,1.326600,0.173957,2.373075
163.009000,0.011238,0.020580,-0.009258,1.326818,0.175147,2.372984
163.029000,0.010775,0.019263,-0.008429,1.327116,0.176316,2.372849
163.049000,0.010558,0.018339,-0.007764,1.327450,0.177466,2.372709
163.069000,0.011158,0.017488,-0.007091,1.327854,0.178588,2.372532
163.089000,0.011795,0.016861,-0.006512,1.328343,0.179658,2.372383
163.109000,0.012478,0.016477,-0.006073,1.328928,0.180656,2.372209
163.129000,0.014046,0.017061,-0.005901,1.329573,0.181588,2.372041
163.149000,0.016560,0.018514,-0.005736,1.330296,0.182444,2.371789
163.169000,0.018636,0.020627,-0.005939,1.331096,0.183239,2.371546
163.189000,0.020820,0.023420,-0.005905,1.331955,0.183938,2.371307
163.209000,0.023596,0.026684,-0.005832,1.332896,0.184651,2.371127
163.229000,0.025756,0.030385,-0.006127,1.333955,0.185365,2.371043
163.249000,0.026425,0.035006,-0.006449,1.335069,0.186076,2.370991
163.269000,0.025537,0.039973,-0.007175,1.336241,0.186745,2.370985
163.289000,0.024781,0.044149,-0.007747,1.337494,0.187372,2.370975
163.309000,0.025619,0.046232,-0.008492,1.338865,0.187947,2.370982
163.329000,0.026272,0.048161,-0.009319,1.340317,0.188454,2.371007
163.349000,0.026112,0.050490,-0.010221,1.341838,0.188885,2.371099
163.369000,0.025949,0.052492,-0.011196,1.343496,0.189277,2.371211
163.389000,0.025649,0.054116,-0.012172,1.345242,0.189633,2.371325
163.409000,0.025257,0.055201,-0.013165,1.347084,0.189953,2.371482
163.429000,0.024471,0.055532,-0.014141,1.349021,0.190266,2.371638
163.449000,0.022904,0.055299,-0.014799,1.351030,0.190541,2.371816
163.469000,0.021801,0.054327,-0.016026,1.353150,0.190828,2.371962
163.489000,0.020021,0.052667,-0.016812,1.355341,0.191045,2.372054
163.509000,0.018422,0.050576,-0.017686,1.357618,0.191233,2.372171
163.529000,0.017071,0.048404,-0.018735,1.360060,0.191412,2.372327
163.549000,0.015694,0.046662,-0.019773,1.362619,0.191553,2.372522
163.569000,0.014622,0.045315,-0.020993,1.365287,0.191631,2.372728
163.589000,0.014536,0.043324,-0.022074,1.368058,0.191651,2.372897
163.609000,0.014501,0.040857,-0.022856,1.370866,0.191601,2.373015
163.629000,0.014780,0.038045,-0.023708,1.373737,0.191517,2.373082
163.649000,0.015251,0.034835,-0.024418,1.376635,0.191434,2.373114
163.669000,0.015426,0.031283,-0.025173,1.379577,0.191347,2.373144
163.689000,0.014869,0.027466,-0.025563,1.382574,0.191300,2.373181
163.709000,0.013718,0.023782,-0.026050,1.385577,0.191253,2.373231
163.729000,0.013083,0.019961,-0.026616,1.388601,0.191217,2.373215
163.749000,0.012486,0.015940,-0.026933,1.391658,0.191114,2.373140
163.769000,0.012331,0.012101,-0.027029,1.394736,0.190937,2.372973
163.789000,0.012992,0.008663,-0.027556,1.397799,0.190725,2.372751
163.809000,0.014454,0.005341,-0.027991,1.400890,0.190471,2.372493
163.829000,0.015952,0.002922,-0.028131,1.403925,0.190200,2.372175
163.849000,0.016695,0.000976,-0.028048,1.406881,0.189907,2.371835
163.869000,0.016437,-0.001391,-0.028107,1.409764,0.189651,2.371524
163.889000,0.015801,-0.004490,-0.027894,1.412610,0.189492,2.371216
163.909000,0.014516,-0.007173,-0.027719,1.415396,0.189363,2.370935
163.929000,0.012559,-0.009140,-0.027504,1.418070,0.189224,2.370578
163.949000,0.010448,-0.010355,-0.027243,1.420657,0.189050,2.370210
163.969000,0.009283,-0.011378,-0.027041,1.423158,0.188887,2.369809
163.989000,0.008866,-0.012427,-0.026859,1.425568,0.188715,2.369416
164.009000,0.007843,-0.013625,-0.026628,1.427900,0.188574,2.368993
164.029000,0.006939,-0.014550,-0.026398,1.430103,0.188447,2.368489
164.049000,0.006202,-0.015288,-0.026220,1.432208,0.188364,2.367998
164.069000,0.005313,-0.015319,-0.026349,1.434204,0.188376,2.367560
164.089000,0.002990,-0.015057,-0.026660,1.436031,0.188446,2.367048
164.109000,0.000877,-0.014591,-0.026676,1.437731,0.188555,2.366496
164.129000,-0.000208,-0.014333,-0.026605,1.439296,0.188662,2.365898
164.149000,-0.000573,-0.014692,-0.026456,1.440713,0.188782,2.365246
164.169000,-0.001885,-0.016032,-0.026311,1.442015,0.188957,2.364531
164.189000,-0.001816,-0.016769,-0.026049,1.443223,0.189191,2.363904
164.209000,-0.001676,-0.016755,-0.025965,1.444282,0.189505,2.363336
164.229000,-0.002238,-0.016172,-0.025896,1.445197,0.189833,2.362777
164.249000,-0.002597,-0.015013,-0.025725,1.445944,0.190181,2.362262
164.269000,-0.001673,-0.013876,-0.025462,1.446584,0.190610,2.361806
164.289000,-0.000646,-0.012660,-0.025038,1.447086,0.191073,2.361354
164.309000,-0.000730,-0.011512,-0.024645,1.447462,0.191587,2.360980
164.329000,-0.000109,-0.010403,-0.024077,1.447736,0.192192,2.360631
164.349000,0.000735,-0.009526,-0.023258,1.447864,0.192829,2.360283
164.369000,0.000734,-0.008964,-0.022752,1.447851,0.193524,2.360004
164.389000,0.001200,-0.008281,-0.021851,1.447705,0.194250,2.359739
164.409000,0.002490,-0.007341,-0.020930,1.447434,0.195005,2.359508
164.429000,0.003390,-0.006377,-0.020230,1.447080,0.195783,2.359331
164.449000,0.004253,-0.005222,-0.019825,1.446611,0.196545,2.359187
164.469000,0.006050,-0.004045,-0.019015,1.446041,0.197298,2.359126
164.489000,0.008715,-0.002652,-0.018124,1.445367,0.198071,2.359109
164.509000,0.010009,-0.001333,-0.017409,1.444569,0.198810,2.359128
164.529000,0.011828,-0.000724,-0.016160,1.443699,0.199565,2.359229
164.549000,0.014512,0.000009,-0.014936,1.442722,0.200300,2.359360
164.569000,0.015772,0.000484,-0.013501,1.441653,0.201038,2.359484
164.589000,0.017279,0.001085,-0.012243,1.440525,0.201766,2.359631
164.609000,0.019041,0.001653,-0.010922,1.439289,0.202512,2.359781
164.629000,0.020481,0.001779,-0.009637,1.437950,0.203241,2.360051
164.649000,0.021491,0.002106,-0.008470,1.436529,0.203980,2.360297
164.669000,0.021890,0.002182,-0.007309,1.435028,0.204676,2.360593
164.689000,0.022507,0.001853,-0.006252,1.433476,0.205370,2.360872
164.709000,0.023083,0.001893,-0.005302,1.431821,0.206020,2.361158
164.729000,0.023673,0.001697,-0.004413,1.430107,0.206642,2.361500
164.749000,0.024327,0.001464,-0.003583,1.428297,0.207228,2.361868
164.769000,0.025043,0.000854,-0.002781,1.426413,0.207791,2.362313
164.789000,0.025364,0.000311,-0.001874,1.424443,0.208336,2.362839
164.809000,0.025394,-0.000109,-0.001196,1.422418,0.208839,2.363516
164.829000,0.025021,-0.000393,-0.000416,1.420306,0.209298,2.364299
164.849000,0.024952,-0.000644,0.000165,1.418144,0.209718,2.365233
164.869000,0.024792,-0.000630,0.000694,1.415890,0.210047,2.366269
164.889000,0.025054,-0.000786,0.000957,1.413598,0.210357,2.367397
164.909000,0.025862,-0.000906,0.001306,1.411278,0.210555,2.368628
164.929000,0.026784,-0.000654,0.001663,1.408892,0.210682,2.369873
164.949000,0.027305,-0.000613,0.001868,1.406484,0.210750,2.371138
164.969000,0.028307,-0.000162,0.001709,1.403997,0.210769,2.372398
164.989000,0.029082,-0.000007,0.001695,1.401448,0.210710,2.373674
165.009000,0.029965,0.000095,0.001340,1.398828,0.210602,2.374940
165.029000,0.031204,0.000211,0.000999,1.396154,0.210418,2.376256
165.049000,0.032298,-0.000082,0.000563,1.393394,0.210197,2.377572
165.069000,0.033224,-0.000721,0.000151,1.390603,0.209936,2.378938
165.089000,0.033631,-0.001062,-0.000126,1.387739,0.209594,2.380334
165.109000,0.034245,-0.001416,-0.000430,1.384808,0.209203,2.381717
165.129000,0.034635,-0.002040,-0.000668,1.381823,0.208782,2.383078
165.149000,0.034550,-0.002325,-0.000973,1.378802,0.208312,2.384379
165.169000,0.034362,-0.002344,-0.001349,1.375751,0.207798,2.385634
165.189000,0.034018,-0.002037,-0.001999,1.372687,0.207255,2.386912
165.209000,0.033318,-0.001273,-0.002813,1.369596,0.206613,2.388174
165.229000,0.032844,0.000184,-0.003429,1.366443,0.205865,2.389457
165.249000,0.033106,0.001601,-0.004068,1.363284,0.205007,2.390684
165.269000,0.034292,0.002839,-0.004683,1.360095,0.204038,2.391841
165.289000,0.035578,0.004206,-0.005081,1.356878,0.202983,2.392959
165.309000,0.036539,0.005800,-0.005675,1.353649,0.201861,2.394008
165.329000,0.037406,0.007460,-0.006332,1.350407,0.200666,2.394945
165.349000,0.038636,0.008770,-0.006778,1.347109,0.199444,2.395822
165.369000,0.038982,0.009731,-0.007358,1.343817,0.198140,2.396654
165.389000,0.039304,0.010670,-0.008081,1.340536,0.196758,2.397399
165.409000,0.040070,0.011960,-0.008698,1.337269,0.195282,2.398197
165.429000,0.040659,0.013728,-0.009181,1.334026,0.193674,2.398980
165.449000,0.040899,0.015925,-0.009732,1.330823,0.192010,2.399762
165.469000,0.040925,0.018376,-0.010608,1.327656,0.190247,2.400504
165.489000,0.041265,0.020945,-0.011277,1.324530,0.188408,2.401240
165.509000,0.041595,0.023976,-0.012215,1.321409,0.186505,2.402048
165.529000,0.040944,0.027149,-0.012991,1.318325,0.184477,2.402721
165.549000,0.040563,0.030071,-0.013920,1.315278,0.182398,2.403392
165.569000,0.039975,0.032312,-0.014697,1.312310,0.180296,2.404079
165.589000,0.038502,0.034405,-0.015712,1.309403,0.178135,2.404655
165.609000,0.036815,0.036590,-0.016612,1.306545,0.175902,2.405190
165.629000,0.034789,0.038255,-0.017522,1.303759,0.173653,2.405675
165.649000,0.032827,0.039801,-0.018604,1.301074,0.171335,2.406136
165.669000,0.030458,0.041102,-0.019701,1.298459,0.168870,2.406542
165.689000,0.028938,0.042070,-0.021180,1.295956,0.166410,2.406895
165.709000,0.027474,0.043012,-0.022793,1.293547,0.163929,2.407190
165.729000,0.025821,0.043655,-0.024341,1.291257,0.161401,2.407382
165.749000,0.023900,0.044451,-0.026003,1.289063,0.158808,2.407549
165.769000,0.022654,0.045208,-0.027850,1.286990,0.156150,2.407736
165.789000,0.021420,0.045760,-0.029769,1.285050,0.153431,2.407931
165.809000,0.020087,0.046586,-0.031473,1.283211,0.150731,2.408088
165.829000,0.018269,0.047154,-0.033118,1.281524,0.147967,2.408221
165.849000,0.016448,0.047856,-0.034723,1.279945,0.145290,2.408274
165.869000,0.013661,0.048603,-0.036215,1.278468,0.142564,2.408325
165.889000,0.011416,0.049271,-0.037600,1.277123,0.139855,2.408335
165.909000,0.010115,0.050074,-0.038724,1.275919,0.137134,2.408387
165.929000,0.008388,0.051215,-0.040052,1.274873,0.134364,2.408488
165.949000,0.006386,0.052322,-0.041456,1.273973,0.131587,2.408606
165.969000,0.005438,0.053522,-0.042612,1.273195,0.128813,2.408754
165.989000,0.005123,0.054974,-0.044054,1.272573,0.126043,2.408934
166.009000,0.003141,0.056747,-0.045453,1.272086,0.123285,2.409116
166.029000,0.002425,0.058315,-0.046930,1.271758,0.120574,2.409328
166.049000,0.001215,0.059414,-0.048334,1.271566,0.117905,2.409520
166.069000,-0.000854,0.060236,-0.049701,1.271503,0.115328,2.409707
166.089000,-0.003001,0.061548,-0.050984,1.271561,0.112827,2.409924
166.109000,-0.005637,0.061825,-0.051985,1.271780,0.110359,2.410188
166.129000,-0.007684,0.061791,-0.053028,1.272134,0.107985,2.410430
166.149000,-0.010236,0.061632,-0.054084,1.272620,0.105656,2.410774
166.169000,-0.012235,0.061410,-0.054925,1.273303,0.103377,2.411125
166.189000,-0.013319,0.061353,-0.055410,1.274138,0.101169,2.411512
166.209000,-0.014528,0.061391,-0.055942,1.275095,0.098994,2.411881
166.229000,-0.015817,0.060729,-0.056290,1.276151,0.096908,2.412189
166.249000,-0.016140,0.059203,-0.056443,1.277316,0.094920,2.412448
166.272000,-0.017014,0.056662,-0.056350,1.278791,0.092731,2.412734
166.289000,-0.017530,0.054909,-0.055811,1.279966,0.091192,2.412899
166.309000,-0.018366,0.052165,-0.054974,1.281428,0.089492,2.413025
166.329000,-0.018933,0.049124,-0.054077,1.282978,0.087912,2.413122
166.349000,-0.019208,0.046003,-0.052953,1.284645,0.086445,2.413195
166.369000,-0.020203,0.042943,-0.051877,1.286409,0.085076,2.413256
166.389000,-0.020339,0.040400,-0.050524,1.288284,0.083857,2.413281
166.409000,-0.020078,0.038221,-0.049064,1.290289,0.082702,2.413321
166.429000,-0.019805,0.036979,-0.047513,1.292375,0.081657,2.413294
166.449000,-0.019698,0.036231,-0.045920,1.294552,0.080707,2.413178
166.469000,-0.019633,0.036218,-0.044354,1.296747,0.079862,2.412977
166.489000,-0.018956,0.035578,-0.042900,1.299026,0.079165,2.412715
166.509000,-0.017921,0.034825,-0.041357,1.301337,0.078549,2.412355
166.529000,-0.017397,0.034053,-0.039303,1.303658,0.078044,2.411913
166.549000,-0.016625,0.033032,-0.037303,1.306011,0.077707,2.411378
166.569000,-0.016172,0.031844,-0.035093,1.308407,0.077502,2.410779
166.589000,-0.016283,0.031059,-0.032938,1.310817,0.077415,2.410122
166.609000,-0.016386,0.030432,-0.030778,1.313250,0.077470,2.409425
166.629000,-0.016636,0.029346,-0.028786,1.315706,0.077662,2.408650
166.649000,-0.017144,0.028067,-0.026772,1.318175,0.077968,2.407872
166.669000,-0.017276,0.027091,-0.025013,1.320635,0.078378,2.407064
166.689000,-0.017410,0.025487,-0.023374,1.323085,0.078932,2.406230
166.709000,-0.017227,0.023384,-0.021573,1.325556,0.079604,2.405397
166.729000,-0.017461,0.021780,-0.019754,1.328011,0.080413,2.404537
166.749000,-0.018311,0.020544,-0.018266,1.330450,0.081370,2.403674
166.769000,-0.018699,0.019490,-0.016833,1.332882,0.082453,2.402800
166.789000,-0.019170,0.018025,-0.015302,1.335300,0.083628,2.401930
166.809000,-0.018980,0.016652,-0.013874,1.337670,0.084901,2.401051
166.829000,-0.018472,0.015301,-0.012755,1.340036,0.086297,2.400204
166.849000,-0.017957,0.014276,-0.011756,1.342347,0.087777,2.399347
166.869000,-0.016847,0.013096,-0.010762,1.344655,0.089349,2.398477
166.889000,-0.014832,0.012418,-0.009920,1.346933,0.091001,2.397666
166.909000,-0.012422,0.012010,-0.009033,1.349214,0.092692,2.396904
166.929000,-0.009815,0.012139,-0.008561,1.351457,0.094443,2.396179
166.949000,-0.006622,0.012425,-0.007992,1.353693,0.096285,2.395497
166.969000,-0.003906,0.013386,-0.007456,1.355921,0.098214,2.394856
166.989000,-0.001483,0.014848,-0.007135,1.358131,0.100190,2.394294
167.009000,0.000937,0.015939,-0.007112,1.360310,0.102275,2.393760
167.029000,0.003643,0.016815,-0.007474,1.362450,0.104420,2.393247
167.049000,0.005933,0.017563,-0.008001,1.364547,0.106567,2.392720
167.069000,0.008351,0.018716,-0.008590,1.366581,0.108744,2.392210
167.089000,0.010587,0.019064,-0.009560,1.368613,0.110918,2.391726
167.109000,0.013546,0.019140,-0.010916,1.370624,0.113114,2.391208
167.129000,0.016004,0.019317,-0.012147,1.372579,0.115296,2.390645
167.149000,0.018338,0.019267,-0.013839,1.374549,0.117487,2.390115
167.169000,0.020542,0.019536,-0.015446,1.376545,0.119671,2.389577
167.189000,0.022185,0.020494,-0.017069,1.378517,0.121864,2.389070
167.209000,0.023440,0.021024,-0.018972,1.380485,0.124054,2.388559
167.229000,0.024661,0.021077,-0.020721,1.382413,0.126228,2.388032
167.249000,0.025173,0.021233,-0.022462,1.384312,0.128413,2.387460
167.272000,0.024569,0.021606,-0.024616,1.386521,0.130923,2.386805
167.289000,0.024234,0.022347,-0.026315,1.388159,0.132768,2.386377
167.309000,0.023678,0.023508,-0.028363,1.390100,0.134940,2.385886
167.329000,0.022878,0.024593,-0.030543,1.392051,0.137037,2.385474
167.349000,0.022715,0.025454,-0.032822,1.393996,0.139089,2.385122
167.369000,0.023147,0.025948,-0.035358,1.395967,0.141076,2.384777
167.389000,0.023323,0.026554,-0.037944,1.397919,0.142992,2.384484
167.409000,0.023651,0.027322,-0.040888,1.399878,0.144886,2.384166
167.429000,0.024362,0.027872,-0.043785,1.401831,0.146720,2.383838
167.449000,0.024959,0.027515,-0.046799,1.403795,0.148499,2.383512
167.469000,0.025692,0.027431,-0.049612,1.405714,0.150248,2.383230
167.489000,0.025543,0.027345,-0.052807,1.407660,0.151987,2.382954
167.509000,0.025002,0.027413,-0.056117,1.409619,0.153649,2.382679
167.529000,0.025240,0.027000,-0.059141,1.411598,0.155284,2.382347
167.549000,0.025404,0.026286,-0.062425,1.413602,0.156892,2.382080
167.569000,0.024983,0.026031,-0.065910,1.415583,0.158438,2.381780
167.589000,0.024539,0.025377,-0.069120,1.417515,0.159902,2.381471
167.609000,0.024642,0.023592,-0.072622,1.419500,0.161359,2.381188
167.629000,0.024324,0.022353,-0.076566,1.421465,0.162782,2.380952
167.649000,0.023575,0.021562,-0.080068,1.423428,0.164172,2.380700
167.669000,0.023044,0.020887,-0.083748,1.425382,0.165501,2.380460
167.689000,0.023047,0.019427,-0.087399,1.427337,0.166766,2.380222
167.709000,0.023057,0.018068,-0.091193,1.429240,0.168024,2.380032
167.729000,0.022574,0.016640,-0.094772,1.431104,0.169230,2.379845
167.749000,0.022275,0.014965,-0.098003,1.432958,0.170424,2.379692
167.769000,0.021420,0.013513,-0.101499,1.434789,0.171589,2.379505
167.789000,0.020130,0.012267,-0.104868,1.436570,0.172698,2.379335
167.809000,0.020219,0.010745,-0.108221,1.438344,0.173796,2.379191
167.829000,0.020490,0.009335,-0.111636,1.440056,0.174846,2.379046
167.849000,0.020221,0.007949,-0.115160,1.441712,0.175839,2.378913
167.869000,0.020276,0.006187,-0.118764,1.443299,0.176774,2.378753
167.889000,0.021287,0.004558,-0.122014,1.444827,0.177660,2.378578
167.909000,0.021940,0.002725,-0.125209,1.446314,0.178514,2.378418
167.929000,0.022618,0.001137,-0.128797,1.447743,0.179338,2.378295
167.949000,0.023929,-0.000340,-0.131624,1.449086,0.180122,2.378160
167.969000,0.023846,-0.001608,-0.134477,1.450372,0.180887,2.378046
167.989000,0.024108,-0.002765,-0.137672,1.451596,0.181636,2.377988
168.009000,0.024293,-0.003514,-0.140632,1.452714,0.182335,2.377982
168.029000,0.024576,-0.004669,-0.143332,1.453703,0.182943,2.377969
168.049000,0.025800,-0.006241,-0.146165,1.454566,0.183507,2.377993
168.069000,0.027143,-0.008558,-0.148548,1.455338,0.184020,2.378071
168.089000,0.028227,-0.010460,-0.150975,1.455969,0.184479,2.378199
168.109000,0.028983,-0.012233,-0.152980,1.456466,0.184872,2.378348
168.129000,0.030031,-0.014143,-0.154787,1.456845,0.185233,2.378506
168.149000,0.030596,-0.016343,-0.156458,1.457119,0.185506,2.378684
168.169000,0.031390,-0.018289,-0.157952,1.457260,0.185739,2.378901
168.189000,0.032571,-0.019522,-0.159494,1.457261,0.185887,2.379122
168.209000,0.033298,-0.020144,-0.160789,1.457117,0.185965,2.379350
168.229000,0.033699,-0.020716,-0.161597,1.456847,0.185964,2.379572
168.249000,0.034543,-0.021537,-0.162268,1.456403,0.185869,2.379746
168.269000,0.035586,-0.023528,-0.163279,1.455924,0.185630,2.379859
168.289000,0.036324,-0.024438,-0.162958,1.455122,0.185337,2.379914
168.309000,0.037336,-0.025651,-0.162270,1.454196,0.184966,2.379941
168.329000,0.037904,-0.026326,-0.161385,1.453114,0.184547,2.379946
168.349000,0.038186,-0.026480,-0.160889,1.451930,0.184038,2.379977
168.369000,0.039769,-0.025469,-0.160156,1.450533,0.183562,2.380053
168.389000,0.040964,-0.023888,-0.159006,1.448967,0.182877,2.380159
168.409000,0.042296,-0.022411,-0.157673,1.447299,0.182048,2.380252
168.429000,0.043503,-0.020675,-0.155792,1.445457,0.181076,2.380363
168.449000,0.045401,-0.018985,-0.153871,1.443451,0.179931,2.380493
168.469000,0.047678,-0.018075,-0.151527,1.441295,0.178654,2.380640
168.489000,0.049401,-0.017607,-0.148854,1.438972,0.177188,2.380796
168.509000,0.051720,-0.017048,-0.145979,1.436528,0.175599,2.380961
168.529000,0.053765,-0.015745,-0.142474,1.433896,0.173916,2.381122
168.549000,0.054740,-0.014689,-0.138963,1.431141,0.172104,2.381260
168.569000,0.055702,-0.013847,-0.134992,1.428283,0.170138,2.381421
168.589000,0.057056,-0.012814,-0.130591,1.425279,0.168033,2.381543
168.609000,0.057190,-0.012021,-0.126440,1.422181,0.165781,2.381632
168.629000,0.057338,-0.011089,-0.121857,1.418955,0.163414,2.381628
168.649000,0.057229,-0.009916,-0.117196,1.415615,0.160910,2.381602
168.669000,0.056329,-0.008981,-0.112273,1.412207,0.158248,2.381492
168.689000,0.055508,-0.007891,-0.106959,1.408715,0.155434,2.381367
168.709000,0.054122,-0.006139,-0.101657,1.405118,0.152488,2.381237
168.729000,0.051939,-0.004351,-0.096264,1.401439,0.149432,2.381083
168.749000,0.049708,-0.002568,-0.090737,1.397706,0.146271,2.380904
168.769000,0.047518,-0.000427,-0.085250,1.393902,0.142975,2.380705
168.789000,0.044780,0.001619,-0.079946,1.390063,0.139516,2.380529
168.809000,0.042634,0.003826,-0.074116,1.386157,0.135914,2.380355
168.829000,0.040932,0.006234,-0.068609,1.382224,0.132214,2.380185
168.849000,0.038454,0.009033,-0.063240,1.378236,0.128424,2.379955
168.869000,0.035825,0.011599,-0.057767,1.374247,0.124530,2.379693
168.889000,0.033180,0.014183,-0.052148,1.370228,0.120582,2.379453
168.909000,0.029623,0.016634,-0.046549,1.366203,0.116545,2.379177
168.929000,0.026242,0.019291,-0.041326,1.362181,0.112457,2.378927
168.949000,0.023185,0.021360,-0.036006,1.358159,0.108314,2.378677
168.969000,0.019863,0.023304,-0.030974,1.354167,0.104141,2.378459
168.989000,0.016009,0.025850,-0.026162,1.350197,0.099907,2.378295
169.009000,0.012661,0.028188,-0.021570,1.346289,0.095639,2.378150
169.029000,0.009844,0.030492,-0.017223,1.342423,0.091337,2.378056
169.049000,0.006863,0.032882,-0.013106,1.338649,0.087041,2.377988
169.069000,0.003759,0.035403,-0.009324,1.334938,0.082769,2.377869
169.089000,0.000401,0.037637,-0.005236,1.331300,0.078534,2.377773
169.109000,-0.002867,0.039670,-0.001611,1.327748,0.074385,2.377669
169.129000,-0.006756,0.041722,0.001898,1.324317,0.070295,2.377576
169.149000,-0.010584,0.044108,0.005195,1.320981,0.066270,2.377529
169.169000,-0.014245,0.046889,0.008192,1.317767,0.062295,2.377466
169.189000,-0.017196,0.049657,0.010736,1.314721,0.058406,2.377407
169.209000,-0.019935,0.052259,0.013366,1.311824,0.054583,2.377359
169.229000,-0.022485,0.055161,0.015736,1.309082,0.050844,2.377299
169.249000,-0.024468,0.058295,0.017926,1.306481,0.047173,2.377299
169.269000,-0.025352,0.061246,0.020006,1.304040,0.043570,2.377308
169.289000,-0.025884,0.063767,0.021804,1.301751,0.040110,2.377297
169.309000,-0.026441,0.066074,0.023458,1.299577,0.036742,2.377216
169.329000,-0.026736,0.067792,0.025331,1.297562,0.033487,2.377104
169.349000,-0.026707,0.069586,0.027022,1.295716,0.030376,2.377013
169.369000,-0.026792,0.071256,0.028252,1.294033,0.027410,2.376828
169.389000,-0.027014,0.072646,0.029329,1.292503,0.024568,2.376608
169.409000,-0.026489,0.073653,0.030310,1.291167,0.021897,2.376400
169.429000,-0.025996,0.074255,0.030844,1.290051,0.019328,2.376180
169.449000,-0.025509,0.075305,0.031508,1.289109,0.016882,2.375967
169.469000,-0.024101,0.076091,0.031769,1.288376,0.014570,2.375760
169.489000,-0.023161,0.076320,0.032077,1.287811,0.012359,2.375533
169.509000,-0.021963,0.076464,0.032268,1.287420,0.010301,2.375300
169.529000,-0.020866,0.075561,0.032408,1.287182,0.008375,2.375028
169.549000,-0.019856,0.074182,0.032473,1.287110,0.006573,2.374690
169.569000,-0.019133,0.072983,0.032431,1.287208,0.004905,2.374327
169.589000,-0.018507,0.071238,0.032162,1.287471,0.003317,2.373869
169.609000,-0.017125,0.069050,0.031711,1.287870,0.001848,2.373403
169.629000,-0.015680,0.067251,0.031224,1.288470,0.000452,2.372930
169.649000,-0.014274,0.065059,0.030429,1.289224,-0.000872,2.372408
169.669000,-0.012370,0.062881,0.029672,1.290140,-0.002082,2.371887
169.689000,-0.010686,0.060348,0.028656,1.291155,-0.003231,2.371338
169.709000,-0.009147,0.057383,0.027844,1.292274,-0.004277,2.370713
169.729000,-0.007797,0.054406,0.027130,1.293519,-0.005259,2.370061
169.749000,-0.006421,0.051589,0.026322,1.294897,-0.006158,2.369422
169.769000,-0.005327,0.048313,0.025578,1.296373,-0.006946,2.368804
169.789000,-0.004717,0.045537,0.024981,1.297967,-0.007651,2.368182
169.809000,-0.004625,0.043092,0.024325,1.299592,-0.008279,2.367520
169.829000,-0.004690,0.040063,0.023711,1.301315,-0.008839,2.366853
169.849000,-0.004346,0.037374,0.023036,1.303065,-0.009348,2.366238
169.869000,-0.004314,0.034306,0.022495,1.304894,-0.009832,2.365653
169.889000,-0.004307,0.031724,0.021740,1.306730,-0.010209,2.365028
169.909000,-0.004804,0.028933,0.021027,1.308599,-0.010551,2.364419
169.929000,-0.004966,0.026151,0.020094,1.310479,-0.010858,2.363823
169.949000,-0.004829,0.023679,0.019388,1.312372,-0.011088,2.363240
169.969000,-0.005155,0.021083,0.018473,1.314262,-0.011306,2.362637
169.989000,-0.005010,0.018539,0.017604,1.316151,-0.011447,2.362000
170.009000,-0.005598,0.016171,0.016833,1.317998,-0.011521,2.361395
170.029000,-0.005743,0.013724,0.016145,1.319808,-0.011541,2.360814
170.049000,-0.006314,0.011139,0.015669,1.321590,-0.011489,2.360221
170.069000,-0.007567,0.008720,0.015083,1.323326,-0.011389,2.359658
170.089000,-0.008461,0.006600,0.014944,1.325013,-0.011186,2.359120
170.109000,-0.009847,0.004410,0.014829,1.326643,-0.010898,2.358579
170.129000,-0.011615,0.002373,0.014822,1.328215,-0.010572,2.358081
170.149000,-0.012677,0.000918,0.015037,1.329718,-0.010159,2.357587
170.169000,-0.014039,-0.000573,0.015114,1.331158,-0.009689,2.357144
170.189000,-0.015659,-0.001857,0.015397,1.332493,-0.009156,2.356738
170.209000,-0.016454,-0.002809,0.015821,1.333719,-0.008579,2.356378
170.229000,-0.016859,-0.004281,0.016299,1.334870,-0.007933,2.356053
170.249000,-0.017373,-0.005542,0.016789,1.335921,-0.007251,2.355751
170.269000,-0.017344,-0.006394,0.017505,1.336839,-0.006531,2.355489
170.289000,-0.016863,-0.007310,0.018246,1.337675,-0.005753,2.355262
170.309000,-0.016201,-0.008373,0.018912,1.338443,-0.004890,2.355042
170.329000,-0.015536,-0.008905,0.019807,1.339121,-0.003957,2.354832
170.349000,-0.014450,-0.009084,0.020537,1.339684,-0.002917,2.354631
170.369000,-0.014457,-0.009103,0.021207,1.340135,-0.001791,2.354426
170.389000,-0.014636,-0.008876,0.022188,1.340491,-0.000585,2.354196
170.409000,-0.014523,-0.008288,0.022895,1.340819,0.000743,2.353967
170.429000,-0.014944,-0.006795,0.023906,1.341033,0.002133,2.353746
170.449000,-0.015859,-0.005051,0.024924,1.341149,0.003595,2.353548
170.469000,-0.016422,-0.003527,0.025628,1.341205,0.005149,2.353370
170.489000,-0.016632,-0.002122,0.026338,1.341201,0.006786,2.353206
170.509000,-0.016601,-0.000346,0.027203,1.341089,0.008466,2.353011
170.529000,-0.016593,0.001477,0.028034,1.340889,0.010193,2.352812
170.549000,-0.015541,0.002985,0.028535,1.340663,0.011994,2.352663
170.569000,-0.014406,0.004486,0.029454,1.340344,0.013830,2.352519
170.589000,-0.013470,0.005859,0.030065,1.339942,0.015769,2.352406
170.609000,-0.012389,0.006662,0.030936,1.339494,0.017776,2.352287
170.629000,-0.011706,0.007874,0.031769,1.338975,0.019892,2.352180
170.649000,-0.011364,0.009103,0.032555,1.338442,0.022096,2.352075
170.669000,-0.010621,0.010289,0.033394,1.337898,0.024394,2.351928
170.689000,-0.010570,0.011475,0.034211,1.337346,0.026809,2.351834
170.709000,-0.010406,0.012619,0.034853,1.336779,0.029285,2.351742
170.729000,-0.009799,0.014007,0.035476,1.336225,0.031839,2.351738
170.749000,-0.009587,0.015486,0.036056,1.335664,0.034471,2.351750
170.769000,-0.009682,0.016856,0.036408,1.335153,0.037182,2.351793
170.789000,-0.009549,0.018854,0.036937,1.334618,0.039958,2.351822
170.809000,-0.008923,0.020730,0.037395,1.334146,0.042785,2.351858
170.829000,-0.008553,0.022454,0.037689,1.333676,0.045704,2.351849
170.849000,-0.008426,0.024282,0.038158,1.333235,0.048666,2.351804
170.869000,-0.008393,0.026260,0.038552,1.332825,0.051711,2.351726
170.889000,-0.008830,0.027442,0.038917,1.332477,0.054882,2.351598
170.909000,-0.009304,0.029275,0.039447,1.332115,0.058105,2.351396
170.929000,-0.009985,0.031145,0.039994,1.331836,0.061415,2.351234
170.949000,-0.011069,0.032742,0.040153,1.331570,0.064805,2.351022
170.969000,-0.011077,0.034029,0.040440,1.331389,0.068280,2.350832
170.989000,-0.010905,0.035440,0.040562,1.331243,0.071749,2.350631
171.009000,-0.010841,0.036461,0.040648,1.331135,0.075295,2.350366
171.029000,-0.010053,0.037014,0.040622,1.331062,0.078870,2.350148
171.049000,-0.008703,0.037297,0.040423,1.331040,0.082513,2.349909
171.069000,-0.007540,0.037615,0.040586,1.331054,0.086139,2.349676
171.089000,-0.005695,0.037819,0.040629,1.331178,0.089792,2.349451
171.109000,-0.003750,0.037675,0.040763,1.331379,0.093448,2.349267
171.129000,-0.001646,0.037896,0.040719,1.331657,0.097132,2.349153
171.149000,0.000722,0.038955,0.040494,1.332062,0.100893,2.349152
171.169000,0.003488,0.040024,0.040236,1.332511,0.104656,2.349130
171.189000,0.006035,0.040418,0.039887,1.333052,0.108414,2.349080
171.209000,0.008808,0.041169,0.039328,1.333665,0.112151,2.349055
171.229000,0.011569,0.041830,0.038707,1.334345,0.115860,2.349085
171.249000,0.014510,0.041937,0.038021,1.335149,0.119550,2.349165
171.269000,0.017797,0.042549,0.037182,1.336023,0.123201,2.349249
171.289000,0.020372,0.043173,0.036406,1.336975,0.126757,2.349312
171.309000,0.023490,0.043328,0.035371,1.338014,0.130254,2.349396
171.329000,0.027013,0.043346,0.034234,1.339117,0.133755,2.349495
171.349000,0.029005,0.043018,0.033052,1.340314,0.137178,2.349583
171.369000,0.031590,0.042741,0.031914,1.341555,0.140558,2.349654
171.389000,0.033476,0.041419,0.030645,1.342886,0.143855,2.349729
171.409000,0.035015,0.040494,0.029632,1.344286,0.147092,2.349776
171.429000,0.036121,0.039924,0.028400,1.345772,0.150259,2.349864
171.449000,0.036978,0.039428,0.027103,1.347333,0.153313,2.349946
171.469000,0.037845,0.038571,0.026004,1.348965,0.156234,2.350011
171.489000,0.038629,0.037448,0.024536,1.350715,0.159049,2.350119
171.509000,0.039197,0.036784,0.023355,1.352502,0.161692,2.350246
171.529000,0.040511,0.036272,0.021970,1.354350,0.164199,2.350429
171.549000,0.041358,0.035578,0.020504,1.356314,0.166588,2.350704
171.569000,0.042338,0.035367,0.018973,1.358320,0.168835,2.351000
171.589000,0.043333,0.035043,0.017736,1.360376,0.170884,2.351352
171.609000,0.044261,0.034244,0.016408,1.362448,0.172823,2.351716
171.629000,0.045257,0.033879,0.015139,1.364562,0.174605,2.352048
171.649000,0.045998,0.033019,0.014090,1.366713,0.176240,2.352383
171.669000,0.046935,0.031627,0.013192,1.368885,0.177713,2.352645
171.689000,0.047406,0.029978,0.012415,1.371070,0.179044,2.352862
171.709000,0.047538,0.028669,0.011410,1.373279,0.180234,2.353075
171.729000,0.047245,0.027144,0.010764,1.375494,0.181296,2.353262
171.749000,0.047264,0.025499,0.009813,1.377742,0.182241,2.353465
171.769000,0.046435,0.024237,0.008857,1.380024,0.183054,2.353666
171.789000,0.044940,0.023542,0.007772,1.382314,0.183762,2.353829
171.809000,0.043209,0.023032,0.006667,1.384674,0.184355,2.354004
171.829000,0.041770,0.022591,0.005353,1.387038,0.184838,2.354198
171.849000,0.039840,0.021684,0.004029,1.389418,0.185165,2.354384
171.869000,0.037951,0.021363,0.002919,1.391790,0.185344,2.354565
171.889000,0.036149,0.020945,0.001632,1.394124,0.185402,2.354634
171.909000,0.034790,0.019374,0.000363,1.396472,0.185376,2.354672
171.929000,0.033017,0.017904,-0.000965,1.398825,0.185270,2.354676
171.949000,0.030419,0.016663,-0.001914,1.401116,0.185061,2.354608
171.969000,0.027529,0.014899,-0.002704,1.403394,0.184774,2.354519
171.989000,0.024787,0.013053,-0.003129,1.405671,0.184458,2.354425
172.009000,0.021435,0.011483,-0.003523,1.407929,0.184065,2.354342
172.029000,0.018107,0.010023,-0.003939,1.410162,0.183649,2.354244
172.049000,0.014210,0.008650,-0.004125,1.412373,0.183213,2.354169
172.069000,0.010559,0.007533,-0.004334,1.414545,0.182771,2.354090
172.089000,0.007156,0.006050,-0.004621,1.416672,0.182302,2.353960
172.109000,0.003811,0.004517,-0.004619,1.418773,0.181793,2.353836
172.129000,0.001040,0.003524,-0.004860,1.420820,0.181271,2.353716
172.149000,-0.001508,0.002443,-0.004679,1.422814,0.180729,2.353554
172.169000,-0.003768,0.001211,-0.004598,1.424720,0.180161,2.353377
172.189000,-0.005135,-0.000291,-0.004380,1.426578,0.179617,2.353177
172.209000,-0.006177,-0.001715,-0.003957,1.428393,0.179107,2.352984
172.229000,-0.006974,-0.002935,-0.003793,1.430118,0.178594,2.352741
172.249000,-0.007606,-0.004272,-0.003200,1.431778,0.178092,2.352486
172.269000,-0.008375,-0.005794,-0.002747,1.433381,0.177621,2.352160
172.289000,-0.008711,-0.006878,-0.002537,1.434898,0.177153,2.351857
172.309000,-0.008723,-0.007909,-0.002161,1.436335,0.176705,2.351570
172.329000,-0.007708,-0.009273,-0.001951,1.437706,0.176279,2.351283
172.349000,-0.007216,-0.010562,-0.001732,1.438986,0.175899,2.350994
172.369000,-0.007005,-0.011609,-0.001629,1.440182,0.175578,2.350686
172.389000,-0.006498,-0.012563,-0.001423,1.441268,0.175313,2.350320
172.409000,-0.006478,-0.014245,-0.001211,1.442226,0.175099,2.349899
172.429000,-0.006305,-0.016094,-0.001066,1.443083,0.174978,2.349411
172.449000,-0.006447,-0.017184,-0.001139,1.443818,0.174888,2.348869
172.469000,-0.006639,-0.018714,-0.000861,1.444453,0.174786,2.348263
172.489000,-0.005768,-0.020487,-0.000868,1.444949,0.174707,2.347655
172.509000,-0.004817,-0.022201,-0.000907,1.445306,0.174614,2.347078
172.529000,-0.003556,-0.023900,-0.000809,1.445523,0.174500,2.346495
172.549000,-0.001176,-0.026095,-0.000643,1.445629,0.174375,2.345942
172.569000,0.001609,-0.028080,-0.000163,1.445591,0.174284,2.345428
172.589000,0.003672,-0.029297,0.000302,1.445402,0.174203,2.344963
172.609000,0.005098,-0.030228,0.000501,1.445077,0.174113,2.344469
172.629000,0.006786,-0.031069,0.000783,1.444628,0.173999,2.343975
172.649000,0.009520,-0.032095,0.001154,1.444102,0.173911,2.343505
172.669000,0.011917,-0.032345,0.001553,1.443431,0.173795,2.343027
172.689000,0.013247,-0.031624,0.001942,1.442628,0.173662,2.342515
172.709000,0.014260,-0.030384,0.002421,1.441719,0.173504,2.342011
172.729000,0.015158,-0.028462,0.002500,1.440689,0.173314,2.341515
172.749000,0.016613,-0.026249,0.002653,1.439538,0.173100,2.341007
172.769000,0.018058,-0.023907,0.002888,1.438271,0.172818,2.340473
172.789000,0.019059,-0.020904,0.002981,1.436895,0.172483,2.339948
172.809000,0.019544,-0.017521,0.002911,1.435418,0.172062,2.339461
172.829000,0.020234,-0.014294,0.002858,1.433840,0.171581,2.338958
172.849000,0.021507,-0.011111,0.002784,1.432177,0.171041,2.338439
172.869000,0.022383,-0.007987,0.002746,1.430476,0.170434,2.337915
172.889000,0.022780,-0.004287,0.002653,1.428714,0.169761,2.337442
172.909000,0.023229,-0.000604,0.002353,1.426957,0.169062,2.337032
172.929000,0.023190,0.003739,0.002166,1.425163,0.168358,2.336693
172.949000,0.021858,0.008459,0.001784,1.423347,0.167602,2.336420
172.969000,0.020289,0.013718,0.001637,1.421494,0.166804,2.336237
172.989000,0.018939,0.018237,0.001330,1.419655,0.165983,2.336178
173.009000,0.016772,0.021685,0.000918,1.417829,0.165152,2.336157
173.029000,0.014619,0.025343,0.000620,1.416032,0.164305,2.336198
173.049000,0.012523,0.029412,0.000118,1.414287,0.163392,2.336265
173.069000,0.010950,0.033338,-0.000384,1.412609,0.162384,2.336290
173.089000,0.010452,0.037048,-0.000958,1.411031,0.161303,2.336338
173.109000,0.010346,0.040706,-0.001497,1.409532,0.160157,2.336381
173.129000,0.010227,0.043989,-0.002186,1.408100,0.158948,2.336480
173.149000,0.010211,0.046624,-0.002892,1.406752,0.157707,2.336577
173.169000,0.010047,0.048314,-0.003315,1.405456,0.156455,2.336720
173.189000,0.009974,0.049221,-0.003862,1.404279,0.155206,2.336939
173.209000,0.009587,0.050380,-0.004110,1.403195,0.153903,2.337164
173.229000,0.008913,0.050898,-0.004397,1.402194,0.152596,2.337448
173.249000,0.008755,0.050411,-0.004322,1.401331,0.151279,2.337787
173.269000,0.008117,0.049512,-0.004257,1.400576,0.149961,2.338111
173.289000,0.006593,0.048820,-0.004137,1.399946,0.148652,2.338480
173.309000,0.005269,0.047822,-0.003953,1.399407,0.147368,2.338831
173.329000,0.003240,0.046310,-0.003591,1.399013,0.146091,2.339184
173.349000,0.001541,0.044827,-0.003451,1.398769,0.144847,2.339562
173.369000,-0.000767,0.043590,-0.003057,1.398630,0.143574,2.339924
173.389000,-0.003055,0.042343,-0.002877,1.398636,0.142320,2.340318
173.409000,-0.004804,0.041336,-0.002509,1.398726,0.141087,2.340724
173.429000,-0.006455,0.039869,-0.002337,1.398936,0.139831,2.341172
173.449000,-0.007572,0.038014,-0.002116,1.399247,0.138599,2.341649
173.469000,-0.008443,0.036491,-0.002042,1.399681,0.137449,2.342283
173.489000,-0.009528,0.035154,-0.001990,1.400227,0.136364,2.342993
173.509000,-0.011469,0.034129,-0.001765,1.400826,0.135340,2.343764
173.529000,-0.013276,0.033263,-0.001596,1.401493,0.134416,2.344561
173.549000,-0.014543,0.031674,-0.001494,1.402265,0.133574,2.345365
173.569000,-0.015810,0.030083,-0.001425,1.403084,0.132773,2.346158
173.589000,-0.017041,0.029001,-0.001455,1.403994,0.132039,2.346973
173.609000,-0.017939,0.028126,-0.001606,1.404990,0.131375,2.347863
173.629000,-0.018465,0.027599,-0.001890,1.406096,0.130849,2.348830
173.649000,-0.019743,0.027645,-0.002369,1.407305,0.130435,2.349868
173.669000,-0.021472,0.028405,-0.003087,1.408592,0.130140,2.350975
173.689000,-0.023123,0.029789,-0.003901,1.409956,0.129971,2.352079
173.709000,-0.024582,0.031461,-0.004670,1.411376,0.129933,2.353193
173.729000,-0.025955,0.033215,-0.005537,1.412855,0.130047,2.354302
173.749000,-0.027842,0.034337,-0.006510,1.414403,0.130282,2.355399
173.769000,-0.028911,0.035305,-0.007508,1.416013,0.130638,2.356436
173.789000,-0.029999,0.035982,-0.008444,1.417661,0.131103,2.357424
173.809000,-0.030837,0.036317,-0.009415,1.419363,0.131713,2.358391
173.829000,-0.031075,0.036396,-0.010136,1.421121,0.132448,2.359317
173.849000,-0.031951,0.036362,-0.011251,1.422880,0.133338,2.360190
173.869000,-0.031774,0.035336,-0.011821,1.424685,0.134342,2.361044
173.889000,-0.030869,0.033957,-0.012379,1.426500,0.135485,2.361820
173.909000,-0.030544,0.032081,-0.012623,1.428331,0.136757,2.362552
173.929000,-0.029668,0.029823,-0.012843,1.430130,0.138145,2.363226
173.949000,-0.028569,0.026293,-0.013049,1.431970,0.139675,2.363809
173.969000,-0.027360,0.023216,-0.012964,1.433817,0.141308,2.364290
173.989000,-0.025962,0.020094,-0.013222,1.435663,0.143017,2.364681
174.009000,-0.023520,0.015255,-0.012758,1.437446,0.144729,2.364915
174.029000,-0.019724,0.010827,-0.012692,1.439258,0.146607,2.365175
174.049000,-0.017470,0.006971,-0.012341,1.441041,0.148487,2.365357
174.069000,-0.014892,0.003205,-0.012134,1.442807,0.150429,2.365513
174.089000,-0.010914,-0.001014,-0.011592,1.444564,0.152387,2.365612
174.109000,-0.005766,-0.004885,-0.011023,1.446248,0.154384,2.365675
174.129000,-0.001002,-0.008142,-0.010526,1.447898,0.156410,2.365715
174.149000,0.002649,-0.010697,-0.009889,1.449468,0.158425,2.365698
174.169000,0.005963,-0.012728,-0.009271,1.450928,0.160412,2.365645
174.189000,0.010172,-0.014997,-0.008688,1.452346,0.162411,2.365539
174.209000,0.014524,-0.017135,-0.007938,1.453675,0.164355,2.365399
174.229000,0.018576,-0.019313,-0.007477,1.454907,0.166245,2.365214
174.249000,0.022543,-0.021207,-0.007051,1.456063,0.168103,2.365037
174.269000,0.026106,-0.022595,-0.006588,1.457110,0.169912,2.364860
174.289000,0.029318,-0.023939,-0.006158,1.458067,0.171700,2.364732
174.309000,0.031898,-0.025098,-0.005873,1.458944,0.173399,2.364603
174.329000,0.034104,-0.025448,-0.005672,1.459698,0.175081,2.364458
174.349000,0.034832,-0.025049,-0.005256,1.460345,0.176637,2.364317
174.369000,0.034964,-0.023929,-0.005044,1.460846,0.178070,2.364156
174.389000,0.035496,-0.022885,-0.004583,1.461295,0.179474,2.364052
174.409000,0.036162,-0.021239,-0.004406,1.461664,0.180817,2.364017
174.429000,0.036131,-0.018920,-0.004488,1.461969,0.182037,2.363978
174.449000,0.035013,-0.016168,-0.004492,1.462163,0.183108,2.363977
174.469000,0.034016,-0.013092,-0.004567,1.462277,0.184064,2.363989
174.489000,0.034022,-0.009978,-0.004799,1.462315,0.184942,2.364102
174.509000,0.033932,-0.006978,-0.005208,1.462233,0.185695,2.364242
174.529000,0.032802,-0.004616,-0.005561,1.462075,0.186343,2.364397
174.549000,0.032064,-0.002608,-0.006086,1.461854,0.186898,2.364562
174.569000,0.030988,-0.000785,-0.006494,1.461540,0.187345,2.364715
174.589000,0.029990,0.000605,-0.007191,1.461177,0.187751,2.364915
174.609000,0.028708,0.001372,-0.007919,1.460734,0.188071,2.365126
174.629000,0.027096,0.001263,-0.008354,1.460225,0.188313,2.365316
174.649000,0.026064,0.001290,-0.009273,1.459626,0.188452,2.365518
174.669000,0.024712,0.000807,-0.010062,1.459044,0.188493,2.365695
174.689000,0.023141,0.000674,-0.010907,1.458408,0.188471,2.365898
174.709000,0.021931,0.000075,-0.011746,1.457706,0.188374,2.366120
174.729000,0.020156,-0.001014,-0.012422,1.456962,0.188272,2.366350
174.749000,0.018025,-0.001976,-0.013238,1.456188,0.188165,2.366599
174.769000,0.015196,-0.002760,-0.014041,1.455337,0.188017,2.366785
174.789000,0.012596,-0.003726,-0.014549,1.454459,0.187846,2.366961
174.809000,0.010653,-0.004741,-0.015387,1.453558,0.187678,2.367166
174.829000,0.008241,-0.005361,-0.016358,1.452629,0.187465,2.367297
174.849000,0.005652,-0.005635,-0.017235,1.451689,0.187187,2.367399
174.869000,0.004049,-0.005601,-0.018390,1.450740,0.186893,2.367475
174.889000,0.002988,-0.005169,-0.019326,1.449761,0.186562,2.367580
174.909000,0.002472,-0.004043,-0.020625,1.448764,0.186232,2.367703
174.931000,0.002282,-0.001859,-0.022135,1.447656,0.185888,2.367853
174.949000,0.002102,0.000651,-0.023387,1.446693,0.185590,2.368008
174.969000,0.001960,0.003730,-0.025065,1.445594,0.185241,2.368226
174.989000,0.001942,0.007391,-0.026524,1.444442,0.184912,2.368519
175.009000,0.002727,0.011028,-0.027996,1.443255,0.184649,2.368806
175.029000,0.002308,0.013698,-0.029407,1.442050,0.184421,2.369091
175.049000,0.001075,0.015158,-0.030835,1.440802,0.184216,2.369384
175.069000,0.001247,0.016300,-0.032217,1.439529,0.184085,2.369642
175.089000,0.000653,0.016989,-0.033545,1.438223,0.184016,2.369942
175.109000,-0.000438,0.017652,-0.034747,1.436864,0.184036,2.370214
175.129000,-0.001643,0.017750,-0.035951,1.435512,0.184147,2.370496
175.149000,-0.003651,0.017437,-0.037180,1.434203,0.184292,2.370746
175.169000,-0.005326,0.017482,-0.038142,1.432890,0.184506,2.370989
175.189000,-0.007393,0.017354,-0.039326,1.431561,0.184794,2.371246
175.209000,-0.008885,0.016756,-0.040315,1.430166,0.185129,2.371501
175.229000,-0.009107,0.015528,-0.041499,1.428800,0.185438,2.371687
175.249000,-0.009168,0.014372,-0.042540,1.427455,0.185737,2.371898
175.269000,-0.009179,0.013217,-0.043864,1.426119,0.186065,2.372134
175.289000,-0.008105,0.011971,-0.045031,1.424774,0.186433,2.372297
175.309000,-0.006943,0.010933,-0.046318,1.423398,0.186927,2.372447
175.329000,-0.006209,0.009750,-0.047451,1.422025,0.187461,2.372523
175.349000,-0.005380,0.008817,-0.048421,1.420658,0.188042,2.372548
175.369000,-0.004377,0.008015,-0.049573,1.419318,0.188629,2.372503
175.389000,-0.002897,0.007299,-0.050343,1.417965,0.189287,2.372366
175.409000,-0.001596,0.006834,-0.051192,1.416591,0.189997,2.372191
175.429000,-0.000545,0.006461,-0.052142,1.415204,0.190771,2.371977
175.449000,0.000189,0.006301,-0.053085,1.413825,0.191575,2.371740
175.469000,0.001050,0.006423,-0.053650,1.412424,0.192367,2.371437
175.489000,0.002547,0.006128,-0.054213,1.411022,0.193177,2.371113
175.509000,0.004017,0.005763,-0.054927,1.409594,0.193980,2.370841
175.529000,0.005636,0.005194,-0.055531,1.408181,0.194789,2.370572
175.549000,0.007503,0.005195,-0.056261,1.406754,0.195618,2.370362
175.569000,0.008918,0.005549,-0.056637,1.405300,0.196417,2.370144
175.589000,0.010708,0.006261,-0.057223,1.403835,0.197269,2.369976
175.609000,0.012188,0.007413,-0.057728,1.402335,0.198109,2.369905
175.629000,0.013469,0.008604,-0.058080,1.400811,0.198958,2.369817
175.649000,0.014441,0.009546,-0.058407,1.399212,0.199814,2.369844
175.669000,0.015862,0.009174,-0.058683,1.397627,0.200643,2.369822
175.689000,0.017558,0.008744,-0.058618,1.395990,0.201453,2.369796
175.709000,0.018619,0.008149,-0.058321,1.394298,0.202185,2.369794
175.729000,0.020209,0.006900,-0.058239,1.392595,0.202910,2.369739
175.749000,0.021033,0.005291,-0.057567,1.390875,0.203629,2.369717
175.769000,0.021773,0.003528,-0.057117,1.389117,0.204325,2.369641
175.789000,0.022654,0.001710,-0.056469,1.387348,0.204982,2.369503
175.809000,0.023173,-0.000074,-0.055642,1.385547,0.205623,2.369341
175.829000,0.023484,-0.001570,-0.054830,1.383736,0.206197,2.369164
175.849000,0.023286,-0.002802,-0.053824,1.381892,0.206706,2.368958
175.869000,0.023420,-0.003683,-0.052703,1.380030,0.207203,2.368778
175.889000,0.023457,-0.004628,-0.051652,1.378176,0.207636,2.368590
175.909000,0.023351,-0.005448,-0.050615,1.376305,0.208004,2.368437
175.929000,0.023268,-0.005713,-0.049649,1.374364,0.208345,2.368288
175.949000,0.023019,-0.005562,-0.048856,1.372367,0.208636,2.368219
175.969000,0.022463,-0.005074,-0.047716,1.370320,0.208896,2.368232
175.989000,0.021891,-0.004618,-0.046772,1.368203,0.209076,2.368360
176.009000,0.021654,-0.005002,-0.045617,1.366049,0.209161,2.368501
176.029000,0.021757,-0.005228,-0.044600,1.363833,0.209195,2.368697
176.049000,0.022074,-0.005237,-0.043600,1.361589,0.209174,2.368929
176.069000,0.022436,-0.004989,-0.042582,1.359298,0.209117,2.369216
176.089000,0.022772,-0.004242,-0.041341,1.356936,0.208954,2.369496
176.109000,0.023679,-0.003540,-0.040324,1.354528,0.208704,2.369754
176.129000,0.024595,-0.003371,-0.039156,1.352074,0.208446,2.369989
176.149000,0.025146,-0.003274,-0.037768,1.349586,0.208137,2.370194
176.169000,0.025940,-0.003126,-0.036495,1.347046,0.207783,2.370311
176.189000,0.026426,-0.002731,-0.034951,1.344462,0.207376,2.370422
176.209000,0.026128,-0.002350,-0.033513,1.341878,0.206942,2.370378
176.229000,0.025839,-0.001622,-0.032236,1.339270,0.206502,2.370280
176.249000,0.025435,-0.000516,-0.030666,1.336655,0.206032,2.370065
176.269000,0.025037,0.000779,-0.029326,1.334066,0.205527,2.369783
176.289000,0.024382,0.003063,-0.027610,1.331492,0.204991,2.369429
176.309000,0.024325,0.006092,-0.025718,1.328945,0.204399,2.369039
176.329000,0.024175,0.010469,-0.023975,1.326404,0.203754,2.368656
176.349000,0.024090,0.015538,-0.022137,1.323875,0.203033,2.368276
176.369000,0.024687,0.021073,-0.020093,1.321360,0.202268,2.367874
176.389000,0.026194,0.025903,-0.018079,1.318879,0.201462,2.367458
176.409000,0.026535,0.028842,-0.016243,1.316429,0.200624,2.367040
176.429000,0.027112,0.031241,-0.013899,1.314034,0.199766,2.366646
176.449000,0.027729,0.033847,-0.011445,1.311648,0.198888,2.366253
176.469000,0.026901,0.036263,-0.009128,1.309300,0.197986,2.365909
176.489000,0.026047,0.038601,-0.006514,1.307015,0.197049,2.365587
176.509000,0.025275,0.040396,-0.004084,1.304813,0.196125,2.365233
176.529000,0.023710,0.041516,-0.001649,1.302664,0.195142,2.364910
176.549000,0.023064,0.042644,0.000887,1.300628,0.194135,2.364610
176.569000,0.022529,0.043856,0.003352,1.298729,0.193093,2.364323
176.589000,0.021776,0.045648,0.005908,1.296906,0.192013,2.364041
176.609000,0.020947,0.047404,0.008206,1.295227,0.190915,2.363782
176.629000,0.020404,0.049066,0.010609,1.293646,0.189760,2.363492
176.649000,0.020740,0.050304,0.012831,1.292235,0.188592,2.363199
176.669000,0.021021,0.051776,0.015100,1.290961,0.187396,2.362910
176.689000,0.020904,0.053707,0.017532,1.289802,0.186165,2.362593
176.709000,0.020687,0.055597,0.019796,1.288806,0.184909,2.362307
176.729000,0.020579,0.057704,0.022238,1.287923,0.183632,2.362010
176.749000,0.020401,0.058880,0.024513,1.287189,0.182363,2.361786
176.769000,0.020652,0.059948,0.026943,1.286612,0.181070,2.361566
176.789000,0.020406,0.060957,0.029462,1.286177,0.179750,2.361368
176.809000,0.019840,0.062044,0.031874,1.285885,0.178444,2.361185
176.829000,0.018763,0.062484,0.034202,1.285735,0.177145,2.361005
176.849000,0.017680,0.062846,0.036753,1.285756,0.175879,2.360860
176.869000,0.016410,0.063568,0.039042,1.285957,0.174640,2.360756
176.889000,0.014381,0.064381,0.041213,1.286341,0.173393,2.360711
176.909000,0.012939,0.065153,0.043335,1.286901,0.172143,2.360752
176.929000,0.011864,0.065854,0.045339,1.287591,0.170894,2.360866
176.949000,0.010072,0.065600,0.046947,1.288442,0.169677,2.361018
176.969000,0.008872,0.065391,0.048625,1.289422,0.168462,2.361262
176.989000,0.008107,0.064677,0.049999,1.290546,0.167259,2.361601
177.009000,0.007304,0.063360,0.051047,1.291825,0.166060,2.362034
177.029000,0.007266,0.062602,0.051836,1.293247,0.164853,2.362532
177.049000,0.007823,0.061602,0.052610,1.294806,0.163634,2.363074
177.069000,0.008556,0.059697,0.052851,1.296488,0.162411,2.363647
177.089000,0.009596,0.057712,0.052741,1.298279,0.161220,2.364303
177.109000,0.010022,0.055443,0.052446,1.300202,0.160050,2.365010
177.129000,0.010731,0.053239,0.051715,1.302206,0.158932,2.365724
177.149000,0.010529,0.050201,0.050897,1.304328,0.157828,2.366495
177.169000,0.010575,0.047331,0.049835,1.306511,0.156768,2.367299
177.189000,0.010581,0.044403,0.048654,1.308758,0.155707,2.368108
177.209000,0.010430,0.040819,0.047559,1.311088,0.154683,2.368923
177.229000,0.010407,0.037496,0.046261,1.313498,0.153690,2.369751
177.249000,0.009884,0.034324,0.044918,1.315962,0.152728,2.370587
177.269000,0.009418,0.031447,0.043262,1.318483,0.151834,2.371417
177.289000,0.008863,0.028837,0.041761,1.321040,0.150971,2.372237
177.309000,0.007782,0.026084,0.040142,1.323609,0.150127,2.373055
177.329000,0.007108,0.023561,0.038435,1.326194,0.149270,2.373927
177.349000,0.006517,0.021247,0.036833,1.328809,0.148423,2.374818
177.369000,0.005861,0.019185,0.034941,1.331423,0.147572,2.375796
177.389000,0.006172,0.017207,0.033055,1.334046,0.146740,2.376806
177.409000,0.006451,0.015162,0.031252,1.336654,0.145916,2.377876
177.429000,0.006629,0.013309,0.029303,1.339267,0.145131,2.378975
177.449000,0.006818,0.012153,0.027390,1.341851,0.144366,2.380057
177.469000,0.007177,0.011034,0.025475,1.344404,0.143654,2.381117
177.489000,0.007350,0.009728,0.023331,1.346930,0.142955,2.382134
177.509000,0.008158,0.008973,0.021397,1.349401,0.142292,2.383095
177.529000,0.008453,0.008039,0.019156,1.351796,0.141649,2.384033
177.549000,0.009286,0.007033,0.016576,1.354114,0.141067,2.384936
177.569000,0.009730,0.005406,0.014417,1.356401,0.140497,2.385795
177.589000,0.010082,0.004084,0.012046,1.358602,0.139971,2.386620
177.609000,0.010121,0.003145,0.010087,1.360709,0.139473,2.387380
177.629000,0.009760,0.001658,0.007926,1.362724,0.139042,2.388078
177.649000,0.009327,0.000457,0.005679,1.364679,0.138662,2.388741
177.669000,0.008368,-0.000658,0.003602,1.366537,0.138318,2.389346
177.689000,0.007517,-0.002062,0.001648,1.368333,0.138000,2.389900
177.709000,0.006648,-0.003185,-0.000411,1.370017,0.137753,2.390393
177.729000,0.005233,-0.004699,-0.002401,1.371582,0.137539,2.390867
177.749000,0.004654,-0.006426,-0.004155,1.373022,0.137358,2.391279
177.769000,0.003410,-0.008751,-0.005896,1.374371,0.137255,2.391621
177.789000,0.001903,-0.010818,-0.007838,1.375620,0.137195,2.391867
177.809000,0.001039,-0.012442,-0.009634,1.376762,0.137211,2.392006
177.829000,-0.000637,-0.014182,-0.011201,1.377802,0.137299,2.392049
177.849000,-0.002260,-0.015891,-0.012834,1.378755,0.137476,2.391986
177.869000,-0.003244,-0.017137,-0.014332,1.379614,0.137699,2.391818
177.889000,-0.003973,-0.017916,-0.015591,1.380343,0.138002,2.391513
177.909000,-0.004779,-0.018242,-0.016895,1.380957,0.138350,2.391164
177.929000,-0.005237,-0.018290,-0.018020,1.381455,0.138789,2.390742
177.949000,-0.005578,-0.018241,-0.018949,1.381826,0.139312,2.390256
177.969000,-0.006039,-0.018428,-0.019840,1.382069,0.139932,2.389704
177.989000,-0.006272,-0.018609,-0.020431,1.382211,0.140684,2.389089
178.009000,-0.007016,-0.018466,-0.020992,1.382234,0.141524,2.388463
178.029000,-0.007843,-0.017854,-0.021379,1.382142,0.142475,2.387823
178.049000,-0.007837,-0.016894,-0.021831,1.381931,0.143516,2.387165
178.069000,-0.007623,-0.015791,-0.022149,1.381611,0.144624,2.386483
178.089000,-0.007653,-0.014685,-0.022521,1.381202,0.145805,2.385819
178.109000,-0.007008,-0.013883,-0.022862,1.380712,0.147100,2.385202
178.129000,-0.005882,-0.012456,-0.023351,1.380126,0.148495,2.384673
178.149000,-0.005055,-0.010948,-0.023745,1.379476,0.149953,2.384211
178.169000,-0.003671,-0.009219,-0.024180,1.378694,0.151435,2.383824
178.189000,-0.001136,-0.007922,-0.024345,1.377833,0.152954,2.383475
178.209000,0.001943,-0.006728,-0.024540,1.376891,0.154541,2.383196
178.229000,0.004434,-0.005683,-0.024831,1.375879,0.156159,2.382976
178.249000,0.007634,-0.004503,-0.024756,1.374779,0.157826,2.382817
178.269000,0.011069,-0.003760,-0.024715,1.373586,0.159513,2.382722
178.289000,0.014014,-0.003831,-0.024533,1.372320,0.161236,2.382686
178.309000,0.017104,-0.003660,-0.024321,1.370994,0.162995,2.382649
178.329000,0.019908,-0.003522,-0.024009,1.369605,0.164745,2.382631
178.349000,0.022318,-0.003693,-0.023675,1.368152,0.166485,2.382648
178.369000,0.024969,-0.003873,-0.023243,1.366654,0.168210,2.382717
178.389000,0.027413,-0.003806,-0.023080,1.365116,0.169904,2.382783
178.409000,0.029588,-0.003823,-0.022704,1.363541,0.171519,2.382835
178.429000,0.031941,-0.003875,-0.022377,1.361922,0.173120,2.382942
178.449000,0.034257,-0.004412,-0.022003,1.360288,0.174655,2.382978
178.469000,0.036205,-0.004908,-0.021811,1.358610,0.176138,2.382982
178.489000,0.038226,-0.005312,-0.021455,1.356907,0.177532,2.382983
178.509000,0.040242,-0.005293,-0.021022,1.355167,0.178822,2.382885
178.529000,0.041835,-0.005205,-0.020700,1.353430,0.180051,2.382798
178.549000,0.042680,-0.004756,-0.020336,1.351679,0.181225,2.382701
178.569000,0.043518,-0.003963,-0.020110,1.349933,0.182314,2.382573
178.589000,0.043964,-0.003031,-0.019819,1.348177,0.183331,2.382389
178.609000,0.043794,-0.001982,-0.019455,1.346421,0.184275,2.382134
178.629000,0.042795,-0.000496,-0.019200,1.344672,0.185161,2.381896
178.649000,0.041782,0.001257,-0.019201,1.342886,0.185966,2.381615
178.669000,0.040311,0.002857,-0.018935,1.341088,0.186674,2.381301
178.689000,0.038767,0.004419,-0.018935,1.339293,0.187302,2.381000
178.709000,0.037598,0.005597,-0.019114,1.337533,0.187879,2.380625
178.729000,0.035823,0.007187,-0.019239,1.335782,0.188346,2.380232
178.749000,0.033729,0.009086,-0.019688,1.333988,0.188737,2.379821
178.769000,0.031893,0.011003,-0.020137,1.332214,0.189017,2.379447
178.789000,0.030856,0.012056,-0.020840,1.330499,0.189250,2.379092
178.809000,0.030003,0.013093,-0.021543,1.328767,0.189364,2.378764
178.829000,0.029498,0.014038,-0.022452,1.327121,0.189395,2.378396
178.849000,0.029008,0.015332,-0.023544,1.325538,0.189429,2.378016
178.869000,0.028162,0.017039,-0.024599,1.324017,0.189409,2.377547
178.889000,0.026790,0.019368,-0.025837,1.322555,0.189357,2.377057
178.909000,0.025255,0.021975,-0.027223,1.321136,0.189231,2.376540
178.929000,0.024738,0.024450,-0.028700,1.319765,0.189036,2.376007
178.949000,0.025144,0.026964,-0.029998,1.318440,0.188768,2.375511
178.969000,0.025608,0.029192,-0.031555,1.317177,0.188453,2.375048
178.989000,0.025585,0.030393,-0.033243,1.316010,0.188057,2.374529
179.009000,0.026752,0.031320,-0.034801,1.314911,0.187650,2.374025
179.029000,0.027313,0.032428,-0.036270,1.313862,0.187213,2.373505
179.049000,0.027010,0.033293,-0.037807,1.312912,0.186746,2.373026
179.069000,0.026799,0.034313,-0.039577,1.312054,0.186272,2.372526
179.089000,0.026483,0.034999,-0.041031,1.311272,0.185734,2.372076
179.109000,0.026777,0.035338,-0.042628,1.310651,0.185175,2.371669
179.129000,0.026778,0.035847,-0.044220,1.310147,0.184536,2.371226
179.149000,0.026883,0.036948,-0.045730,1.309770,0.183859,2.370865
179.169000,0.026695,0.038401,-0.047146,1.309486,0.183102,2.370566
179.189000,0.026952,0.039813,-0.048909,1.309323,0.182301,2.370308
179.209000,0.026918,0.040957,-0.050527,1.309260,0.181459,2.370037
179.229000,0.026833,0.041769,-0.051916,1.309270,0.180570,2.369773
179.249000,0.026770,0.042053,-0.053350,1.309412,0.179626,2.369519
179.269000,0.026990,0.042096,-0.054801,1.309703,0.178653,2.369298
179.289000,0.026231,0.042642,-0.055968,1.310058,0.177582,2.369086
179.309000,0.025648,0.043109,-0.057168,1.310477,0.176498,2.368938
179.329000,0.025170,0.042391,-0.058307,1.311027,0.175380,2.368788
179.349000,0.024377,0.041551,-0.059351,1.311657,0.174252,2.368691
179.369000,0.022972,0.040554,-0.060242,1.312368,0.173073,2.368620
179.389000,0.022322,0.039403,-0.060949,1.313171,0.171827,2.368561
179.409000,0.021309,0.037819,-0.061727,1.314111,0.170555,2.368529
179.429000,0.020316,0.036651,-0.062476,1.315125,0.169220,2.368549
179.449000,0.020285,0.035276,-0.063335,1.316252,0.167822,2.368605
179.469000,0.020623,0.033901,-0.064155,1.317432,0.166372,2.368646
179.489000,0.020236,0.032473,-0.064817,1.318695,0.164875,2.368700
179.509000,0.020564,0.030905,-0.065691,1.320052,0.163325,2.368812
179.529000,0.021867,0.029227,-0.066431,1.321490,0.161703,2.368997
179.549000,0.022836,0.028249,-0.066961,1.322997,0.160021,2.369260
179.569000,0.023516,0.027590,-0.067783,1.324573,0.158268,2.369584
179.589000,0.024906,0.027140,-0.068476,1.326180,0.156452,2.369958
179.609000,0.026650,0.025756,-0.069056,1.327865,0.154607,2.370431
179.629000,0.027577,0.023892,-0.069167,1.329578,0.152726,2.370896
179.649000,0.028472,0.022442,-0.069199,1.331327,0.150805,2.371367
179.669000,0.028825,0.021269,-0.068931,1.333070,0.148862,2.371837
179.689000,0.028105,0.020009,-0.068699,1.334850,0.146890,2.372273
179.709000,0.027981,0.018640,-0.068198,1.336619,0.144880,2.372689
179.729000,0.027494,0.016623,-0.067823,1.338415,0.142827,2.373056
179.749000,0.027059,0.015018,-0.067106,1.340224,0.140746,2.373407
179.769000,0.026079,0.013463,-0.066523,1.342032,0.138674,2.373736
179.789000,0.024856,0.011922,-0.065902,1.343847,0.136565,2.373998
179.809000,0.023544,0.010291,-0.065083,1.345655,0.134417,2.374219
179.829000,0.022321,0.008655,-0.064357,1.347452,0.132276,2.374368
179.849000,0.020976,0.006720,-0.063878,1.349270,0.130111,2.374433
179.869000,0.019609,0.005183,-0.063247,1.351049,0.127913,2.374395
179.889000,0.018623,0.003834,-0.062671,1.352811,0.125706,2.374246
179.909000,0.017750,0.002734,-0.061826,1.354557,0.123473,2.373995
179.929000,0.016745,0.001810,-0.061207,1.356247,0.121224,2.373647
179.949000,0.016264,0.000769,-0.060268,1.357900,0.118975,2.373248
179.969000,0.015609,-0.000651,-0.059344,1.359514,0.116745,2.372802
179.989000,0.015055,-0.002116,-0.058479,1.361080,0.114562,2.372259
180.009000,0.013866,-0.003302,-0.057348,1.362595,0.112429,2.371652
180.029000,0.012466,-0.004339,-0.056150,1.364076,0.110330,2.370941
180.049000,0.010966,-0.005471,-0.054926,1.365525,0.108279,2.370148
180.069000,0.009275,-0.006286,-0.053529,1.366894,0.106260,2.369245
180.089000,0.007719,-0.007050,-0.052256,1.368241,0.104285,2.368263
180.109000,0.006415,-0.007369,-0.050982,1.369545,0.102356,2.367173
180.129000,0.005126,-0.007307,-0.049752,1.370790,0.100514,2.365980
180.149000,0.003238,-0.007044,-0.048456,1.371981,0.098711,2.364674
180.169000,0.001441,-0.006456,-0.047422,1.373134,0.096928,2.363332
180.189000,0.000761,-0.005887,-0.046255,1.374259,0.095201,2.361919
180.209000,0.000696,-0.004706,-0.044796,1.375291,0.093465,2.360513
180.229000,0.001603,-0.003553,-0.043645,1.376289,0.091753,2.359048
180.249000,0.002566,-0.002556,-0.042100,1.377209,0.090081,2.357508
180.269000,0.002725,-0.001806,-0.040752,1.378076,0.088501,2.355920
180.289000,0.003352,-0.000938,-0.039397,1.378897,0.087005,2.354274
180.309000,0.003870,-0.000180,-0.037782,1.379729,0.085581,2.352569
180.329000,0.003297,0.001077,-0.036211,1.380500,0.084214,2.350872
180.349000,0.003373,0.002305,-0.034866,1.381249,0.082930,2.349185
180.369000,0.003911,0.003676,-0.033291,1.381991,0.081735,2.347503
180.389000,0.003934,0.005371,-0.032015,1.382689,0.080588,2.345854
180.409000,0.003163,0.006882,-0.030816,1.383358,0.079497,2.344235
180.429000,0.002595,0.008404,-0.029487,1.384020,0.078459,2.342646
180.449000,0.002786,0.010349,-0.028601,1.384673,0.077502,2.341126
180.469000,0.002077,0.011979,-0.027617,1.385313,0.076595,2.339660
180.489000,0.002219,0.013050,-0.026860,1.385983,0.075685,2.338278
180.509000,0.003614,0.014203,-0.025985,1.386648,0.074842,2.336890
180.529000,0.004546,0.015355,-0.025345,1.387354,0.074047,2.335579
180.549000,0.005004,0.016964,-0.025020,1.388046,0.073267,2.334372
180.569000,0.006174,0.018192,-0.024386,1.388719,0.072525,2.333199
180.592000,0.008013,0.019182,-0.024152,1.389544,0.071734,2.331935
180.609000,0.008969,0.019814,-0.024375,1.390165,0.071146,2.331064
180.629000,0.011003,0.019871,-0.024332,1.390925,0.070478,2.330097
180.649000,0.013463,0.019653,-0.024521,1.391704,0.069836,2.329191
180.669000,0.015032,0.019474,-0.024669,1.392512,0.069245,2.328283
180.689000,0.016004,0.019673,-0.024855,1.393350,0.068687,2.327406
180.709000,0.016369,0.019988,-0.025225,1.394232,0.068142,2.326534
180.729000,0.016852,0.020226,-0.025559,1.395135,0.067580,2.325722
180.749000,0.017971,0.020293,-0.026070,1.396114,0.067014,2.324946
180.769000,0.018376,0.020537,-0.026637,1.397148,0.066403,2.324129
180.789000,0.019360,0.020965,-0.027216,1.398230,0.065802,2.323391
180.809000,0.020190,0.021552,-0.027807,1.399347,0.065183,2.322667
180.829000,0.020654,0.022207,-0.028284,1.400495,0.064517,2.321971
180.849000,0.021359,0.022609,-0.028682,1.401673,0.063856,2.321365
180.869000,0.022185,0.022425,-0.029171,1.402871,0.063154,2.320831
180.889000,0.022480,0.021667,-0.029395,1.404067,0.062458,2.320374
180.909000,0.022763,0.020913,-0.029585,1.405270,0.061748,2.319960
180.929000,0.022661,0.019234,-0.029675,1.406455,0.061007,2.319605
180.949000,0.022265,0.017152,-0.029444,1.407653,0.060310,2.319278
180.969000,0.021794,0.015403,-0.029537,1.408884,0.059551,2.319039
180.989000,0.021105,0.013968,-0.029477,1.410115,0.058761,2.318912
181.009000,0.021315,0.012048,-0.029360,1.411354,0.057933,2.318865
181.029000,0.021781,0.010223,-0.029027,1.412599,0.057067,2.318903
181.049000,0.021928,0.008307,-0.028719,1.413856,0.056146,2.319026
181.069000,0.022330,0.006919,-0.028610,1.415091,0.055221,2.319224
181.089000,0.022064,0.005704,-0.028273,1.416292,0.054249,2.319507
181.109000,0.022354,0.004303,-0.028177,1.417511,0.053281,2.319885
181.129000,0.022506,0.003346,-0.027637,1.418713,0.052238,2.320321
181.149000,0.022402,0.002683,-0.027033,1.419861,0.051180,2.320805
181.169000,0.022177,0.001742,-0.026350,1.420964,0.050107,2.321356
181.189000,0.021878,0.000690,-0.025546,1.421979,0.048974,2.321975
181.209000,0.021767,-0.000878,-0.024673,1.422922,0.047874,2.322669
181.229000,0.020896,-0.002663,-0.023664,1.423782,0.046751,2.323361
181.249000,0.020108,-0.004464,-0.022728,1.424573,0.045632,2.324087
181.269000,0.018812,-0.006326,-0.021799,1.425292,0.044533,2.324862
181.289000,0.017500,-0.007961,-0.020942,1.425971,0.043419,2.325675
181.309000,0.016105,-0.009334,-0.019971,1.426584,0.042320,2.326485
181.329000,0.014299,-0.010601,-0.018981,1.427147,0.041219,2.327347
181.349000,0.012506,-0.011347,-0.017971,1.427638,0.040124,2.328243
181.369000,0.010907,-0.011570,-0.017064,1.428035,0.039005,2.329188
181.389000,0.009665,-0.011601,-0.016109,1.428370,0.037926,2.330120
181.409000,0.007900,-0.011774,-0.015316,1.428675,0.036844,2.331128
181.429000,0.006256,-0.011522,-0.014375,1.428906,0.035750,2.332147
181.449000,0.005348,-0.010874,-0.013274,1.429072,0.034676,2.333200
181.469000,0.005169,-0.009755,-0.012480,1.429176,0.033635,2.334295
181.489000,0.004338,-0.008357,-0.011301,1.429207,0.032615,2.335358
181.509000,0.002932,-0.006776,-0.010427,1.429164,0.031650,2.336449
181.529000,0.002321,-0.005318,-0.009316,1.429067,0.030755,2.337526
181.549000,0.001045,-0.003749,-0.007983,1.428920,0.029910,2.338610
181.569000,-0.000567,-0.002106,-0.007086,1.428728,0.029168,2.339722
181.589000,-0.001851,-0.000522,-0.005753,1.428517,0.028486,2.340799
181.609000,-0.003205,0.001605,-0.004498,1.428254,0.027865,2.341914
181.629000,-0.004611,0.003635,-0.003515,1.427964,0.027285,2.343033
181.649000,-0.005039,0.005347,-0.002693,1.427681,0.026773,2.344125
181.669000,-0.005464,0.007276,-0.001794,1.427383,0.026337,2.345196
181.689000,-0.006139,0.009407,-0.001084,1.427095,0.025957,2.346223
181.709000,-0.006425,0.011918,-0.000536,1.426814,0.025669,2.347266
181.729000,-0.006782,0.014578,0.000106,1.426512,0.025446,2.348257
181.749000,-0.007289,0.016578,0.000543,1.426216,0.025291,2.349249
181.769000,-0.007100,0.018439,0.000975,1.425926,0.025208,2.350196
181.789000,-0.006669,0.020201,0.001702,1.425607,0.025177,2.351117
181.809000,-0.006361,0.020760,0.002396,1.425305,0.025235,2.351980
181.829000,-0.005795,0.021229,0.003150,1.425002,0.025389,2.352807
181.849000,-0.005998,0.021644,0.003832,1.424710,0.025615,2.353571
181.869000,-0.005665,0.021550,0.004563,1.424463,0.025935,2.354360
181.889000,-0.004915,0.021505,0.005417,1.424226,0.026286,2.355099
181.909000,-0.004313,0.021248,0.006264,1.424029,0.026694,2.355773
181.929000,-0.003622,0.020951,0.006990,1.423881,0.027178,2.356417
181.949000,-0.002751,0.020762,0.007909,1.423776,0.027731,2.357000
181.969000,-0.002570,0.020855,0.008911,1.423709,0.028360,2.357545
181.989000,-0.002345,0.021059,0.009718,1.423696,0.029042,2.358087
182.009000,-0.001783,0.021458,0.010521,1.423694,0.029745,2.358638
182.029000,-0.000889,0.021496,0.011460,1.423726,0.030493,2.359160
182.049000,0.000434,0.020826,0.012099,1.423801,0.031307,2.359654
182.069000,0.001014,0.020340,0.012749,1.423872,0.032137,2.360127
182.089000,0.001989,0.019841,0.013319,1.423972,0.033030,2.360613
182.109000,0.002806,0.018634,0.013702,1.424117,0.033956,2.361059
182.129000,0.003568,0.017847,0.014272,1.424275,0.034923,2.361477
182.149000,0.004419,0.017274,0.014676,1.424459,0.035921,2.361879
182.169000,0.005199,0.016438,0.015074,1.424670,0.036933,2.362225
182.189000,0.006129,0.015852,0.015559,1.424936,0.037993,2.362549
182.209000,0.006594,0.015518,0.015845,1.425266,0.039114,2.362871
182.229000,0.006424,0.015694,0.016158,1.425641,0.040219,2.363158
182.249000,0.006943,0.016523,0.016430,1.426027,0.041322,2.363414
182.269000,0.008000,0.017809,0.016763,1.426450,0.042435,2.363650
182.289000,0.008960,0.019101,0.016758,1.426889,0.043536,2.363944
182.309000,0.009517,0.020112,0.016859,1.427350,0.044609,2.364192
182.329000,0.011022,0.020695,0.016601,1.427827,0.045713,2.364364
182.349000,0.011854,0.020838,0.016401,1.428298,0.046791,2.364554
182.369000,0.013097,0.021145,0.016078,1.428802,0.047849,2.364757
182.389000,0.014366,0.021120,0.015824,1.429280,0.048901,2.364959
182.409000,0.015671,0.020155,0.015481,1.429761,0.049930,2.365133
182.429000,0.016916,0.019039,0.015155,1.430268,0.050984,2.365282
182.449000,0.017106,0.017974,0.014968,1.430784,0.052011,2.365366
182.469000,0.017440,0.016814,0.014759,1.431287,0.053051,2.365393
182.489000,0.017492,0.015024,0.014451,1.431823,0.054091,2.365375
182.509000,0.017153,0.013301,0.014244,1.432351,0.055152,2.365325
182.529000,0.015851,0.011354,0.014238,1.432864,0.056184,2.365258
182.549000,0.015011,0.009821,0.013874,1.433368,0.057240,2.365199
182.569000,0.013745,0.008034,0.013671,1.433839,0.058273,2.365108
182.589000,0.012327,0.005649,0.013207,1.434322,0.059302,2.365033
182.609000,0.011397,0.003591,0.012947,1.434781,0.060309,2.364956
182.629000,0.010643,0.001673,0.012561,1.435213,0.061301,2.364885
182.649000,0.009767,-0.000415,0.011868,1.435635,0.062298,2.364818
182.669000,0.009065,-0.002356,0.011344,1.436032,0.063293,2.364741
182.689000,0.008641,-0.004074,0.010713,1.436405,0.064287,2.364625
182.709000,0.008186,-0.005579,0.009803,1.436750,0.065311,2.364495
182.729000,0.007155,-0.006889,0.008865,1.437064,0.066309,2.364343
182.749000,0.006411,-0.008275,0.007854,1.437312,0.067285,2.364179
182.769000,0.006442,-0.009773,0.006830,1.437514,0.068302,2.363987
182.789000,0.006400,-0.010983,0.005798,1.437684,0.069343,2.363745
182.809000,0.005800,-0.011684,0.004696,1.437766,0.070413,2.363394
182.829000,0.004566,-0.012234,0.003926,1.437772,0.071512,2.362980
182.849000,0.003195,-0.012756,0.003205,1.437732,0.072657,2.362523
182.869000,0.002042,-0.013195,0.002624,1.437627,0.073857,2.362025
182.889000,0.000838,-0.013034,0.002102,1.437406,0.075065,2.361511
182.909000,-0.000141,-0.013125,0.001730,1.437135,0.076327,2.360979
182.929000,-0.001147,-0.012959,0.001328,1.436786,0.077622,2.360402
182.949000,-0.002016,-0.012393,0.001107,1.436363,0.078959,2.359799
182.969000,-0.002768,-0.011812,0.001087,1.435871,0.080350,2.359158
182.989000,-0.003394,-0.010963,0.000897,1.435319,0.081825,2.358475
183.009000,-0.004261,-0.010056,0.000699,1.434704,0.083351,2.357783
183.029000,-0.004987,-0.008953,0.000580,1.434034,0.084962,2.357113
183.049000,-0.005321,-0.007884,0.000511,1.433317,0.086616,2.356482
183.069000,-0.005203,-0.006332,0.000417,1.432558,0.088314,2.355865
183.089000,-0.004997,-0.004551,0.000408,1.431736,0.090056,2.355245
183.109000,-0.004613,-0.002457,0.000458,1.430853,0.091874,2.354608
183.129000,-0.003779,-0.000674,0.000587,1.429952,0.093702,2.353949
183.149000,-0.003130,0.001275,0.000654,1.428987,0.095579,2.353344
183.169000,-0.002600,0.002765,0.000681,1.427962,0.097515,2.352717
183.189000,-0.001469,0.003791,0.000823,1.426875,0.099472,2.352107
183.209000,-0.000162,0.004352,0.001004,1.425778,0.101481,2.351514
183.229000,0.000665,0.004836,0.001253,1.424623,0.103537,2.350934
183.249000,0.001256,0.005293,0.001306,1.423442,0.105635,2.350388
183.269000,0.002103,0.005502,0.001647,1.422214,0.107773,2.349903
183.289000,0.002545,0.005402,0.001884,1.420954,0.109928,2.349449
183.309000,0.003336,0.004909,0.002123,1.419674,0.112098,2.349034
183.329000,0.004580,0.004253,0.002360,1.418365,0.114262,2.348657
183.349000,0.005728,0.003348,0.002435,1.417048,0.116438,2.348325
183.369000,0.007874,0.002774,0.002448,1.415712,0.118619,2.348069
183.389000,0.009143,0.002284,0.002328,1.414379,0.120777,2.347782
183.409000,0.010333,0.001785,0.002184,1.413037,0.122966,2.347496
183.429000,0.011269,0.001215,0.001900,1.411675,0.125138,2.347297
183.449000,0.012398,0.000826,0.001498,1.410290,0.127276,2.347102
183.469000,0.013721,0.000118,0.001235,1.408876,0.129396,2.346936
183.489000,0.015512,-0.000641,0.000823,1.407459,0.131473,2.346771
183.509000,0.017023,-0.001251,0.000243,1.406033,0.133501,2.346595
183.529000,0.018538,-0.001727,-0.000063,1.404554,0.135511,2.346368
183.549000,0.019835,-0.002621,-0.000623,1.403041,0.137509,2.346100
183.569000,0.021094,-0.003789,-0.001273,1.401513,0.139530,2.345791
183.589000,0.021738,-0.004734,-0.001769,1.399940,0.141527,2.345434
183.609000,0.021981,-0.005550,-0.002396,1.398343,0.143510,2.345079
183.629000,0.022048,-0.006141,-0.002967,1.396730,0.145456,2.344696
183.649000,0.022076,-0.006687,-0.003354,1.395088,0.147377,2.344236
183.669000,0.022182,-0.007139,-0.003731,1.393400,0.149244,2.343797
183.689000,0.022217,-0.007661,-0.004246,1.391712,0.151076,2.343325
183.709000,0.022105,-0.008117,-0.004727,1.390033,0.152893,2.342852
183.729000,0.021579,-0.008181,-0.005020,1.388317,0.154616,2.342359
183.749000,0.021225,-0.008097,-0.005390,1.386572,0.156319,2.341816
183.769000,0.021198,-0.007939,-0.005773,1.384823,0.157966,2.341330
183.789000,0.021576,-0.007513,-0.006260,1.383046,0.159569,2.340872
183.809000,0.022025,-0.006841,-0.006640,1.381249,0.161127,2.340426
183.829000,0.022239,-0.006181,-0.006996,1.379455,0.162660,2.339947
183.849000,0.022235,-0.005257,-0.007619,1.377657,0.164162,2.339407
183.869000,0.021887,-0.003990,-0.008022,1.375839,0.165602,2.338868
183.889000,0.022010,-0.002142,-0.008383,1.373972,0.166956,2.338319
183.909000,0.022481,-0.000554,-0.008972,1.372140,0.168227,2.337771
183.929000,0.023210,0.001330,-0.009613,1.370274,0.169384,2.337225
183.949000,0.024857,0.003097,-0.010175,1.368420,0.170459,2.336663
183.969000,0.027173,0.004538,-0.010908,1.366636,0.171482,2.336101
183.989000,0.028988,0.006243,-0.011400,1.364884,0.172451,2.335481
184.009000,0.029853,0.008323,-0.012108,1.363184,0.173333,2.334854
184.029000,0.030401,0.010783,-0.013087,1.361519,0.174143,2.334245
184.049000,0.030993,0.013503,-0.013627,1.359863,0.174882,2.333616
184.069000,0.032257,0.016163,-0.014275,1.358268,0.175559,2.333017
184.089000,0.033346,0.018511,-0.014678,1.356739,0.176158,2.332364
184.109000,0.033327,0.020766,-0.014967,1.355252,0.176699,2.331643
184.129000,0.032936,0.023018,-0.015469,1.353838,0.177207,2.330902
184.149000,0.032694,0.025534,-0.015904,1.352485,0.177624,2.330183
184.169000,0.032267,0.027581,-0.016267,1.351198,0.177981,2.329454
184.189000,0.031542,0.028904,-0.016496,1.349989,0.178267,2.328769
184.209000,0.030950,0.030333,-0.016736,1.348879,0.178445,2.328124
184.229000,0.030956,0.032039,-0.017247,1.347862,0.178536,2.327499
184.249000,0.030861,0.033180,-0.017759,1.346941,0.178582,2.326877
184.269000,0.031051,0.033488,-0.018444,1.346090,0.178510,2.326233
184.289000,0.031627,0.033568,-0.018945,1.345318,0.178354,2.325532
184.309000,0.031675,0.033346,-0.019346,1.344640,0.178101,2.324866
184.329000,0.032126,0.032715,-0.019668,1.344067,0.177802,2.324173
184.349000,0.032710,0.031859,-0.019917,1.343580,0.177401,2.323503
184.369000,0.032628,0.030514,-0.020076,1.343187,0.176940,2.322850
184.389000,0.032530,0.028914,-0.020115,1.342881,0.176448,2.322261
184.409000,0.031877,0.027113,-0.020150,1.342635,0.175903,2.321663
184.429000,0.030829,0.024743,-0.019717,1.342504,0.175331,2.321093
184.449000,0.029237,0.022617,-0.019328,1.342439,0.174678,2.320597
184.469000,0.027248,0.020628,-0.018937,1.342433,0.173967,2.320137
184.489000,0.024884,0.018525,-0.018409,1.342529,0.173190,2.319758
184.509000,0.022694,0.016750,-0.017968,1.342677,0.172333,2.319414
184.529000,0.021113,0.014759,-0.017322,1.342920,0.171384,2.319098
184.549000,0.020143,0.013090,-0.016761,1.343212,0.170409,2.318858
184.569000,0.019240,0.011581,-0.015937,1.343550,0.169351,2.318669
184.589000,0.018334,0.010247,-0.015075,1.343896,0.168230,2.318547
184.609000,0.017561,0.008570,-0.014242,1.344305,0.167092,2.318458
184.629000,0.016912,0.007137,-0.013398,1.344729,0.165882,2.318418
184.649000,0.016984,0.005351,-0.012541,1.345195,0.164598,2.318394
184.669000,0.017910,0.003672,-0.011551,1.345719,0.163211,2.318357
184.689000,0.018656,0.002457,-0.010488,1.346246,0.161752,2.318344
184.709000,0.019626,0.001761,-0.009594,1.346801,0.160251,2.318369
184.729000,0.020479,0.001341,-0.008583,1.347371,0.158727,2.318467
184.749000,0.021145,0.001309,-0.007541,1.347959,0.157158,2.318518
184.769000,0.022206,0.001473,-0.006419,1.348574,0.155551,2.318583
184.789000,0.022997,0.001841,-0.005314,1.349212,0.153881,2.318659
184.809000,0.023548,0.002693,-0.004062,1.349801,0.152175,2.318742
184.829000,0.024038,0.003381,-0.002861,1.350412,0.150372,2.318836
184.849000,0.024604,0.003979,-0.001360,1.350995,0.148573,2.318911
184.869000,0.024135,0.004086,0.000025,1.351552,0.146751,2.318977
184.889000,0.022817,0.003723,0.001247,1.352171,0.144935,2.319088
184.909000,0.021471,0.003446,0.002511,1.352814,0.143088,2.319223
184.929000,0.020124,0.003790,0.003726,1.353454,0.141197,2.319452
184.949000,0.018836,0.004402,0.004938,1.354127,0.139254,2.319827
184.969000,0.017624,0.005366,0.006265,1.354811,0.137256,2.320294
184.989000,0.016294,0.006442,0.007354,1.355514,0.135198,2.320858
185.009000,0.015037,0.007863,0.008243,1.356238,0.133104,2.321476
185.029000,0.014208,0.009481,0.009480,1.356966,0.130961,2.322174
185.049000,0.013618,0.011418,0.010693,1.357727,0.128800,2.322951
185.069000,0.012228,0.013199,0.011717,1.358527,0.126617,2.323787
185.089000,0.010467,0.015034,0.012443,1.359323,0.124400,2.324720
185.109000,0.009877,0.016597,0.013323,1.360209,0.122191,2.325676
185.129000,0.009940,0.018193,0.014223,1.361074,0.119926,2.326678
185.149000,0.008732,0.019263,0.015037,1.361948,0.117618,2.327685
185.169000,0.008328,0.019934,0.016139,1.362882,0.115329,2.328681
185.189000,0.007695,0.020732,0.017113,1.363809,0.113051,2.329648
185.209000,0.005904,0.021073,0.018190,1.364862,0.110880,2.330581
185.229000,0.003826,0.021759,0.019293,1.365916,0.108715,2.331452
185.249000,0.001409,0.022592,0.020543,1.367017,0.106591,2.332304
185.269000,-0.001572,0.023369,0.021515,1.368199,0.104482,2.333213
185.289000,-0.004120,0.024015,0.022476,1.369432,0.102494,2.334048
185.309000,-0.006608,0.024854,0.023417,1.370757,0.100481,2.334957
185.329000,-0.009146,0.025786,0.024431,1.372168,0.098462,2.335836
185.349000,-0.011441,0.027279,0.025253,1.373636,0.096482,2.336638
185.369000,-0.012898,0.028723,0.026097,1.375124,0.094502,2.337474
185.389000,-0.013311,0.030059,0.026551,1.376738,0.092655,2.338355
185.409000,-0.014405,0.030864,0.026948,1.378378,0.090839,2.339214
185.429000,-0.015098,0.031381,0.027268,1.380080,0.089065,2.340139
185.449000,-0.015549,0.031147,0.027739,1.381809,0.087398,2.341013
185.469000,-0.016243,0.030059,0.028165,1.383586,0.085815,2.341857
185.489000,-0.016401,0.028601,0.028686,1.385391,0.084255,2.342678
185.509000,-0.015954,0.026453,0.029087,1.387214,0.082797,2.343467
185.529000,-0.015464,0.023733,0.029697,1.389095,0.081393,2.344157
185.549000,-0.014650,0.021236,0.030103,1.390971,0.080042,2.344736
185.569000,-0.013947,0.018343,0.030692,1.392884,0.078782,2.345243
185.589000,-0.013101,0.014999,0.030837,1.394848,0.077563,2.345655
185.609000,-0.011861,0.011738,0.031215,1.396805,0.076436,2.345944
185.629000,-0.010870,0.008512,0.031765,1.398752,0.075387,2.346140
185.649000,-0.009625,0.005335,0.031876,1.400699,0.074420,2.346294
185.669000,-0.008950,0.001691,0.032282,1.402615,0.073551,2.346325
185.689000,-0.008567,-0.002158,0.032632,1.404494,0.072777,2.346258
185.709000,-0.008257,-0.005751,0.033006,1.406314,0.072102,2.346127
185.729000,-0.009866,-0.009868,0.033507,1.408086,0.071494,2.345883
185.749000,-0.011025,-0.013255,0.034074,1.409819,0.070971,2.345681
185.769000,-0.011958,-0.016409,0.034464,1.411518,0.070488,2.345427
185.789000,-0.012198,-0.019310,0.034702,1.413165,0.070096,2.345135
185.809000,-0.012819,-0.021496,0.034993,1.414749,0.069751,2.344860
185.829000,-0.013295,-0.022372,0.035413,1.416245,0.069460,2.344606
185.849000,-0.013358,-0.022431,0.035764,1.417684,0.069254,2.344368
185.869000,-0.013977,-0.021850,0.035876,1.419042,0.069139,2.344128
185.889000,-0.015107,-0.020311,0.036042,1.420294,0.069126,2.343821
185.909000,-0.016133,-0.018465,0.036173,1.421482,0.069189,2.343532
185.929000,-0.017163,-0.015952,0.036355,1.422559,0.069351,2.343227
185.949000,-0.018089,-0.013033,0.036407,1.423529,0.069594,2.342915
185.969000,-0.018325,-0.010207,0.036583,1.424424,0.069945,2.342602
185.989000,-0.018414,-0.007219,0.036648,1.425214,0.070353,2.342285
186.009000,-0.018449,-0.004937,0.036758,1.425916,0.070847,2.341924
186.029000,-0.018067,-0.003234,0.036711,1.426541,0.071419,2.341591
186.049000,-0.016589,-0.001766,0.036700,1.427084,0.072084,2.341284
186.069000,-0.015532,-0.000508,0.036760,1.427589,0.072807,2.341002
186.089000,-0.014737,0.001067,0.036832,1.427992,0.073622,2.340770
186.109000,-0.013853,0.002472,0.036835,1.428330,0.074530,2.340587
186.129000,-0.012905,0.003320,0.036868,1.428584,0.075532,2.340422
186.149000,-0.011972,0.003820,0.036819,1.428802,0.076643,2.340283
186.169000,-0.011142,0.004495,0.036819,1.428965,0.077824,2.340136
186.189000,-0.010702,0.005037,0.036863,1.429062,0.079082,2.340020
186.209000,-0.010044,0.005425,0.036621,1.429112,0.080417,2.339973
186.229000,-0.009277,0.005589,0.036509,1.429127,0.081819,2.339944
186.251000,-0.008577,0.005406,0.036104,1.429108,0.083460,2.339966
186.269000,-0.007535,0.005258,0.035690,1.429067,0.084832,2.340000
186.289000,-0.006382,0.005642,0.035277,1.428968,0.086414,2.340057
186.309000,-0.005458,0.005915,0.034518,1.428869,0.088024,2.340142
186.329000,-0.003844,0.005997,0.033752,1.428745,0.089660,2.340284
186.349000,-0.001844,0.005799,0.033162,1.428586,0.091336,2.340432
186.369000,-0.000015,0.005501,0.032090,1.428404,0.093023,2.340606
186.389000,0.001979,0.005357,0.031095,1.428191,0.094707,2.340807
186.409000,0.004525,0.005554,0.030040,1.427926,0.096429,2.341043
186.429000,0.006595,0.005345,0.028740,1.427628,0.098128,2.341310
186.449000,0.008900,0.004836,0.027583,1.427299,0.099820,2.341621
186.469000,0.011792,0.004287,0.026412,1.426956,0.101511,2.341942
186.489000,0.013753,0.004161,0.025420,1.426558,0.103171,2.342282
186.509000,0.015578,0.003877,0.024692,1.426150,0.104831,2.342599
186.529000,0.017950,0.003906,0.023738,1.425715,0.106469,2.342906
186.549000,0.019369,0.003374,0.023156,1.425266,0.108062,2.343202
186.569000,0.020752,0.003272,0.022450,1.424791,0.109643,2.343465
186.589000,0.021892,0.003592,0.021918,1.424276,0.111159,2.343688
186.609000,0.022760,0.004171,0.021142,1.423716,0.112635,2.343890
186.629000,0.023765,0.003914,0.020600,1.423135,0.114029,2.344062
186.649000,0.025497,0.003434,0.020185,1.422515,0.115348,2.344247
186.669000,0.026654,0.002861,0.019465,1.421864,0.116547,2.344439
186.689000,0.027874,0.002436,0.019037,1.421164,0.117633,2.344667
186.709000,0.029719,0.001937,0.018173,1.420423,0.118663,2.344899
186.729000,0.030668,0.000835,0.017704,1.419663,0.119589,2.345139
186.749000,0.032052,0.000030,0.016987,1.418856,0.120420,2.345382
186.769000,0.032997,-0.000776,0.016318,1.418004,0.121161,2.345660
186.789000,0.033439,-0.001753,0.015420,1.417124,0.121769,2.345995
186.809000,0.035079,-0.002645,0.014615,1.416204,0.122268,2.346377
186.829000,0.036533,-0.003534,0.014089,1.415238,0.122662,2.346672
186.849000,0.037187,-0.004321,0.013094,1.414268,0.122932,2.346908
186.869000,0.037332,-0.005046,0.012504,1.413230,0.123088,2.347088
186.889000,0.037791,-0.005789,0.011892,1.412107,0.123132,2.347232
186.909000,0.038338,-0.006904,0.010993,1.410925,0.123042,2.347336
186.929000,0.038582,-0.008425,0.010271,1.409688,0.122851,2.347346
186.949000,0.038831,-0.009879,0.009579,1.408385,0.122584,2.347345
186.969000,0.037988,-0.011492,0.008975,1.407022,0.122201,2.347312
186.989000,0.036545,-0.012957,0.008552,1.405588,0.121710,2.347219
187.009000,0.035082,-0.014002,0.008058,1.404074,0.121162,2.347144
187.029000,0.033227,-0.015084,0.007694,1.402508,0.120493,2.347067
187.049000,0.031288,-0.015885,0.007351,1.400869,0.119764,2.346983
187.069000,0.028836,-0.016672,0.007101,1.399181,0.118943,2.346914
187.089000,0.025898,-0.016928,0.007097,1.397394,0.118058,2.346855
187.109000,0.022808,-0.016892,0.006893,1.395534,0.117132,2.346774
187.129000,0.019348,-0.016698,0.006838,1.393594,0.116122,2.346668
187.149000,0.016004,-0.016543,0.006806,1.391597,0.115108,2.346569
187.169000,0.012360,-0.016074,0.006795,1.389537,0.114061,2.346454
187.189000,0.008274,-0.015312,0.006778,1.387451,0.112983,2.346349
187.209000,0.004466,-0.014272,0.006565,1.385289,0.111913,2.346286
187.229000,0.001348,-0.012679,0.006527,1.383057,0.110854,2.346249
187.251000,-0.001847,-0.010634,0.006268,1.380520,0.109712,2.346208
187.269000,-0.005115,-0.008678,0.006464,1.378414,0.108793,2.346140
187.289000,-0.008837,-0.006435,0.006328,1.376026,0.107804,2.346100
187.309000,-0.011759,-0.004008,0.005982,1.373594,0.106871,2.346027
187.329000,-0.014286,-0.001576,0.005735,1.371154,0.105994,2.345941
187.349000,-0.016420,0.000656,0.005586,1.368748,0.105241,2.345824
187.369000,-0.018855,0.003105,0.005213,1.366323,0.104545,2.345662
187.389000,-0.021106,0.005927,0.004548,1.363867,0.103954,2.345475
187.409000,-0.023399,0.008800,0.003960,1.361378,0.103427,2.345277
187.429000,-0.024835,0.011129,0.003631,1.358886,0.102960,2.345070
187.449000,-0.025457,0.012817,0.003299,1.356383,0.102635,2.344861
187.469000,-0.025926,0.014569,0.002727,1.353897,0.102409,2.344641
187.489000,-0.026415,0.016569,0.002121,1.351443,0.102228,2.344348
187.509000,-0.026577,0.018275,0.001736,1.348986,0.102168,2.344125
187.529000,-0.026236,0.019272,0.001276,1.346597,0.102235,2.343760
187.549000,-0.025210,0.020220,0.000761,1.344233,0.102404,2.343388
187.569000,-0.024457,0.021055,0.000237,1.341861,0.102674,2.343080
187.589000,-0.023326,0.021692,-0.000031,1.339548,0.103063,2.342756
187.609000,-0.022085,0.021984,-0.000186,1.337297,0.103548,2.342428
187.629000,-0.020915,0.022220,-0.000462,1.335088,0.104173,2.342072
187.649000,-0.019928,0.022336,-0.000592,1.332976,0.104895,2.341722
187.669000,-0.018764,0.022720,-0.000440,1.330946,0.105750,2.341396
187.689000,-0.017810,0.023446,-0.000617,1.329001,0.106716,2.341084
187.709000,-0.017196,0.024569,-0.000568,1.327143,0.107770,2.340771
187.729000,-0.016712,0.025984,-0.000316,1.325377,0.108902,2.340434
187.749000,-0.015346,0.027744,-0.000223,1.323688,0.110161,2.340007
187.769000,-0.014030,0.029616,-0.000288,1.322138,0.111512,2.339585
187.789000,-0.013550,0.031949,-0.000166,1.320681,0.112980,2.339174
187.809000,-0.014168,0.034899,-0.000218,1.319353,0.114540,2.338770
187.829000,-0.015326,0.038553,-0.000448,1.318127,0.116179,2.338340
187.849000,-0.015681,0.042097,-0.000771,1.317014,0.117883,2.337847
187.869000,-0.014529,0.045371,-0.000883,1.316020,0.119629,2.337392
187.889000,-0.013076,0.048498,-0.000972,1.315133,0.121448,2.336921
187.909000,-0.012664,0.051494,-0.001532,1.314367,0.123302,2.336495
187.929000,-0.011620,0.054394,-0.001972,1.313751,0.125226,2.336089
187.949000,-0.009641,0.056828,-0.002133,1.313247,0.127179,2.335725
187.969000,-0.007986,0.058585,-0.002685,1.312889,0.129183,2.335371
187.989000,-0.006714,0.060217,-0.003185,1.312672,0.131191,2.335068
188.009000,-0.004390,0.061297,-0.003567,1.312602,0.133260,2.334794
188.029000,-0.002371,0.061358,-0.004226,1.312695,0.135341,2.334593
188.049000,-0.000222,0.061677,-0.004827,1.312899,0.137447,2.334401
188.069000,0.001951,0.061938,-0.005448,1.313295,0.139568,2.334239
188.089000,0.004110,0.061852,-0.005973,1.313888,0.141699,2.334163
188.109000,0.006656,0.061344,-0.006512,1.314624,0.143826,2.334035
188.129000,0.009256,0.061134,-0.007174,1.315572,0.145958,2.333981
188.149000,0.011030,0.061221,-0.007618,1.316671,0.148091,2.333907
188.169000,0.012884,0.061620,-0.008081,1.317954,0.150242,2.333898
188.189000,0.014337,0.062234,-0.008827,1.319452,0.152389,2.333945
188.209000,0.015569,0.062957,-0.009398,1.321088,0.154516,2.333937
188.229000,0.017087,0.063525,-0.009989,1.322885,0.156612,2.334003
188.251000,0.018640,0.063724,-0.010373,1.325051,0.158874,2.334145
188.269000,0.019575,0.064066,-0.010688,1.326958,0.160718,2.334260
188.289000,0.020199,0.064331,-0.011106,1.329191,0.162668,2.334400
188.309000,0.021578,0.062914,-0.011223,1.331549,0.164587,2.334528
188.329000,0.023016,0.061753,-0.011531,1.334011,0.166407,2.334700
188.349000,0.023808,0.060356,-0.011832,1.336601,0.168157,2.334924
188.369000,0.025106,0.058460,-0.012038,1.339379,0.169864,2.335223
188.389000,0.026148,0.056428,-0.012182,1.342294,0.171468,2.335536
188.409000,0.026929,0.054474,-0.012229,1.345305,0.173045,2.335845
188.429000,0.027194,0.052552,-0.012128,1.348496,0.174543,2.336254
188.449000,0.027580,0.050933,-0.012108,1.351824,0.175974,2.336716
188.469000,0.027415,0.049457,-0.012039,1.355272,0.177343,2.337247
188.489000,0.026777,0.047781,-0.011893,1.358793,0.178608,2.337862
188.509000,0.026684,0.046073,-0.011437,1.362411,0.179819,2.338546
188.529000,0.026269,0.044054,-0.011208,1.366112,0.180955,2.339250
188.549000,0.025834,0.041557,-0.010773,1.369859,0.181962,2.340006
188.569000,0.026258,0.038442,-0.010294,1.373689,0.182928,2.340760
188.589000,0.025125,0.034863,-0.009167,1.377553,0.183726,2.341511
188.609000,0.024957,0.032042,-0.008375,1.381461,0.184489,2.342293
188.629000,0.025006,0.029712,-0.007563,1.385397,0.185194,2.343055
188.649000,0.023569,0.026931,-0.006644,1.389362,0.185826,2.343810
188.669000,0.022751,0.024047,-0.005861,1.393371,0.186440,2.344603
188.689000,0.022235,0.021069,-0.004900,1.397359,0.186987,2.345426
188.709000,0.020667,0.017818,-0.004093,1.401352,0.187481,2.346213
188.729000,0.019311,0.015058,-0.003026,1.405324,0.187944,2.346973
188.749000,0.017550,0.012490,-0.001978,1.409277,0.188374,2.347707
188.769000,0.015876,0.009823,-0.001048,1.413187,0.188772,2.348399
188.789000,0.014365,0.006888,-0.000024,1.417054,0.189112,2.348976
188.809000,0.012485,0.003764,0.001007,1.420833,0.189447,2.349495
188.829000,0.010758,0.000725,0.001962,1.424557,0.189737,2.349958
188.849000,0.008861,-0.001715,0.002853,1.428251,0.190063,2.350423
188.869000,0.006709,-0.003830,0.003542,1.431850,0.190366,2.350850
188.889000,0.004491,-0.005817,0.004257,1.435394,0.190683,2.351260
188.909000,0.002651,-0.007238,0.004898,1.438848,0.190943,2.351693
188.929000,0.001474,-0.008416,0.005562,1.442194,0.191169,2.352113
188.949000,0.000866,-0.009923,0.006311,1.445437,0.191363,2.352616
188.969000,0.001018,-0.011387,0.007285,1.448519,0.191524,2.353113
188.989000,0.001395,-0.012731,0.007797,1.451479,0.191688,2.353655
189.009000,0.002014,-0.014400,0.008405,1.454317,0.191814,2.354229
189.029000,0.003327,-0.016131,0.009250,1.457030,0.191915,2.354864
189.049000,0.004560,-0.017663,0.009897,1.459594,0.191963,2.355526
189.069000,0.005964,-0.018862,0.010698,1.461963,0.191980,2.356182
189.089000,0.008308,-0.020009,0.011466,1.464190,0.191946,2.356846
189.109000,0.010560,-0.021710,0.012072,1.466251,0.191896,2.357455
189.129000,0.012416,-0.023905,0.013112,1.468123,0.191786,2.358004
189.149000,0.015119,-0.025869,0.013922,1.469797,0.191635,2.358578
189.169000,0.016827,-0.028149,0.014946,1.471331,0.191497,2.359031
189.189000,0.017978,-0.030116,0.016031,1.472668,0.191364,2.359418
189.209000,0.018914,-0.032035,0.017017,1.473839,0.191224,2.359750
189.229000,0.018825,-0.034124,0.018113,1.474795,0.191072,2.359984
189.249000,0.018862,-0.035866,0.019057,1.475552,0.190903,2.360176
189.269000,0.018227,-0.037439,0.020102,1.476106,0.190713,2.360347
189.289000,0.017284,-0.039464,0.021107,1.476480,0.190509,2.360465
189.309000,0.016485,-0.041582,0.022257,1.476646,0.190304,2.360538
189.329000,0.014956,-0.043515,0.023119,1.476594,0.190026,2.360593
189.349000,0.013522,-0.045337,0.024215,1.476289,0.189723,2.360598
189.369000,0.012241,-0.047599,0.025371,1.475812,0.189404,2.360622
189.389000,0.010296,-0.049871,0.026317,1.475084,0.189043,2.360604
189.409000,0.008573,-0.052316,0.027211,1.474156,0.188670,2.360522
189.429000,0.007551,-0.054592,0.027836,1.473042,0.188291,2.360486
189.449000,0.006096,-0.056547,0.028642,1.471726,0.187871,2.360422
189.469000,0.004521,-0.058045,0.029244,1.470210,0.187428,2.360363
189.489000,0.003840,-0.058303,0.029843,1.468511,0.186939,2.360292
189.509000,0.004068,-0.057651,0.030334,1.466635,0.186376,2.360201
189.529000,0.004307,-0.056396,0.030686,1.464577,0.185767,2.360137
189.549000,0.005447,-0.054187,0.031146,1.462329,0.185123,2.360057
189.569000,0.006277,-0.051549,0.031570,1.459891,0.184442,2.359970
189.589000,0.007170,-0.048709,0.031787,1.457265,0.183725,2.359890
189.609000,0.008561,-0.045547,0.031945,1.454433,0.182989,2.359771
189.629000,0.010271,-0.042325,0.032268,1.451431,0.182263,2.359673
189.649000,0.011380,-0.038404,0.032517,1.448248,0.181532,2.359512
189.669000,0.012104,-0.034145,0.032798,1.444878,0.180806,2.359378
189.689000,0.013049,-0.029878,0.033156,1.441392,0.180053,2.359188
189.709000,0.014116,-0.025603,0.033408,1.437764,0.179285,2.358958
189.729000,0.014909,-0.021939,0.033902,1.433992,0.178554,2.358746
189.749000,0.014324,-0.018913,0.034192,1.430097,0.177799,2.358482
189.769000,0.014039,-0.015935,0.034623,1.426089,0.177058,2.358124
189.789000,0.013921,-0.012925,0.034793,1.421961,0.176304,2.357860
189.809000,0.013037,-0.010350,0.034926,1.417748,0.175527,2.357491
189.829000,0.012655,-0.008287,0.035313,1.413462,0.174727,2.357152
189.849000,0.012670,-0.006455,0.035512,1.409143,0.173926,2.356761
189.869000,0.011834,-0.004923,0.035502,1.404799,0.173070,2.356349
189.889000,0.011896,-0.004219,0.035451,1.400441,0.172187,2.355900
189.909000,0.012406,-0.003134,0.035557,1.396021,0.171295,2.355399
189.929000,0.012627,-0.001789,0.035491,1.391592,0.170420,2.354918
189.949000,0.011978,-0.000057,0.035317,1.387186,0.169501,2.354439
189.969000,0.011492,0.002038,0.035257,1.382796,0.168596,2.353926
189.989000,0.011125,0.004310,0.035032,1.378440,0.167675,2.353443
190.009000,0.010739,0.007077,0.035007,1.374068,0.166715,2.352960
190.029000,0.010892,0.009740,0.034592,1.369771,0.165718,2.352449
190.049000,0.011398,0.012179,0.034254,1.365532,0.164658,2.351975
190.069000,0.012196,0.015037,0.033874,1.361332,0.163551,2.351481
190.089000,0.013635,0.018200,0.033456,1.357179,0.162406,2.351012
190.109000,0.015448,0.021380,0.033037,1.353088,0.161245,2.350588
190.129000,0.016927,0.024484,0.032617,1.349088,0.160073,2.350183
190.149000,0.017571,0.026928,0.032060,1.345203,0.158869,2.349808
190.169000,0.018299,0.029397,0.031501,1.341370,0.157620,2.349462
190.189000,0.019579,0.031651,0.030544,1.337662,0.156392,2.349195
190.209000,0.019752,0.033692,0.029969,1.334053,0.155125,2.348972
190.229000,0.019872,0.035333,0.029111,1.330575,0.153881,2.348762
190.249000,0.019899,0.037331,0.028283,1.327173,0.152601,2.348621
190.269000,0.019640,0.038551,0.027331,1.323930,0.151308,2.348527
190.289000,0.019355,0.039734,0.026509,1.320818,0.149971,2.348523
190.309000,0.018993,0.041371,0.025546,1.317794,0.148558,2.348569
190.329000,0.018610,0.042800,0.024679,1.314910,0.147118,2.348687
190.349000,0.017797,0.043469,0.023878,1.312150,0.145679,2.348899
190.369000,0.016479,0.044085,0.023164,1.309519,0.144253,2.349173
190.389000,0.015293,0.045061,0.022196,1.307038,0.142800,2.349578
190.409000,0.013843,0.045874,0.021565,1.304723,0.141338,2.350082
190.429000,0.012420,0.046374,0.020550,1.302520,0.139854,2.350627
190.449000,0.011047,0.046494,0.019691,1.300460,0.138307,2.351211
190.469000,0.010136,0.046601,0.018736,1.298549,0.136766,2.351821
190.489000,0.008784,0.046847,0.017465,1.296807,0.135210,2.352497
190.509000,0.007900,0.046965,0.016036,1.295194,0.133623,2.353223
190.529000,0.007782,0.047045,0.014685,1.293734,0.132033,2.353996
190.549000,0.007369,0.047086,0.013265,1.292403,0.130459,2.354735
190.569000,0.005760,0.047227,0.011942,1.291222,0.128911,2.355509
190.589000,0.004313,0.047227,0.010433,1.290178,0.127329,2.356248
190.609000,0.003884,0.046960,0.009201,1.289261,0.125785,2.356904
190.629000,0.002222,0.046311,0.007999,1.288486,0.124295,2.357589
190.649000,0.000464,0.045310,0.006830,1.287811,0.122836,2.358225
190.669000,-0.000887,0.043844,0.005785,1.287216,0.121419,2.358814
190.689000,-0.001913,0.041537,0.004533,1.286759,0.120056,2.359397
190.709000,-0.003178,0.039165,0.003202,1.286437,0.118745,2.359936
190.729000,-0.004663,0.036647,0.002503,1.286209,0.117491,2.360462
190.749000,-0.007049,0.034179,0.001710,1.286075,0.116337,2.360952
190.769000,-0.009410,0.032103,0.001048,1.286039,0.115268,2.361405
190.789000,-0.011835,0.030079,0.000623,1.286080,0.114271,2.361764
190.809000,-0.014637,0.027770,0.000328,1.286229,0.113381,2.362089
190.829000,-0.017089,0.025563,-0.000391,1.286463,0.112584,2.362401
190.849000,-0.019124,0.023144,-0.000695,1.286786,0.111872,2.362702
190.869000,-0.020991,0.021079,-0.001178,1.287175,0.111296,2.363018
190.889000,-0.023061,0.019333,-0.001539,1.287649,0.110830,2.363288
190.909000,-0.025437,0.018040,-0.001787,1.288180,0.110449,2.363488
190.929000,-0.027042,0.016897,-0.002006,1.288789,0.110185,2.363635
190.949000,-0.027287,0.015973,-0.002169,1.289470,0.110066,2.363702
190.969000,-0.027609,0.015492,-0.002130,1.290197,0.110061,2.363710
190.989000,-0.028078,0.015605,-0.002303,1.291003,0.110228,2.363670
191.009000,-0.028457,0.016468,-0.002536,1.291855,0.110515,2.363618
191.029000,-0.028022,0.017839,-0.002344,1.292762,0.110922,2.363514
191.049000,-0.027425,0.019695,-0.002171,1.293727,0.111480,2.363378
191.069000,-0.027000,0.021817,-0.001959,1.294763,0.112188,2.363181
191.089000,-0.026971,0.024167,-0.001507,1.295821,0.112974,2.362966
191.109000,-0.025420,0.026433,-0.001281,1.296906,0.113923,2.362775
191.129000,-0.023757,0.027432,-0.001066,1.298020,0.114976,2.362581
191.149000,-0.021739,0.027802,-0.000658,1.299174,0.116115,2.362411
191.169000,-0.019267,0.028501,-0.000244,1.300387,0.117361,2.362285
191.189000,-0.016906,0.029235,0.000043,1.301625,0.118673,2.362167
191.209000,-0.014321,0.029071,0.000134,1.302926,0.120118,2.362145
191.229000,-0.011161,0.029018,0.000370,1.304293,0.121652,2.362130
191.249000,-0.008595,0.028963,0.000641,1.305721,0.123280,2.362159
191.269000,-0.006602,0.028932,0.000755,1.307206,0.124992,2.362236
191.289000,-0.004294,0.029254,0.001066,1.308771,0.126784,2.362288
191.309000,-0.002439,0.029567,0.001372,1.310403,0.128631,2.362402
191.329000,-0.000719,0.029739,0.001706,1.312110,0.130538,2.362541
191.349000,0.001786,0.030006,0.002157,1.313864,0.132463,2.362681
191.369000,0.004449,0.030342,0.002588,1.315690,0.134420,2.362838
191.389000,0.006619,0.030640,0.002929,1.317552,0.136361,2.362999
191.409000,0.009463,0.030606,0.003596,1.319452,0.138284,2.363177
191.429000,0.012363,0.030219,0.003993,1.321411,0.140221,2.363358
191.449000,0.015088,0.030277,0.004398,1.323405,0.142129,2.363541
191.469000,0.017812,0.030214,0.005008,1.325456,0.144008,2.363699
191.489000,0.020275,0.029817,0.005545,1.327570,0.145872,2.363842
191.509000,0.022869,0.029985,0.005902,1.329697,0.147694,2.363888
191.529000,0.025286,0.029807,0.006406,1.331885,0.149502,2.363885
191.549000,0.027816,0.029623,0.006762,1.334115,0.151233,2.363811
191.569000,0.029927,0.029501,0.007459,1.336399,0.152893,2.363682
191.589000,0.032384,0.029833,0.008003,1.338685,0.154487,2.363467
191.609000,0.034469,0.029547,0.008506,1.341021,0.155988,2.363174
191.629000,0.036570,0.029437,0.009089,1.343357,0.157435,2.362839
191.649000,0.038034,0.028981,0.009860,1.345729,0.158800,2.362419
191.669000,0.039186,0.028627,0.010655,1.348136,0.160086,2.362014
191.689000,0.039903,0.028133,0.011548,1.350570,0.161296,2.361531
191.709000,0.039637,0.027386,0.012624,1.353003,0.162452,2.361005
191.729000,0.039400,0.026495,0.013686,1.355434,0.163509,2.360492
191.749000,0.038788,0.024929,0.014515,1.357868,0.164510,2.359967
191.769000,0.037554,0.023564,0.015694,1.360295,0.165409,2.359466
191.789000,0.036234,0.021690,0.016651,1.362732,0.166224,2.358996
191.809000,0.034556,0.019402,0.017579,1.365125,0.166968,2.358459
191.829000,0.032654,0.017291,0.018675,1.367506,0.167646,2.357977
191.849000,0.030470,0.015115,0.019770,1.369821,0.168251,2.357460
191.869000,0.028160,0.011989,0.020598,1.372096,0.168821,2.356994
191.889000,0.025579,0.008854,0.021406,1.374320,0.169333,2.356505
191.909000,0.023013,0.005396,0.022006,1.376498,0.169824,2.355996
191.929000,0.020397,0.001740,0.022698,1.378651,0.170297,2.355502
191.949000,0.017935,-0.001282,0.023579,1.380691,0.170715,2.355014
191.969000,0.015169,-0.004366,0.024364,1.382688,0.171112,2.354515
191.989000,0.012643,-0.007444,0.024918,1.384633,0.171486,2.354002
192.009000,0.010053,-0.010792,0.025938,1.386485,0.171857,2.353481
192.029000,0.008135,-0.013054,0.026620,1.388204,0.172272,2.353009
192.049000,0.005554,-0.015398,0.027334,1.389836,0.172700,2.352513
192.069000,0.002607,-0.017172,0.027982,1.391353,0.173123,2.352071
192.089000,0.000544,-0.018826,0.028728,1.392767,0.173577,2.351622
192.109000,-0.000767,-0.020039,0.029538,1.394037,0.174027,2.351184
192.129000,-0.001582,-0.020750,0.030331,1.395193,0.174553,2.350747
192.149000,-0.003006,-0.021397,0.030995,1.396191,0.175066,2.350246
192.169000,-0.004003,-0.022262,0.031719,1.397102,0.175660,2.349741
192.189000,-0.004695,-0.022358,0.032315,1.397883,0.176280,2.349276
192.209000,-0.005119,-0.021552,0.033162,1.398575,0.176963,2.348892
192.229000,-0.005271,-0.020028,0.033768,1.399161,0.177695,2.348568
192.249000,-0.005249,-0.017913,0.034532,1.399637,0.178447,2.348213
192.269000,-0.004425,-0.015368,0.035017,1.399997,0.179242,2.347939
192.289000,-0.003335,-0.012617,0.035545,1.400251,0.180077,2.347707
192.309000,-0.001912,-0.009529,0.035937,1.400407,0.180940,2.347525
192.329000,-0.000474,-0.006300,0.036333,1.400503,0.181900,2.347351
192.349000,0.000325,-0.002768,0.036660,1.400507,0.182893,2.347198
192.369000,0.001391,0.000780,0.036976,1.400430,0.183964,2.347096
192.389000,0.002549,0.004155,0.037106,1.400282,0.185048,2.347019
192.409000,0.003971,0.007696,0.037425,1.400063,0.186176,2.346974
192.429000,0.005189,0.010426,0.037626,1.399800,0.187304,2.346932
192.449000,0.006358,0.013174,0.038080,1.399437,0.188473,2.346870
192.469000,0.007748,0.015279,0.038305,1.399051,0.189656,2.346783
192.489000,0.009213,0.016736,0.038745,1.398624,0.190823,2.346687
192.509000,0.010957,0.017718,0.038881,1.398146,0.192021,2.346609
192.529000,0.012662,0.017788,0.038842,1.397611,0.193204,2.346529
192.549000,0.014525,0.017405,0.038731,1.397049,0.194445,2.346513
192.569000,0.016065,0.016442,0.038420,1.396492,0.195671,2.346606
192.589000,0.017833,0.015611,0.038078,1.395901,0.196882,2.346742
192.609000,0.019582,0.014018,0.037825,1.395322,0.198037,2.346963
192.629000,0.021916,0.012616,0.037238,1.394757,0.199158,2.347252
192.649000,0.023776,0.010829,0.036754,1.394174,0.200243,2.347559
192.669000,0.026136,0.009228,0.036106,1.393598,0.201324,2.347893
192.689000,0.027922,0.007655,0.035441,1.393055,0.202360,2.348292
192.709000,0.029801,0.006179,0.034757,1.392536,0.203386,2.348680
192.729000,0.031617,0.005344,0.034295,1.391962,0.204374,2.349047
192.749000,0.032915,0.004710,0.033888,1.391376,0.205317,2.349408
192.769000,0.033397,0.004104,0.033442,1.390787,0.206233,2.349740
192.789000,0.033646,0.003693,0.033022,1.390138,0.207117,2.350064
192.809000,0.033752,0.002802,0.032800,1.389501,0.207944,2.350359
192.829000,0.033905,0.002044,0.032461,1.388801,0.208719,2.350682
192.849000,0.033848,0.000669,0.032285,1.388073,0.209446,2.351068
192.869000,0.033775,-0.000242,0.032053,1.387286,0.210091,2.351445
192.889000,0.033405,-0.001267,0.031827,1.386497,0.210720,2.351828
192.912000,0.032970,-0.001984,0.031393,1.385555,0.211387,2.352319
192.929000,0.032096,-0.002293,0.031307,1.384828,0.211842,2.352683
192.949000,0.031220,-0.002615,0.031005,1.383929,0.212355,2.353114
192.969000,0.029863,-0.003139,0.030797,1.383016,0.212798,2.353562
192.989000,0.028792,-0.003285,0.030437,1.382042,0.213190,2.354062
193.009000,0.027594,-0.003165,0.030225,1.381004,0.213589,2.354544
193.029000,0.025549,-0.003278,0.030082,1.379910,0.213934,2.354975
193.049000,0.023681,-0.003400,0.030061,1.378746,0.214229,2.355442
193.069000,0.022443,-0.003590,0.030007,1.377562,0.214523,2.355932
193.089000,0.021222,-0.003594,0.029915,1.376380,0.214748,2.356411
193.109000,0.020000,-0.002982,0.029859,1.375184,0.214981,2.356889
193.129000,0.019380,-0.002035,0.029887,1.373943,0.215172,2.357370
193.149000,0.019052,-0.000891,0.029954,1.372681,0.215289,2.357851
193.169000,0.018746,0.000508,0.030402,1.371379,0.215370,2.358321
193.189000,0.018997,0.001706,0.030859,1.370049,0.215441,2.358751
193.209000,0.019480,0.002552,0.031264,1.368657,0.215466,2.359181
193.229000,0.019982,0.003052,0.031518,1.367249,0.215513,2.359635
193.249000,0.020316,0.003647,0.031823,1.365830,0.215543,2.360065
193.269000,0.020666,0.004265,0.032226,1.364401,0.215537,2.360518
193.289000,0.021081,0.005077,0.032501,1.362952,0.215503,2.361021
193.309000,0.021680,0.006157,0.032826,1.361488,0.215401,2.361502
193.329000,0.022866,0.007775,0.033305,1.360006,0.215286,2.362010
193.349000,0.024035,0.008664,0.033922,1.358519,0.215132,2.362505
193.369000,0.025102,0.009290,0.034379,1.357011,0.214943,2.362986
193.389000,0.026623,0.009905,0.034964,1.355502,0.214693,2.363488
193.409000,0.027928,0.010375,0.035460,1.353971,0.214399,2.364010
193.429000,0.029308,0.010520,0.036192,1.352438,0.214049,2.364514
193.449000,0.031028,0.010605,0.036943,1.350909,0.213657,2.365025
193.469000,0.032234,0.010482,0.037591,1.349402,0.213205,2.365526
193.489000,0.033687,0.010574,0.038317,1.347880,0.212690,2.366010
193.509000,0.035501,0.010920,0.039082,1.346365,0.212071,2.366485
193.529000,0.037702,0.011671,0.039590,1.344895,0.211375,2.367011
193.549000,0.039814,0.011758,0.040524,1.343419,0.210589,2.367536
193.569000,0.041393,0.011892,0.041047,1.341956,0.209688,2.368079
193.589000,0.043402,0.012284,0.041802,1.340489,0.208716,2.368583
193.609000,0.044874,0.012612,0.042339,1.339043,0.207661,2.369102
193.629000,0.046437,0.012572,0.042921,1.337597,0.206493,2.369603
193.649000,0.048046,0.012376,0.043305,1.336162,0.205246,2.370080
193.669000,0.048908,0.011969,0.043758,1.334721,0.203876,2.370471
193.689000,0.050245,0.011586,0.044269,1.333288,0.202394,2.370831
193.709000,0.051150,0.010743,0.044610,1.331912,0.200811,2.371152
193.729000,0.051632,0.010124,0.044698,1.330544,0.199105,2.371397
193.749000,0.051766,0.009974,0.045040,1.329184,0.197288,2.371576
193.769000,0.051516,0.010330,0.045337,1.327864,0.195384,2.371735
193.789000,0.050683,0.011238,0.045565,1.326542,0.193351,2.371890
193.809000,0.049814,0.012320,0.045803,1.325237,0.191201,2.372042
193.829000,0.048886,0.012803,0.046193,1.323939,0.188908,2.372205
193.849000,0.047909,0.013159,0.046451,1.322645,0.186478,2.372330
193.869000,0.046877,0.013410,0.046754,1.321361,0.183943,2.372405
193.889000,0.045197,0.013144,0.046982,1.320104,0.181322,2.372472
193.912000,0.042961,0.012960,0.047448,1.318649,0.178220,2.372462
193.929000,0.041088,0.013160,0.047663,1.317567,0.175836,2.372471
193.949000,0.039035,0.013327,0.048205,1.316299,0.172961,2.372425
193.969000,0.036893,0.013575,0.048563,1.315042,0.169986,2.372380
193.989000,0.034748,0.013823,0.049075,1.313771,0.166934,2.372291
194.009000,0.032773,0.013871,0.049543,1.312508,0.163816,2.372155
194.029000,0.030868,0.013629,0.049877,1.311270,0.160635,2.372022
194.049000,0.029031,0.013444,0.050261,1.310009,0.157411,2.371899
194.069000,0.027255,0.013125,0.050726,1.308771,0.154154,2.371749
194.089000,0.025285,0.012927,0.051059,1.307541,0.150861,2.371630
194.109000,0.023191,0.013209,0.051451,1.306290,0.147534,2.371491
194.129000,0.021304,0.013629,0.051720,1.305050,0.144190,2.371350
194.149000,0.019595,0.013887,0.051896,1.303829,0.140814,2.371190
194.169000,0.018217,0.014175,0.052024,1.302604,0.137420,2.371063
194.189000,0.016565,0.014487,0.052131,1.301373,0.134013,2.370984
194.209000,0.014982,0.014652,0.052282,1.300198,0.130606,2.370870
194.229000,0.013589,0.015163,0.052345,1.299028,0.127206,2.370781
194.249000,0.012376,0.015748,0.052285,1.297879,0.123825,2.370722
194.269000,0.010905,0.016380,0.052354,1.296757,0.120479,2.370630
194.289000,0.009530,0.017072,0.052246,1.295696,0.117156,2.370466
194.309000,0.007864,0.018157,0.052225,1.294633,0.113837,2.370278
194.329000,0.005940,0.019293,0.051940,1.293562,0.110551,2.370046
194.349000,0.004468,0.020388,0.051647,1.292557,0.107311,2.369802
194.369000,0.003206,0.021450,0.051123,1.291601,0.104101,2.369523
194.389000,0.002303,0.022265,0.050527,1.290716,0.100958,2.369235
194.409000,0.001081,0.023696,0.049693,1.289853,0.097868,2.368931
194.429000,-0.000640,0.025486,0.048861,1.289071,0.094841,2.368639
194.449000,-0.001982,0.027688,0.047951,1.288363,0.091876,2.368372
194.469000,-0.002941,0.030387,0.047061,1.287691,0.088973,2.368076
194.489000,-0.004326,0.032679,0.046305,1.287104,0.086119,2.367779
194.509000,-0.005454,0.034226,0.045454,1.286563,0.083351,2.367484
194.529000,-0.005850,0.035739,0.044676,1.286076,0.080637,2.367205
194.549000,-0.006762,0.036613,0.043745,1.285688,0.078022,2.366956
194.569000,-0.007131,0.037620,0.042903,1.285358,0.075466,2.366727
194.589000,-0.007464,0.038443,0.041990,1.285121,0.073003,2.366478
194.609000,-0.007655,0.039171,0.040891,1.284967,0.070642,2.366225
194.629000,-0.007844,0.039759,0.039953,1.284911,0.068374,2.365915
194.649000,-0.008081,0.040361,0.038736,1.284984,0.066208,2.365635
194.669000,-0.008398,0.041244,0.037710,1.285167,0.064098,2.365301
194.689000,-0.008098,0.041984,0.036758,1.285436,0.062058,2.364970
194.709000,-0.008052,0.042687,0.035882,1.285846,0.060107,2.364609
194.729000,-0.007750,0.043918,0.034858,1.286325,0.058232,2.364227
194.749000,-0.007298,0.044306,0.033925,1.286938,0.056431,2.363818
194.769000,-0.006527,0.044321,0.032911,1.287603,0.054714,2.363361
194.789000,-0.005782,0.044102,0.031923,1.288376,0.053068,2.362890
194.809000,-0.005292,0.043792,0.030793,1.289227,0.051547,2.362425
194.829000,-0.004772,0.043595,0.029721,1.290167,0.050083,2.361988
194.849000,-0.004294,0.043135,0.028869,1.291226,0.048674,2.361566
194.869000,-0.003635,0.042081,0.027844,1.292412,0.047345,2.361178
194.889000,-0.003675,0.041245,0.026936,1.293683,0.046098,2.360797
194.909000,-0.003763,0.040644,0.026052,1.295034,0.044937,2.360451
194.929000,-0.004108,0.039776,0.025263,1.296476,0.043837,2.360113
194.949000,-0.004224,0.038811,0.024396,1.298012,0.042794,2.359813
194.969000,-0.004167,0.037891,0.023870,1.299672,0.041815,2.359578
194.989000,-0.004129,0.037696,0.023290,1.301415,0.040866,2.359344
195.009000,-0.004639,0.037948,0.022689,1.303240,0.040004,2.359133
195.029000,-0.005808,0.038463,0.022127,1.305110,0.039207,2.358890
195.049000,-0.006193,0.038130,0.021868,1.307062,0.038454,2.358617
195.069000,-0.006735,0.038012,0.021315,1.309099,0.037748,2.358363
195.089000,-0.007366,0.037764,0.020976,1.311196,0.037130,2.358023
195.109000,-0.007913,0.037819,0.020483,1.313324,0.036559,2.357630
195.129000,-0.008468,0.037028,0.020128,1.315531,0.036044,2.357204
195.149000,-0.009055,0.036890,0.019834,1.317808,0.035560,2.356797
195.169000,-0.009280,0.037018,0.019684,1.320203,0.035112,2.356507
195.189000,-0.009887,0.037662,0.019403,1.322607,0.034802,2.356147
195.209000,-0.010551,0.038412,0.019304,1.325103,0.034546,2.355753
195.229000,-0.011191,0.038535,0.018990,1.327682,0.034388,2.355427
195.249000,-0.011792,0.038619,0.018787,1.330320,0.034265,2.355139
195.269000,-0.012106,0.038776,0.018602,1.332997,0.034240,2.354889
195.289000,-0.012271,0.038965,0.018272,1.335753,0.034303,2.354692
195.309000,-0.012382,0.039239,0.018111,1.338565,0.034431,2.354500
195.329000,-0.012427,0.039160,0.017830,1.341445,0.034641,2.354381
195.349000,-0.012352,0.038889,0.017437,1.344390,0.034959,2.354275
195.369000,-0.012522,0.038755,0.017093,1.347361,0.035326,2.354192
195.389000,-0.012027,0.038438,0.016753,1.350377,0.035763,2.354145
195.409000,-0.011339,0.037298,0.016365,1.353453,0.036273,2.354088
195.429000,-0.010342,0.036061,0.016096,1.356577,0.036857,2.354088
195.449000,-0.009319,0.035178,0.015587,1.359718,0.037473,2.354098
195.469000,-0.007851,0.033858,0.015191,1.362928,0.038129,2.354169
195.489000,-0.005936,0.032843,0.014888,1.366175,0.038847,2.354272
195.509000,-0.004256,0.031364,0.014244,1.369405,0.039607,2.354376
195.529000,-0.002142,0.029058,0.013837,1.372669,0.040412,2.354532
195.549000,-0.000131,0.026985,0.013449,1.375922,0.041222,2.354754
195.569000,0.001528,0.024259,0.013055,1.379163,0.042079,2.354981
195.589000,0.003806,0.021469,0.012634,1.382365,0.042980,2.355245
195.609000,0.006227,0.018206,0.012084,1.385554,0.043888,2.355521
195.629000,0.008329,0.015139,0.011573,1.388728,0.044784,2.355883
195.649000,0.010765,0.012580,0.011058,1.391896,0.045687,2.356179
195.669000,0.012120,0.009979,0.010750,1.395022,0.046557,2.356438
195.689000,0.013767,0.007415,0.010228,1.398076,0.047454,2.356661
195.709000,0.015641,0.004177,0.009670,1.401101,0.048349,2.356899
195.729000,0.016519,0.001435,0.009235,1.404067,0.049235,2.357021
195.749000,0.017193,-0.000776,0.008605,1.406976,0.050089,2.357240
195.769000,0.017672,-0.002645,0.007940,1.409843,0.050954,2.357379
195.789000,0.017599,-0.004474,0.007196,1.412650,0.051776,2.357513
195.809000,0.017593,-0.005800,0.006542,1.415382,0.052649,2.357582
195.829000,0.016590,-0.006728,0.005765,1.418051,0.053482,2.357642
195.849000,0.015381,-0.006968,0.005030,1.420643,0.054321,2.357613
195.869000,0.014113,-0.006515,0.003825,1.423145,0.055193,2.357543
195.889000,0.012145,-0.006538,0.003025,1.425564,0.056036,2.357481
195.909000,0.010193,-0.006253,0.002168,1.427854,0.056875,2.357307
195.929000,0.008259,-0.005920,0.001304,1.430047,0.057747,2.357075
195.949000,0.006081,-0.005673,0.000259,1.432168,0.058621,2.356771
195.969000,0.004140,-0.004963,-0.000696,1.434211,0.059508,2.356389
195.989000,0.002386,-0.003821,-0.001834,1.436198,0.060417,2.355994
196.009000,0.000232,-0.002430,-0.002978,1.438081,0.061342,2.355546
196.029000,-0.001235,-0.001137,-0.004107,1.439890,0.062263,2.355159
196.049000,-0.002167,0.000275,-0.005271,1.441632,0.063204,2.354724
196.069000,-0.003479,0.001862,-0.006324,1.443283,0.064145,2.354283
196.089000,-0.003529,0.003602,-0.007348,1.444850,0.065123,2.353890
196.109000,-0.002701,0.005620,-0.008382,1.446370,0.066117,2.353498
196.129000,-0.003068,0.007456,-0.009385,1.447827,0.067151,2.353028
196.149000,-0.003248,0.009143,-0.010406,1.449225,0.068212,2.352530
196.169000,-0.002723,0.010121,-0.011434,1.450567,0.069322,2.352016
196.189000,-0.002561,0.011244,-0.012458,1.451857,0.070461,2.351519
196.209000,-0.001934,0.012821,-0.013448,1.453113,0.071635,2.351039
196.229000,-0.000884,0.014586,-0.014466,1.454388,0.072840,2.350568
196.249000,0.000088,0.016193,-0.015587,1.455633,0.074062,2.350129
196.269000,0.001359,0.017917,-0.016686,1.456863,0.075293,2.349731
196.289000,0.003029,0.019194,-0.017604,1.458058,0.076500,2.349354
196.309000,0.004643,0.020070,-0.018424,1.459238,0.077705,2.349026
196.329000,0.006683,0.020913,-0.019328,1.460384,0.078921,2.348704
196.349000,0.008385,0.021221,-0.020272,1.461488,0.080146,2.348384
196.369000,0.010479,0.021349,-0.021165,1.462581,0.081373,2.348095
196.389000,0.011868,0.021002,-0.022330,1.463650,0.082607,2.347810
196.409000,0.013525,0.020294,-0.023225,1.464742,0.083869,2.347573
196.429000,0.014822,0.020250,-0.024385,1.465832,0.085072,2.347404
196.449000,0.015364,0.020093,-0.025620,1.466915,0.086312,2.347235
196.469000,0.016139,0.019766,-0.026915,1.467977,0.087560,2.347093
196.489000,0.016351,0.018917,-0.028248,1.469020,0.088777,2.346968
196.509000,0.016442,0.017994,-0.029302,1.470005,0.089982,2.346821
196.529000,0.016314,0.016378,-0.030416,1.470979,0.091152,2.346709
196.549000,0.015981,0.014523,-0.031474,1.471940,0.092301,2.346575
196.569000,0.015517,0.013005,-0.032449,1.472852,0.093438,2.346435
196.589000,0.014867,0.011232,-0.033431,1.473810,0.094599,2.346332
196.609000,0.013996,0.010322,-0.034301,1.474739,0.095761,2.346225
196.629000,0.012436,0.009543,-0.035153,1.475593,0.096917,2.346093
196.649000,0.011310,0.008488,-0.035991,1.476451,0.098072,2.345962
196.669000,0.009989,0.007655,-0.036658,1.477293,0.099219,2.345878
196.689000,0.008415,0.007157,-0.037286,1.478077,0.100362,2.345839
196.709000,0.007290,0.006751,-0.037870,1.478817,0.101504,2.345798
196.729000,0.006367,0.006176,-0.038152,1.479498,0.102647,2.345757
196.749000,0.005240,0.005699,-0.038401,1.480137,0.103820,2.345734
196.769000,0.004771,0.005536,-0.038711,1.480728,0.105019,2.345728
196.789000,0.003673,0.005189,-0.038764,1.481234,0.106200,2.345728
196.809000,0.003151,0.004536,-0.039044,1.481712,0.107442,2.345781
196.829000,0.002449,0.004361,-0.039049,1.482122,0.108701,2.345841
196.849000,0.001357,0.004122,-0.039090,1.482457,0.109975,2.345893
196.869000,0.000975,0.004097,-0.038990,1.482758,0.111273,2.345952
196.889000,0.000840,0.004347,-0.038653,1.483013,0.112577,2.345970
196.909000,0.000333,0.004697,-0.038339,1.483197,0.113897,2.345975
196.929000,0.000335,0.005591,-0.038256,1.483386,0.115240,2.346009
196.949000,0.000713,0.007022,-0.038143,1.483529,0.116620,2.346015
196.969000,0.000423,0.008044,-0.038122,1.483596,0.118011,2.345996
196.989000,0.000739,0.009171,-0.038046,1.483630,0.119452,2.345959
197.009000,0.001117,0.010102,-0.037918,1.483589,0.120887,2.345960
197.029000,0.001670,0.010981,-0.037769,1.483529,0.122383,2.345951
197.049000,0.001718,0.012049,-0.037724,1.483429,0.123897,2.345876
197.069000,0.002243,0.013180,-0.037607,1.483288,0.125440,2.345791
197.089000,0.003218,0.014387,-0.037456,1.483120,0.127001,2.345616
197.109000,0.004252,0.015610,-0.037399,1.482955,0.128575,2.345428
197.129000,0.005564,0.016858,-0.037298,1.482755,0.130133,2.345162
197.149000,0.006858,0.018044,-0.037260,1.482535,0.131735,2.344791
197.169000,0.008108,0.019370,-0.037463,1.482289,0.133376,2.344396
197.189000,0.009528,0.020580,-0.037781,1.482020,0.135056,2.343965
197.209000,0.010823,0.021515,-0.038103,1.481735,0.136766,2.343512
197.229000,0.012007,0.022397,-0.038478,1.481478,0.138480,2.343042
197.249000,0.013216,0.023742,-0.038916,1.481169,0.140178,2.342529
197.269000,0.014781,0.024203,-0.039427,1.480866,0.141893,2.341940
197.289000,0.016369,0.024221,-0.040077,1.480499,0.143587,2.341292
197.309000,0.018053,0.024097,-0.040552,1.480119,0.145313,2.340573
197.329000,0.019787,0.023773,-0.041338,1.479788,0.147042,2.339821
197.349000,0.020999,0.023811,-0.042066,1.479483,0.148738,2.339118
197.369000,0.022671,0.024688,-0.042799,1.479156,0.150453,2.338397
197.389000,0.022961,0.025128,-0.043287,1.478833,0.152149,2.337660
197.409000,0.023918,0.025068,-0.043771,1.478483,0.153844,2.336805
197.429000,0.024405,0.024157,-0.044401,1.478157,0.155509,2.335957
197.449000,0.025276,0.023859,-0.044945,1.477815,0.157148,2.335077
197.469000,0.025237,0.023781,-0.045248,1.477448,0.158739,2.334173
197.489000,0.025445,0.023384,-0.045940,1.477114,0.160303,2.333320
197.509000,0.026114,0.022764,-0.046284,1.476809,0.161838,2.332477
197.529000,0.026036,0.022711,-0.046779,1.476528,0.163351,2.331685
197.549000,0.025547,0.022889,-0.047064,1.476271,0.164794,2.330958
197.569000,0.025601,0.023711,-0.047478,1.475994,0.166205,2.330237
197.589000,0.025058,0.023734,-0.047941,1.475754,0.167586,2.329553
197.609000,0.024760,0.024025,-0.048302,1.475479,0.168934,2.328864
197.629000,0.023966,0.023760,-0.048743,1.475210,0.170284,2.328172
197.649000,0.022647,0.023303,-0.049224,1.474941,0.171587,2.327480
197.669000,0.021718,0.022635,-0.049489,1.474635,0.172875,2.326719
197.689000,0.020622,0.021171,-0.049772,1.474326,0.174122,2.325968
197.709000,0.019865,0.020092,-0.050228,1.474002,0.175342,2.325156
197.729000,0.018654,0.019099,-0.050309,1.473662,0.176521,2.324341
197.749000,0.017734,0.018348,-0.050903,1.473345,0.177707,2.323607
197.769000,0.017435,0.017707,-0.051175,1.473025,0.178847,2.322851
197.789000,0.017464,0.017546,-0.051580,1.472771,0.179986,2.322084
197.809000,0.017556,0.017839,-0.052129,1.472456,0.181070,2.321266
197.829000,0.017594,0.017789,-0.052713,1.472198,0.182167,2.320517
197.849000,0.017615,0.018137,-0.053309,1.471907,0.183283,2.319751
197.869000,0.017319,0.018957,-0.053891,1.471598,0.184441,2.319021
197.889000,0.016980,0.019490,-0.054265,1.471259,0.185570,2.318260
197.909000,0.017291,0.019409,-0.054677,1.470925,0.186698,2.317541
197.929000,0.017650,0.019442,-0.055098,1.470534,0.187825,2.316744
197.949000,0.017676,0.019007,-0.055260,1.470146,0.188935,2.315966
197.969000,0.018453,0.018808,-0.055154,1.469716,0.190020,2.315183
197.989000,0.019543,0.018934,-0.055353,1.469306,0.191080,2.314404
198.009000,0.020104,0.018747,-0.055147,1.468851,0.192101,2.313628
198.029000,0.021622,0.018135,-0.055002,1.468397,0.193061,2.312869
198.049000,0.023548,0.017574,-0.054583,1.467905,0.193965,2.312155
198.069000,0.025310,0.016818,-0.054393,1.467344,0.194801,2.311414
198.089000,0.027795,0.015336,-0.054146,1.466809,0.195638,2.310703
198.109000,0.030240,0.014037,-0.053659,1.466227,0.196378,2.309988
198.129000,0.032380,0.012632,-0.053485,1.465582,0.197085,2.309245
198.149000,0.034294,0.010301,-0.052930,1.464868,0.197673,2.308483
198.169000,0.037398,0.007933,-0.052232,1.464107,0.198184,2.307827
198.189000,0.040042,0.005941,-0.051608,1.463334,0.198605,2.307209
198.209000,0.041937,0.004586,-0.050753,1.462468,0.198934,2.306535
198.229000,0.043044,0.003111,-0.049940,1.461555,0.199183,2.305968
198.249000,0.043842,0.002027,-0.049290,1.460646,0.199380,2.305587
198.269000,0.044609,0.001329,-0.048295,1.459669,0.199456,2.305297
198.289000,0.044794,0.000644,-0.047488,1.458597,0.199410,2.305100
198.309000,0.045140,-0.000610,-0.046830,1.457472,0.199301,2.304967
198.329000,0.045485,-0.001730,-0.046285,1.456276,0.199079,2.304949
198.349000,0.045386,-0.002744,-0.045686,1.455020,0.198759,2.305127
198.369000,0.045215,-0.003242,-0.045305,1.453671,0.198318,2.305414
198.389000,0.044577,-0.004326,-0.044872,1.452241,0.197763,2.305813
198.409000,0.044475,-0.005397,-0.044687,1.450737,0.197090,2.306355
198.429000,0.044453,-0.006173,-0.044388,1.449081,0.196245,2.306978
198.449000,0.044198,-0.007559,-0.044161,1.447361,0.195280,2.307647
198.469000,0.044915,-0.008951,-0.043972,1.445555,0.194209,2.308367
198.489000,0.044933,-0.010521,-0.043634,1.443622,0.193046,2.309039
198.509000,0.044239,-0.012766,-0.043628,1.441551,0.191768,2.309637
198.529000,0.043507,-0.014851,-0.043411,1.439369,0.190480,2.310238
198.549000,0.042324,-0.016979,-0.043387,1.437065,0.189078,2.310853
198.569000,0.040913,-0.018885,-0.043351,1.434627,0.187613,2.311534
198.589000,0.039206,-0.020821,-0.043539,1.432053,0.186057,2.312287
198.609000,0.037624,-0.022908,-0.043592,1.429334,0.184418,2.313109
198.629000,0.036262,-0.024964,-0.043781,1.426518,0.182647,2.313997
198.649000,0.035426,-0.026773,-0.043958,1.423584,0.180773,2.314918
198.669000,0.035428,-0.027898,-0.043962,1.420498,0.178843,2.315923
198.689000,0.034484,-0.028807,-0.043830,1.417262,0.176782,2.316916
198.709000,0.033781,-0.029415,-0.043809,1.413924,0.174671,2.317915
198.729000,0.032984,-0.029446,-0.043650,1.410463,0.172481,2.318933
198.749000,0.032152,-0.028757,-0.043377,1.406901,0.170265,2.319963
198.769000,0.030568,-0.027637,-0.042898,1.403249,0.168004,2.320952
198.789000,0.028306,-0.025838,-0.042442,1.399440,0.165717,2.321857
198.809000,0.025664,-0.023838,-0.041786,1.395524,0.163403,2.322724
198.829000,0.023120,-0.021620,-0.041211,1.391537,0.161085,2.323638
198.849000,0.020668,-0.018876,-0.040665,1.387434,0.158752,2.324560
198.869000,0.018495,-0.015880,-0.040015,1.383244,0.156435,2.325436
198.889000,0.016121,-0.012787,-0.038870,1.378894,0.154110,2.326249
198.909000,0.012969,-0.009576,-0.037649,1.374448,0.151821,2.327066
198.929000,0.009043,-0.006423,-0.036328,1.369951,0.149548,2.327822
198.949000,0.005905,-0.003673,-0.034948,1.365428,0.147344,2.328543
198.969000,0.003351,-0.000697,-0.033273,1.360841,0.145178,2.329274
198.989000,0.000309,0.002457,-0.031605,1.356236,0.143052,2.329908
199.009000,-0.003179,0.005872,-0.030202,1.351593,0.141016,2.330525
199.029000,-0.006098,0.009317,-0.028586,1.346934,0.139044,2.331051
199.049000,-0.008361,0.012689,-0.027008,1.342256,0.137168,2.331533
199.069000,-0.011166,0.015733,-0.025473,1.337611,0.135374,2.332004
199.089000,-0.012984,0.018867,-0.023948,1.332978,0.133640,2.332436
199.109000,-0.013477,0.021972,-0.022787,1.328400,0.131997,2.332900
199.129000,-0.013790,0.025025,-0.021369,1.323812,0.130390,2.333352
199.149000,-0.013956,0.027249,-0.019705,1.319213,0.128781,2.333823
199.169000,-0.011989,0.028843,-0.018494,1.314658,0.127320,2.334273
199.189000,-0.009880,0.029779,-0.017282,1.310141,0.125903,2.334697
199.209000,-0.007425,0.030367,-0.015973,1.305666,0.124544,2.335144
199.229000,-0.004317,0.030997,-0.015091,1.301278,0.123272,2.335603
199.249000,-0.001240,0.031169,-0.014115,1.296956,0.122067,2.336025
199.269000,0.001629,0.031241,-0.013210,1.292669,0.120988,2.336435
199.289000,0.004130,0.030895,-0.012406,1.288494,0.120005,2.336799
199.309000,0.006285,0.030471,-0.011458,1.284408,0.119105,2.337132
199.329000,0.008533,0.030448,-0.010614,1.280434,0.118292,2.337544
199.349000,0.010047,0.030581,-0.009634,1.276516,0.117525,2.337917
199.369000,0.011206,0.030993,-0.008659,1.272701,0.116800,2.338281
199.389000,0.012053,0.031712,-0.007489,1.268980,0.116125,2.338549
199.409000,0.012403,0.032155,-0.006508,1.265364,0.115445,2.338866
199.429000,0.013201,0.032458,-0.005393,1.261854,0.114825,2.339130
199.449000,0.013975,0.033318,-0.004366,1.258406,0.114254,2.339340
199.469000,0.014631,0.033892,-0.003630,1.255088,0.113670,2.339643
199.489000,0.015406,0.034654,-0.002584,1.251819,0.113088,2.339893
199.509000,0.016378,0.035056,-0.001716,1.248634,0.112515,2.340109
199.529000,0.016595,0.035035,-0.000841,1.245548,0.111943,2.340266
199.549000,0.017274,0.035305,-0.000067,1.242568,0.111431,2.340379
199.571000,0.017767,0.035880,0.000969,1.239407,0.110834,2.340481
199.589000,0.018145,0.036702,0.001668,1.236932,0.110354,2.340570
199.609000,0.018727,0.037386,0.002758,1.234260,0.109768,2.340684
199.629000,0.019980,0.037998,0.003544,1.231719,0.109113,2.340809
199.649000,0.021956,0.038940,0.004536,1.229265,0.108434,2.340912
199.669000,0.023115,0.039752,0.005763,1.226879,0.107759,2.340977
199.689000,0.024049,0.040306,0.006660,1.224621,0.107061,2.341037
199.709000,0.025361,0.040651,0.007891,1.222436,0.106335,2.341108
199.729000,0.026288,0.040840,0.009009,1.220369,0.105574,2.341210
199.749000,0.027499,0.040770,0.010332,1.218393,0.104786,2.341318
199.769000,0.028286,0.040682,0.011513,1.216530,0.103953,2.341410
199.789000,0.029213,0.040837,0.012429,1.214775,0.103054,2.341526
199.809000,0.030053,0.040861,0.013642,1.213120,0.102100,2.341615
199.829000,0.030826,0.041372,0.014500,1.211566,0.101122,2.341693
199.849000,0.030746,0.041701,0.015549,1.210113,0.100054,2.341658
199.869000,0.031030,0.041717,0.016250,1.208772,0.099009,2.341625
199.889000,0.031056,0.041275,0.016785,1.207481,0.097996,2.341611
199.909000,0.030276,0.040542,0.017149,1.206321,0.096951,2.341555
199.929000,0.029365,0.039981,0.017542,1.205287,0.095858,2.341498
199.949000,0.028325,0.039744,0.017571,1.204411,0.094775,2.341424
199.969000,0.026278,0.040280,0.017683,1.203647,0.093598,2.341260
199.989000,0.024339,0.041403,0.017540,1.202950,0.092426,2.341066
200.009000,0.022598,0.042212,0.017461,1.202366,0.091156,2.340903
200.029000,0.021621,0.042586,0.017199,1.201856,0.089866,2.340716
200.049000,0.020728,0.042690,0.016745,1.201477,0.088540,2.340508
200.069000,0.019516,0.042841,0.016360,1.201203,0.087154,2.340245
200.089000,0.019039,0.043473,0.015857,1.201024,0.085719,2.339960
200.109000,0.018507,0.043913,0.015275,1.200934,0.084224,2.339629
200.129000,0.018423,0.044161,0.014673,1.200979,0.082734,2.339305
200.149000,0.018289,0.044565,0.014141,1.201129,0.081248,2.338944
200.169000,0.016832,0.044825,0.013726,1.201340,0.079759,2.338501
200.189000,0.015812,0.044777,0.013150,1.201607,0.078282,2.338140
200.209000,0.014530,0.043850,0.012681,1.201963,0.076766,2.337785
200.229000,0.013014,0.042830,0.012030,1.202376,0.075278,2.337440
200.249000,0.010912,0.040996,0.011325,1.202872,0.073778,2.337172
200.269000,0.009176,0.038595,0.010387,1.203431,0.072364,2.336937
200.289000,0.007150,0.036324,0.009467,1.204010,0.070992,2.336836
200.309000,0.004601,0.033680,0.008326,1.204647,0.069647,2.336822
200.329000,0.002028,0.030623,0.007156,1.205341,0.068341,2.336798
200.349000,-0.000783,0.027346,0.005848,1.206048,0.067074,2.336871
200.369000,-0.003045,0.023753,0.004339,1.206796,0.065900,2.336987
200.389000,-0.005503,0.020191,0.002701,1.207631,0.064793,2.337138
200.409000,-0.007768,0.016840,0.001096,1.208460,0.063803,2.337294
200.429000,-0.009842,0.013590,-0.000945,1.209318,0.062902,2.337532
200.449000,-0.012602,0.010560,-0.002988,1.210161,0.062056,2.337733
200.469000,-0.014905,0.008537,-0.005054,1.210980,0.061336,2.338005
200.489000,-0.017130,0.006709,-0.007549,1.211883,0.060720,2.338300
200.509000,-0.018526,0.005088,-0.009889,1.212706,0.060157,2.338622
200.529000,-0.018902,0.002554,-0.012228,1.213532,0.059699,2.338945
200.549000,-0.019584,0.000189,-0.014783,1.214284,0.059390,2.339319
200.571000,-0.019937,-0.001831,-0.017998,1.215100,0.059172,2.339755
200.589000,-0.019668,-0.003667,-0.020168,1.215743,0.059109,2.340012
200.609000,-0.019321,-0.005383,-0.022998,1.216421,0.059209,2.340338
200.629000,-0.019453,-0.006339,-0.025771,1.217008,0.059359,2.340703
200.649000,-0.019704,-0.006949,-0.028832,1.217552,0.059646,2.341030
200.669000,-0.019334,-0.007572,-0.031772,1.218030,0.060053,2.341395
200.689000,-0.017745,-0.007723,-0.034790,1.218448,0.060554,2.341779
200.709000,-0.015674,-0.007632,-0.037456,1.218805,0.061136,2.342119
200.729000,-0.013625,-0.007042,-0.040366,1.219150,0.061823,2.342425
200.749000,-0.011967,-0.005729,-0.043803,1.219447,0.062622,2.342684
200.769000,-0.011044,-0.004038,-0.046756,1.219622,0.063530,2.342891
200.789000,-0.009630,-0.002743,-0.049794,1.219781,0.064513,2.343091
200.809000,-0.007325,-0.002382,-0.052918,1.219864,0.065603,2.343257
200.829000,-0.005518,-0.001965,-0.055750,1.219859,0.066775,2.343358
200.849000,-0.003587,-0.001088,-0.058551,1.219821,0.068022,2.343440
200.869000,-0.002338,-0.000591,-0.061155,1.219761,0.069341,2.343508
200.889000,-0.000766,-0.000056,-0.063650,1.219650,0.070743,2.343583
200.909000,0.001036,0.000549,-0.066022,1.219468,0.072205,2.343639
200.929000,0.001663,0.000736,-0.068258,1.219247,0.073763,2.343673
200.949000,0.002302,0.001247,-0.070264,1.218964,0.075369,2.343739
200.969000,0.002320,0.001521,-0.072073,1.218623,0.077074,2.343689
200.989000,0.002081,0.001623,-0.073532,1.218237,0.078803,2.343632
201.009000,0.002183,0.001826,-0.074983,1.217785,0.080603,2.343536
201.029000,0.002074,0.001625,-0.076055,1.217306,0.082429,2.343417
201.049000,0.002616,0.001564,-0.077216,1.216833,0.084346,2.343204
201.069000,0.003105,0.001680,-0.077868,1.216367,0.086289,2.342989
201.089000,0.003305,0.002419,-0.078647,1.215879,0.088267,2.342728
201.109000,0.003127,0.003481,-0.078967,1.215383,0.090325,2.342460
201.129000,0.003152,0.004620,-0.079664,1.214915,0.092437,2.342183
201.149000,0.003038,0.006200,-0.079877,1.214405,0.094553,2.341858
201.169000,0.003509,0.007775,-0.080009,1.213931,0.096741,2.341519
201.189000,0.004249,0.009605,-0.079815,1.213474,0.098904,2.341165
201.209000,0.005470,0.011724,-0.079819,1.213037,0.101118,2.340822
201.229000,0.006502,0.014142,-0.079553,1.212614,0.103338,2.340526
201.249000,0.007844,0.016587,-0.079166,1.212189,0.105561,2.340228
201.269000,0.009417,0.019008,-0.078488,1.211797,0.107750,2.339989
201.289000,0.011513,0.021032,-0.077903,1.211423,0.109934,2.339805
201.309000,0.014199,0.022738,-0.077325,1.211096,0.112073,2.339661
201.329000,0.017137,0.023968,-0.076763,1.210847,0.114144,2.339553
201.349000,0.020674,0.025066,-0.075975,1.210664,0.116222,2.339499
201.369000,0.024077,0.026410,-0.075156,1.210560,0.118219,2.339491
201.389000,0.027224,0.028011,-0.074243,1.210508,0.120136,2.339517
201.409000,0.029828,0.029779,-0.073163,1.210511,0.121993,2.339566
201.429000,0.032646,0.030384,-0.072408,1.210645,0.123793,2.339671
201.449000,0.035556,0.030752,-0.071818,1.210851,0.125512,2.339730
201.469000,0.038175,0.031181,-0.071264,1.211097,0.127092,2.339846
201.489000,0.040990,0.031348,-0.070516,1.211437,0.128574,2.340021
201.509000,0.044247,0.031183,-0.070185,1.211894,0.129940,2.340194
201.529000,0.046688,0.030927,-0.069868,1.212450,0.131223,2.340311
201.549000,0.048513,0.030950,-0.069340,1.213103,0.132404,2.340427
201.569000,0.049924,0.031057,-0.068897,1.213896,0.133477,2.340498
201.589000,0.050164,0.031860,-0.068543,1.214771,0.134417,2.340552
201.609000,0.050481,0.032690,-0.068093,1.215737,0.135242,2.340615
201.629000,0.050503,0.033336,-0.067911,1.216816,0.135957,2.340649
201.649000,0.049750,0.033999,-0.067513,1.218005,0.136579,2.340678
201.669000,0.048789,0.035030,-0.067188,1.219225,0.137085,2.340704
201.689000,0.047014,0.035061,-0.067036,1.220557,0.137479,2.340750
201.709000,0.045119,0.034798,-0.066685,1.221979,0.137763,2.340815
201.729000,0.042328,0.034340,-0.066479,1.223473,0.137979,2.340885
201.749000,0.039513,0.033768,-0.066557,1.225043,0.138125,2.340994
201.769000,0.036173,0.032864,-0.066367,1.226694,0.138191,2.341071
201.789000,0.031939,0.031495,-0.066392,1.228419,0.138172,2.341153
201.809000,0.028029,0.030253,-0.065935,1.230244,0.138076,2.341254
201.829000,0.024215,0.028851,-0.065767,1.232191,0.137917,2.341397
201.849000,0.019834,0.027931,-0.065514,1.234229,0.137708,2.341501
201.869000,0.016124,0.027304,-0.065264,1.236388,0.137457,2.341605
201.889000,0.012811,0.027205,-0.064900,1.238632,0.137199,2.341733
201.909000,0.009695,0.027415,-0.064494,1.240973,0.136859,2.341911
201.929000,0.007309,0.027648,-0.064302,1.243391,0.136486,2.342152
201.950000,0.005197,0.027609,-0.063906,1.246033,0.136042,2.342454
201.969000,0.003924,0.027484,-0.063482,1.248512,0.135622,2.342790
201.989000,0.002654,0.027634,-0.062967,1.251170,0.135185,2.343140
202.009000,0.001302,0.027957,-0.062582,1.253903,0.134724,2.343511
202.029000,0.000670,0.027793,-0.062255,1.256702,0.134270,2.343898
202.049000,0.000864,0.027106,-0.061974,1.259574,0.133785,2.344350
202.069000,0.001977,0.026349,-0.062037,1.262486,0.133249,2.344861
202.089000,0.002894,0.025300,-0.062178,1.265455,0.132737,2.345359
202.109000,0.003931,0.024090,-0.062705,1.268534,0.132229,2.345849
202.129000,0.005590,0.022824,-0.063346,1.271635,0.131729,2.346243
202.149000,0.007535,0.021180,-0.064317,1.274773,0.131222,2.346645
202.169000,0.009682,0.019505,-0.065100,1.277970,0.130699,2.346969
202.189000,0.012171,0.017914,-0.066136,1.281225,0.130185,2.347221
202.209000,0.013765,0.016282,-0.066986,1.284502,0.129677,2.347403
202.229000,0.014992,0.014775,-0.068156,1.287813,0.129197,2.347532
202.249000,0.016459,0.013816,-0.069596,1.291159,0.128762,2.347648
202.269000,0.016946,0.013019,-0.070629,1.294534,0.128299,2.347755
202.289000,0.017286,0.012062,-0.071719,1.297939,0.127831,2.347822
202.309000,0.017882,0.010581,-0.072627,1.301366,0.127349,2.347789
202.329000,0.018202,0.009177,-0.073728,1.304796,0.126868,2.347727
202.349000,0.018231,0.007622,-0.075151,1.308211,0.126365,2.347612
202.369000,0.018185,0.005962,-0.075913,1.311581,0.125875,2.347446
202.389000,0.018096,0.004036,-0.077272,1.314966,0.125414,2.347182
202.409000,0.017445,0.002393,-0.078536,1.318299,0.124928,2.346881
