time,RIS_roll [rad],RIS_pitch [rad],RIS_yaw [rad],RIS_x [m],RIS_y [m],RIS_z [m]
119.082000,-0.003707,0.016157,-0.016902,1.192333,0.140662,2.119922
119.101000,-0.003364,0.016009,-0.017205,1.191692,0.140239,2.119777
119.119000,-0.003224,0.016371,-0.017160,1.190943,0.139796,2.119557
119.139000,-0.004013,0.016480,-0.017102,1.190174,0.139122,2.119236
119.161000,-0.004595,0.016091,-0.017303,1.189464,0.138528,2.118945
119.181000,-0.004366,0.016185,-0.017362,1.188672,0.138217,2.118628
119.201000,-0.004454,0.016464,-0.017524,1.187833,0.137879,2.118387
119.219000,-0.004621,0.017162,-0.017760,1.186922,0.137549,2.118196
119.239000,-0.003540,0.017503,-0.018055,1.186044,0.137555,2.117918
119.261000,-0.002847,0.017470,-0.018405,1.185153,0.137461,2.117605
119.281000,-0.002070,0.017637,-0.018858,1.184280,0.137482,2.117288
119.301000,-0.001313,0.018306,-0.019268,1.183274,0.137525,2.117011
119.319000,-0.001017,0.019020,-0.019723,1.182333,0.137515,2.116724
119.339000,-0.001396,0.019863,-0.020172,1.181227,0.137439,2.116314
119.361000,-0.002132,0.020595,-0.020566,1.180033,0.137339,2.115815
119.381000,-0.002769,0.020479,-0.020908,1.179164,0.137276,2.115313
119.401000,-0.002849,0.020565,-0.021385,1.178242,0.137421,2.114768
119.421000,-0.003435,0.021036,-0.022106,1.177182,0.137505,2.114143
119.439000,-0.004359,0.021422,-0.022622,1.176254,0.137491,2.113576
119.459000,-0.004216,0.021994,-0.023181,1.175167,0.137849,2.112953
119.481000,-0.004518,0.022207,-0.024122,1.174098,0.138164,2.112295
119.501000,-0.004757,0.022759,-0.024949,1.173038,0.138495,2.111693
119.521000,-0.004653,0.023490,-0.025631,1.171943,0.138975,2.111166
119.541000,-0.004997,0.023961,-0.026460,1.170951,0.139390,2.110688
119.559000,-0.005145,0.024869,-0.026842,1.169930,0.139877,2.110276
119.581000,-0.005784,0.026370,-0.027305,1.168602,0.140462,2.109762
119.601000,-0.007147,0.027721,-0.028017,1.167427,0.140831,2.109340
119.619000,-0.007735,0.028982,-0.028421,1.166383,0.141371,2.108974
119.639000,-0.008088,0.030243,-0.028557,1.165293,0.142078,2.108597
119.661000,-0.008963,0.031761,-0.028913,1.164127,0.142766,2.108253
119.684000,-0.008648,0.034061,-0.029262,1.162725,0.143842,2.107858
119.701000,-0.008100,0.035090,-0.029213,1.161899,0.144748,2.107543
119.719000,-0.007665,0.035429,-0.029682,1.161249,0.145701,2.107219
119.739000,-0.006863,0.036186,-0.029870,1.160474,0.146891,2.106827
119.761000,-0.006392,0.037972,-0.030155,1.159405,0.148204,2.106390
119.781000,-0.006657,0.038963,-0.030363,1.158637,0.149242,2.105934
119.801000,-0.006160,0.039657,-0.030459,1.158017,0.150552,2.105445
119.819000,-0.005798,0.039996,-0.030455,1.157589,0.151785,2.104993
119.839000,-0.006854,0.040843,-0.030425,1.157016,0.152787,2.104480
119.861000,-0.006907,0.041798,-0.030372,1.156477,0.154283,2.103957
119.881000,-0.007157,0.042481,-0.030415,1.156131,0.155645,2.103521
119.901000,-0.007754,0.043598,-0.030416,1.155735,0.156962,2.103072
119.919000,-0.007876,0.044629,-0.030515,1.155463,0.158312,2.102711
119.939000,-0.007721,0.045573,-0.030950,1.155270,0.159911,2.102333
119.959000,-0.007057,0.046476,-0.031152,1.155168,0.161669,2.102016
119.981000,-0.006313,0.047612,-0.031401,1.155119,0.163654,2.101738
120.001000,-0.005645,0.048378,-0.031596,1.155242,0.165474,2.101489
120.019000,-0.004354,0.049048,-0.031729,1.155411,0.167366,2.101282
120.039000,-0.003564,0.048907,-0.031952,1.155883,0.169320,2.101062
120.059000,-0.002541,0.048731,-0.032043,1.156424,0.171379,2.100849
120.081000,-0.001930,0.048400,-0.032066,1.157147,0.173563,2.100650
120.101000,-0.001572,0.047764,-0.031918,1.157981,0.175522,2.100473
120.119000,-0.000986,0.046974,-0.032033,1.158843,0.177405,2.100344
120.139000,-0.000309,0.045811,-0.031845,1.159976,0.179478,2.100248
120.161000,0.000910,0.044951,-0.031836,1.161198,0.181900,2.100251
120.181000,0.001856,0.044211,-0.031755,1.162368,0.184105,2.100270
120.201000,0.002558,0.042719,-0.031593,1.163751,0.186247,2.100230
120.221000,0.003968,0.040793,-0.030986,1.165297,0.188580,2.100246
120.239000,0.004680,0.038659,-0.030672,1.166852,0.190545,2.100314
120.261000,0.004691,0.036494,-0.030212,1.168627,0.192794,2.100329
120.284000,0.004764,0.033962,-0.029676,1.170611,0.195216,2.100429
120.301000,0.004837,0.031475,-0.029167,1.172259,0.197015,2.100478
120.319000,0.005031,0.028984,-0.028792,1.174000,0.198978,2.100592
120.339000,0.005260,0.026448,-0.028453,1.175901,0.201194,2.100781
120.361000,0.005010,0.023939,-0.028099,1.177919,0.203479,2.101054
120.381000,0.005679,0.021388,-0.027864,1.179814,0.205775,2.101352
120.401000,0.007323,0.018313,-0.027844,1.181858,0.208365,2.101680
120.419000,0.008698,0.016104,-0.027834,1.183500,0.210660,2.102029
120.439000,0.009785,0.013856,-0.027653,1.185283,0.213086,2.102424
120.461000,0.010566,0.011582,-0.027241,1.187136,0.215617,2.102873
120.481000,0.011105,0.009196,-0.026732,1.188856,0.217929,2.103250
120.501000,0.011366,0.007251,-0.026643,1.190429,0.220205,2.103639
120.521000,0.011062,0.005810,-0.026439,1.191866,0.222332,2.103986
120.539000,0.010501,0.005452,-0.026325,1.192849,0.224149,2.104304
120.561000,0.010545,0.005637,-0.026132,1.193812,0.226532,2.104694
120.581000,0.011790,0.005560,-0.026040,1.194718,0.228975,2.105050
120.601000,0.012493,0.005606,-0.026032,1.195510,0.231238,2.105374
120.621000,0.013246,0.005707,-0.026136,1.196224,0.233491,2.105657
120.639000,0.014513,0.005942,-0.026084,1.196781,0.235643,2.105912
120.661000,0.015754,0.006405,-0.026130,1.197343,0.238197,2.106172
120.681000,0.016405,0.007247,-0.026310,1.197682,0.240372,2.106358
120.701000,0.017267,0.008724,-0.026500,1.197776,0.242561,2.106521
120.719000,0.018323,0.009688,-0.026769,1.197903,0.244560,2.106648
120.739000,0.019584,0.010560,-0.027061,1.198063,0.246776,2.106768
120.761000,0.020628,0.011913,-0.027372,1.198059,0.249110,2.106835
120.781000,0.021403,0.013322,-0.028131,1.197998,0.251172,2.106852
120.801000,0.022049,0.015363,-0.028846,1.197734,0.253169,2.106896
120.819000,0.022179,0.017692,-0.029622,1.197342,0.254825,2.106871
120.839000,0.022557,0.020170,-0.030531,1.196919,0.256677,2.106827
120.859000,0.022976,0.022226,-0.031231,1.196568,0.258519,2.106648
120.881000,0.023360,0.024422,-0.032080,1.196144,0.260471,2.106397
120.901000,0.023067,0.026343,-0.032996,1.195746,0.262051,2.106127
120.919000,0.022521,0.027727,-0.033712,1.195456,0.263341,2.105823
120.941000,0.022351,0.029173,-0.034684,1.195190,0.265022,2.105367
120.961000,0.022358,0.030823,-0.035889,1.194871,0.266490,2.104995
120.981000,0.022431,0.032653,-0.037018,1.194532,0.267922,2.104661
121.001000,0.022171,0.034449,-0.038361,1.194208,0.269227,2.104371
121.019000,0.022486,0.035818,-0.039540,1.193995,0.270491,2.104091
121.039000,0.022689,0.036844,-0.040745,1.193877,0.271766,2.103831
121.061000,0.023397,0.037296,-0.042136,1.193965,0.273225,2.103563
121.082000,0.024358,0.037751,-0.043524,1.194052,0.274617,2.103359
121.101000,0.024757,0.037852,-0.044845,1.194221,0.275715,2.103151
121.119000,0.025235,0.037597,-0.045867,1.194484,0.276731,2.102964
121.141000,0.025267,0.036892,-0.047100,1.194963,0.277745,2.102774
121.161000,0.025584,0.036483,-0.048554,1.195381,0.278681,2.102659
121.181000,0.025962,0.035736,-0.049753,1.195893,0.279580,2.102547
121.201000,0.026055,0.034618,-0.051189,1.196516,0.280321,2.102484
121.219000,0.026784,0.033745,-0.052415,1.197058,0.281100,2.102377
121.241000,0.027794,0.031981,-0.053897,1.197927,0.281938,2.102275
121.261000,0.028739,0.030220,-0.055379,1.198791,0.282636,2.102229
121.284000,0.029742,0.028758,-0.057209,1.199652,0.283335,2.102243
121.301000,0.030373,0.027863,-0.058527,1.200233,0.283764,2.102305
121.321000,0.031386,0.026680,-0.060108,1.200980,0.284231,2.102349
121.339000,0.032284,0.025186,-0.061383,1.201776,0.284578,2.102390
121.361000,0.033188,0.024068,-0.062606,1.202554,0.284855,2.102493
121.381000,0.033769,0.023286,-0.063675,1.203175,0.284943,2.102610
121.401000,0.034485,0.022539,-0.064720,1.203787,0.284996,2.102816
121.421000,0.034244,0.021807,-0.065050,1.204376,0.284704,2.102986
121.439000,0.033782,0.021207,-0.065658,1.204873,0.284312,2.103158
121.459000,0.033850,0.020915,-0.066287,1.205329,0.283941,2.103383
121.481000,0.033480,0.020504,-0.066808,1.205809,0.283332,2.103594
121.501000,0.033065,0.020092,-0.067458,1.206277,0.282659,2.103762
121.521000,0.032625,0.020079,-0.068296,1.206605,0.281868,2.103976
121.541000,0.032179,0.019936,-0.069080,1.206920,0.281009,2.104129
121.559000,0.032298,0.019551,-0.070029,1.207267,0.280282,2.104304
121.581000,0.031841,0.019031,-0.071101,1.207686,0.279120,2.104493
121.601000,0.031387,0.018972,-0.071886,1.207932,0.277971,2.104647
121.619000,0.031728,0.019232,-0.072643,1.208047,0.277062,2.104775
121.639000,0.031378,0.019596,-0.073524,1.208107,0.275778,2.104870
121.659000,0.030528,0.019544,-0.074036,1.208227,0.274307,2.104908
121.682000,0.029781,0.019682,-0.074405,1.208264,0.272605,2.104925
121.701000,0.028532,0.019732,-0.074572,1.208284,0.270981,2.104895
121.719000,0.027170,0.019843,-0.074770,1.208245,0.269332,2.104937
121.739000,0.025267,0.019744,-0.074547,1.208229,0.267332,2.104875
121.761000,0.023501,0.019839,-0.074340,1.208122,0.265158,2.104848
121.781000,0.021823,0.019864,-0.074170,1.208017,0.263127,2.104823
121.801000,0.020047,0.019811,-0.073822,1.207904,0.261033,2.104785
121.819000,0.018531,0.020046,-0.073698,1.207726,0.259162,2.104726
121.839000,0.017080,0.020508,-0.073524,1.207462,0.257062,2.104675
121.861000,0.015904,0.021278,-0.073194,1.207060,0.254846,2.104627
121.881000,0.015100,0.021966,-0.072889,1.206724,0.252886,2.104581
121.901000,0.014443,0.023197,-0.072366,1.206229,0.250894,2.104511
121.919000,0.014105,0.024172,-0.071556,1.205804,0.249159,2.104422
121.941000,0.013674,0.024833,-0.070783,1.205407,0.247017,2.104318
121.961000,0.013259,0.025418,-0.069887,1.205023,0.245084,2.104178
121.979000,0.012267,0.025965,-0.069071,1.204673,0.243207,2.104070
122.001000,0.011403,0.026957,-0.067996,1.204213,0.241035,2.103992
122.021000,0.010201,0.028562,-0.066867,1.203593,0.238971,2.104008
122.042000,0.008602,0.030234,-0.065902,1.202958,0.236716,2.104076
122.061000,0.008021,0.031262,-0.064821,1.202532,0.234887,2.104143
122.079000,0.007727,0.031590,-0.063930,1.202314,0.233197,2.104251
122.101000,0.007827,0.032306,-0.063037,1.201985,0.231236,2.104455
122.121000,0.007962,0.032969,-0.062038,1.201691,0.229431,2.104696
122.141000,0.008475,0.033346,-0.061143,1.201501,0.227727,2.104929
122.161000,0.008984,0.032827,-0.060342,1.201565,0.225995,2.105168
122.179000,0.009737,0.032646,-0.059569,1.201572,0.224466,2.105420
122.201000,0.011064,0.032490,-0.058769,1.201557,0.222761,2.105749
122.221000,0.011730,0.031229,-0.058204,1.201835,0.221030,2.106051
122.239000,0.012756,0.030238,-0.057797,1.202112,0.219598,2.106430
122.259000,0.013178,0.029757,-0.056994,1.202291,0.217785,2.106976
122.281000,0.013808,0.029730,-0.056757,1.202371,0.215891,2.107645
122.301000,0.014064,0.029281,-0.056392,1.202610,0.214116,2.108231
122.321000,0.013771,0.029141,-0.056203,1.202772,0.212193,2.108840
122.339000,0.013536,0.028844,-0.055806,1.202977,0.210439,2.109364
122.361000,0.013128,0.027999,-0.055297,1.203395,0.208243,2.110107
122.379000,0.013207,0.027908,-0.054859,1.203579,0.206549,2.110704
122.401000,0.013103,0.027673,-0.054551,1.203840,0.204429,2.111422
122.421000,0.012801,0.026644,-0.054291,1.204314,0.202392,2.112058
122.439000,0.013532,0.026197,-0.053963,1.204608,0.200800,2.112618
122.461000,0.014114,0.025099,-0.053951,1.205136,0.198760,2.113254
122.479000,0.013899,0.024151,-0.053895,1.205563,0.196918,2.113730
122.501000,0.014699,0.023438,-0.053510,1.205964,0.194936,2.114361
122.521000,0.014522,0.022259,-0.053302,1.206472,0.192893,2.114841
122.539000,0.013655,0.021084,-0.052881,1.206947,0.190858,2.115285
122.561000,0.013377,0.020396,-0.052264,1.207355,0.188616,2.115837
122.579000,0.012785,0.020148,-0.051634,1.207604,0.186647,2.116360
122.601000,0.011602,0.020128,-0.050913,1.207779,0.184169,2.116954
122.622000,0.010913,0.019403,-0.050127,1.208110,0.181924,2.117525
122.639000,0.010187,0.018259,-0.049744,1.208511,0.180030,2.118035
122.661000,0.009337,0.017427,-0.048856,1.208865,0.177578,2.118711
122.679000,0.008716,0.017310,-0.048075,1.209007,0.175576,2.119326
122.701000,0.008057,0.017724,-0.047278,1.209013,0.173157,2.120122
122.721000,0.007456,0.017778,-0.046485,1.209079,0.170967,2.120870
122.739000,0.007199,0.017758,-0.045757,1.209155,0.169054,2.121606
122.761000,0.006701,0.017706,-0.044792,1.209230,0.166672,2.122535
122.779000,0.005897,0.017928,-0.044114,1.209207,0.164656,2.123297
122.801000,0.004714,0.018893,-0.043214,1.208967,0.162165,2.124272
122.821000,0.003878,0.019383,-0.042274,1.208820,0.159942,2.125194
122.839000,0.002833,0.019313,-0.041369,1.208789,0.157887,2.126033
122.859000,0.001937,0.019509,-0.040429,1.208688,0.155709,2.126918
122.879000,0.000984,0.019727,-0.039226,1.208552,0.153483,2.127834
122.901000,-0.000275,0.019750,-0.038001,1.208496,0.151038,2.128897
122.921000,-0.001121,0.020543,-0.037190,1.208231,0.148900,2.129872
122.941000,-0.001234,0.021594,-0.036312,1.207882,0.147027,2.130868
122.959000,-0.001849,0.022109,-0.035522,1.207705,0.145207,2.131752
122.979000,-0.002804,0.023079,-0.034754,1.207408,0.143134,2.132746
123.001000,-0.002851,0.024434,-0.033734,1.207024,0.141176,2.133739
123.021000,-0.002968,0.025143,-0.033072,1.206812,0.139424,2.134676
123.039000,-0.002940,0.026069,-0.032426,1.206547,0.137928,2.135477
123.059000,-0.003104,0.027395,-0.031673,1.206177,0.136238,2.136252
123.081000,-0.003297,0.027918,-0.030886,1.206044,0.134417,2.137050
123.101000,-0.002596,0.028282,-0.030148,1.205950,0.133081,2.137722
123.121000,-0.002905,0.028460,-0.029473,1.205895,0.131527,2.138297
123.141000,-0.003257,0.028857,-0.028763,1.205785,0.130035,2.138781
123.161000,-0.003562,0.029179,-0.027681,1.205699,0.128586,2.139256
123.179000,-0.003745,0.028856,-0.026854,1.205832,0.127350,2.139665
123.201000,-0.003910,0.028989,-0.026177,1.205841,0.125939,2.140088
123.222000,-0.004457,0.028678,-0.025384,1.205972,0.124555,2.140435
123.239000,-0.004332,0.028271,-0.024917,1.206157,0.123596,2.140722
123.261000,-0.004275,0.027825,-0.024407,1.206400,0.122357,2.141117
123.281000,-0.003828,0.027617,-0.023931,1.206596,0.121379,2.141454
123.301000,-0.003567,0.027563,-0.023528,1.206774,0.120347,2.141800
123.321000,-0.003039,0.027343,-0.023277,1.206988,0.119456,2.142125
123.341000,-0.002652,0.026462,-0.023299,1.207383,0.118574,2.142436
123.361000,-0.002240,0.025699,-0.023404,1.207744,0.117774,2.142713
123.379000,-0.002588,0.024727,-0.023431,1.208167,0.116897,2.142870
123.401000,-0.002705,0.023411,-0.023963,1.208736,0.116001,2.143097
123.421000,-0.003557,0.022316,-0.024487,1.209215,0.115069,2.143301
123.439000,-0.004727,0.021529,-0.024890,1.209590,0.114196,2.143485
123.459000,-0.006029,0.020845,-0.025501,1.210023,0.113220,2.143759
123.479000,-0.008043,0.020220,-0.025959,1.210385,0.112179,2.143917
123.501000,-0.010212,0.019436,-0.026860,1.210829,0.111180,2.144049
123.521000,-0.011899,0.018309,-0.027922,1.211380,0.110370,2.144204
123.539000,-0.013263,0.017588,-0.028928,1.211769,0.109757,2.144312
123.561000,-0.015108,0.016522,-0.029941,1.212310,0.109065,2.144296
123.579000,-0.016755,0.016448,-0.031106,1.212474,0.108495,2.144316
123.601000,-0.018310,0.016422,-0.032478,1.212697,0.108051,2.144326
123.621000,-0.019066,0.016183,-0.033858,1.212944,0.107890,2.144277
123.639000,-0.019397,0.015003,-0.035205,1.213412,0.107874,2.144251
123.659000,-0.019302,0.014133,-0.036763,1.213802,0.108055,2.144234
123.681000,-0.018437,0.013532,-0.038360,1.214100,0.108586,2.144147
123.701000,-0.017608,0.012484,-0.040020,1.214478,0.109182,2.143993
123.721000,-0.017020,0.011603,-0.041426,1.214785,0.109810,2.143740
123.739000,-0.016600,0.011320,-0.042616,1.214879,0.110443,2.143403
123.761000,-0.016333,0.010284,-0.044226,1.215152,0.111250,2.142980
123.779000,-0.015564,0.009457,-0.045479,1.215333,0.112161,2.142568
123.801000,-0.015160,0.008527,-0.046932,1.215529,0.113221,2.141958
123.821000,-0.014404,0.008181,-0.048600,1.215558,0.114384,2.141314
123.839000,-0.013847,0.008007,-0.049997,1.215579,0.115481,2.140729
123.861000,-0.013872,0.007562,-0.051304,1.215588,0.116729,2.139953
123.879000,-0.013724,0.007680,-0.052812,1.215435,0.117947,2.139193
123.901000,-0.013874,0.008376,-0.054146,1.215128,0.119394,2.138300
123.921000,-0.013644,0.009645,-0.055251,1.214633,0.120916,2.137462
123.939000,-0.013178,0.010726,-0.056321,1.214190,0.122409,2.136705
123.961000,-0.012995,0.012017,-0.057596,1.213580,0.124190,2.135724
123.979000,-0.012661,0.011888,-0.058154,1.213348,0.125741,2.134846
124.001000,-0.011152,0.011269,-0.058979,1.213183,0.127979,2.133741
124.021000,-0.010354,0.010451,-0.059589,1.213102,0.129950,2.132753
124.043000,-0.009774,0.010138,-0.059942,1.212816,0.132105,2.131714
124.061000,-0.009040,0.010654,-0.060501,1.212357,0.134002,2.130876
124.079000,-0.008105,0.011243,-0.061056,1.211872,0.135956,2.129938
124.101000,-0.006354,0.010970,-0.061117,1.211520,0.138492,2.128835
124.121000,-0.004052,0.009735,-0.061591,1.211452,0.141023,2.127844
124.139000,-0.002077,0.008900,-0.061888,1.211264,0.143302,2.127022
124.161000,-0.000068,0.008180,-0.061980,1.210918,0.145939,2.125969
124.179000,0.002025,0.007005,-0.062300,1.210744,0.148268,2.125034
124.201000,0.004468,0.004846,-0.062287,1.210674,0.151142,2.123830
124.221000,0.006342,0.002684,-0.062089,1.210650,0.153633,2.122682
124.239000,0.007379,0.000588,-0.061745,1.210610,0.155757,2.121589
124.259000,0.008435,-0.001623,-0.061233,1.210424,0.158087,2.120299
124.279000,0.009096,-0.003768,-0.060706,1.210152,0.160320,2.118951
124.301000,0.010107,-0.006500,-0.060138,1.209927,0.162824,2.117431
124.321000,0.011343,-0.008566,-0.059640,1.209560,0.165173,2.116012
124.341000,0.012776,-0.009941,-0.059056,1.208966,0.167535,2.114570
124.361000,0.014255,-0.010902,-0.058771,1.208207,0.169886,2.113185
124.379000,0.015478,-0.011850,-0.058311,1.207506,0.171934,2.111973
124.401000,0.016739,-0.012998,-0.057837,1.206463,0.174388,2.110498
124.421000,0.017820,-0.014530,-0.057470,1.205545,0.176602,2.109159
124.441000,0.018133,-0.016229,-0.056978,1.204596,0.178565,2.107860
124.461000,0.018404,-0.017578,-0.056364,1.203460,0.180513,2.106550
124.481000,0.018940,-0.018645,-0.055514,1.202187,0.182444,2.105278
124.501000,0.020148,-0.019359,-0.054620,1.200729,0.184531,2.103994
124.521000,0.020895,-0.019727,-0.053709,1.199126,0.186497,2.102760
124.541000,0.020550,-0.019439,-0.052721,1.197270,0.188107,2.101562
124.561000,0.019767,-0.018346,-0.052154,1.195106,0.189595,2.100441
124.579000,0.018793,-0.017130,-0.051544,1.193048,0.190796,2.099491
124.601000,0.018921,-0.014584,-0.050875,1.190167,0.192613,2.098447
124.621000,0.019041,-0.011917,-0.050044,1.187389,0.194167,2.097706
124.639000,0.019064,-0.008975,-0.049479,1.184661,0.195478,2.097144
124.661000,0.019470,-0.005744,-0.048756,1.181393,0.197075,2.096589
124.679000,0.020779,-0.003136,-0.048298,1.178693,0.198570,2.096235
124.701000,0.022422,0.000097,-0.047518,1.175328,0.200317,2.095916
124.721000,0.023792,0.003362,-0.047071,1.172118,0.201799,2.095718
124.739000,0.024286,0.006038,-0.046517,1.169302,0.202867,2.095610
124.761000,0.025232,0.009314,-0.046151,1.165866,0.204253,2.095516
124.779000,0.026574,0.012267,-0.046106,1.162945,0.205532,2.095481
124.801000,0.026960,0.015306,-0.045527,1.159553,0.206644,2.095538
124.821000,0.026551,0.018149,-0.045092,1.156401,0.207393,2.095620
124.839000,0.026922,0.020534,-0.044885,1.153639,0.208233,2.095773
124.861000,0.025984,0.022577,-0.044462,1.150536,0.208824,2.095970
124.879000,0.024987,0.024437,-0.044134,1.147944,0.209245,2.096166
124.901000,0.023169,0.026956,-0.043679,1.144716,0.209573,2.096478
124.921000,0.021172,0.028511,-0.043576,1.142014,0.209743,2.096828
124.939000,0.019827,0.029393,-0.043150,1.139790,0.209983,2.097171
124.961000,0.017264,0.030910,-0.042759,1.136989,0.209983,2.097690
124.979000,0.015353,0.032033,-0.042507,1.134785,0.209973,2.098200
125.001000,0.013706,0.032908,-0.041987,1.132309,0.210158,2.098952
125.021000,0.011300,0.033178,-0.041828,1.130246,0.210047,2.099669
125.039000,0.009469,0.033464,-0.041500,1.128444,0.210019,2.100307
125.061000,0.007944,0.033803,-0.040939,1.126343,0.210192,2.101152
125.079000,0.006340,0.033834,-0.040900,1.124751,0.210207,2.101864
125.101000,0.004705,0.033929,-0.040596,1.122910,0.210317,2.102716
125.121000,0.004309,0.034151,-0.040557,1.121321,0.210704,2.103526
125.139000,0.004415,0.034589,-0.040621,1.119889,0.211125,2.104276
125.161000,0.004992,0.034787,-0.040844,1.118349,0.211707,2.105218
125.179000,0.006143,0.034766,-0.041235,1.117233,0.212304,2.106038
125.201000,0.008717,0.034535,-0.041686,1.116041,0.213334,2.107060
125.221000,0.010893,0.034622,-0.042058,1.114981,0.214187,2.108005
125.239000,0.012517,0.034663,-0.042750,1.114101,0.214854,2.108861
125.261000,0.014639,0.034900,-0.043221,1.113087,0.215702,2.109946
125.279000,0.016076,0.035110,-0.043678,1.112303,0.216341,2.110833
125.301000,0.016767,0.034939,-0.044494,1.111564,0.216852,2.111932
125.321000,0.017668,0.034897,-0.045076,1.110941,0.217361,2.112918
125.341000,0.018475,0.034492,-0.045727,1.110505,0.217812,2.113924
125.361000,0.018867,0.034025,-0.046389,1.110146,0.218147,2.114944
125.379000,0.018563,0.033305,-0.046780,1.109937,0.218222,2.115822
125.401000,0.018862,0.032087,-0.047758,1.109858,0.218468,2.116885
125.421000,0.018796,0.031118,-0.048787,1.109828,0.218557,2.117864
125.439000,0.018968,0.030394,-0.049682,1.109812,0.218684,2.118719
125.461000,0.018990,0.029088,-0.051169,1.110006,0.218746,2.119745
125.479000,0.018849,0.027851,-0.052153,1.110290,0.218714,2.120518
125.501000,0.018971,0.027239,-0.053901,1.110445,0.218731,2.121469
125.521000,0.018660,0.026144,-0.055344,1.110781,0.218558,2.122261
125.541000,0.018953,0.024791,-0.057071,1.111304,0.218507,2.123042
125.561000,0.019295,0.023720,-0.058568,1.111815,0.218414,2.123775
125.579000,0.019463,0.023058,-0.059780,1.112247,0.218294,2.124408
125.601000,0.019208,0.022635,-0.061638,1.112781,0.218027,2.125126
125.621000,0.018070,0.022971,-0.063094,1.113103,0.217522,2.125770
125.639000,0.016763,0.023465,-0.064327,1.113401,0.216991,2.126284
125.661000,0.015762,0.024702,-0.066249,1.113697,0.216510,2.126935
125.679000,0.015276,0.025955,-0.067733,1.113965,0.216201,2.127488
125.702000,0.013814,0.028369,-0.069724,1.114178,0.215594,2.128206
125.721000,0.012116,0.031112,-0.071550,1.114217,0.214942,2.128764
125.739000,0.010938,0.033963,-0.073253,1.114235,0.214435,2.129331
125.761000,0.010439,0.037122,-0.075469,1.114470,0.214026,2.130046
125.779000,0.010043,0.039069,-0.077497,1.114911,0.213698,2.130608
125.801000,0.008888,0.041187,-0.080086,1.115593,0.213096,2.131264
125.821000,0.008634,0.043521,-0.082156,1.116226,0.212785,2.131765
125.842000,0.007216,0.045770,-0.084374,1.117026,0.212176,2.132223
125.861000,0.005815,0.048054,-0.086505,1.117769,0.211630,2.132582
125.879000,0.004346,0.050231,-0.088078,1.118558,0.211121,2.132802
125.901000,0.002168,0.052174,-0.090131,1.119894,0.210443,2.132874
125.921000,0.000189,0.053941,-0.091997,1.121108,0.209827,2.132939
125.941000,-0.001922,0.055555,-0.093869,1.122422,0.209198,2.132951
125.961000,-0.004415,0.056726,-0.095760,1.124027,0.208532,2.132809
125.979000,-0.006053,0.057729,-0.097199,1.125574,0.208137,2.132643
126.001000,-0.008055,0.058181,-0.099170,1.127812,0.207686,2.132322
126.021000,-0.009318,0.058143,-0.101237,1.130127,0.207478,2.131944
126.041000,-0.010369,0.057940,-0.102814,1.132565,0.207344,2.131514
126.059000,-0.011449,0.056467,-0.104186,1.135129,0.207158,2.130993
126.079000,-0.010715,0.054148,-0.105637,1.138273,0.207480,2.130346
126.101000,-0.009434,0.050497,-0.106611,1.142170,0.207984,2.129585
126.121000,-0.009497,0.046925,-0.107469,1.145817,0.208162,2.128863
126.141000,-0.008795,0.043594,-0.107993,1.149549,0.208654,2.128165
126.161000,-0.008813,0.039858,-0.108135,1.153499,0.209036,2.127468
126.179000,-0.009239,0.036811,-0.108287,1.157000,0.209327,2.126833
126.201000,-0.009177,0.033304,-0.108299,1.161326,0.209950,2.126054
126.221000,-0.008573,0.030081,-0.107980,1.165378,0.210708,2.125374
126.241000,-0.008132,0.027427,-0.107640,1.169316,0.211569,2.124725
126.261000,-0.008522,0.025139,-0.107295,1.173169,0.212282,2.124130
126.279000,-0.008248,0.023135,-0.106798,1.176648,0.213143,2.123590
126.301000,-0.007047,0.020426,-0.106121,1.180973,0.214508,2.122953
126.322000,-0.006303,0.017004,-0.105356,1.185300,0.215752,2.122335
126.341000,-0.005073,0.013838,-0.104311,1.189295,0.217079,2.121825
126.361000,-0.003666,0.011720,-0.102871,1.193079,0.218618,2.121277
126.379000,-0.002837,0.009478,-0.101658,1.196572,0.219922,2.120753
126.401000,-0.001383,0.006669,-0.099975,1.200797,0.221739,2.120172
126.421000,-0.000019,0.004269,-0.098215,1.204545,0.223469,2.119711
126.439000,0.000742,0.002547,-0.096927,1.207736,0.224990,2.119354
126.461000,0.001717,0.000774,-0.095146,1.211513,0.226951,2.118905
126.479000,0.002621,-0.000475,-0.093512,1.214513,0.228594,2.118563
126.499000,0.003745,-0.001691,-0.091698,1.217723,0.230496,2.118222
126.521000,0.005134,-0.002767,-0.089819,1.221147,0.232685,2.117880
126.539000,0.006436,-0.002995,-0.088503,1.223727,0.234587,2.117609
126.561000,0.008121,-0.002724,-0.086453,1.226615,0.236947,2.117359
126.579000,0.009794,-0.002373,-0.085036,1.228890,0.238981,2.117180
126.601000,0.011461,-0.001954,-0.083209,1.231560,0.241397,2.116981
126.621000,0.013220,-0.001718,-0.081745,1.233938,0.243671,2.116832
126.639000,0.014724,-0.001750,-0.080079,1.236037,0.245682,2.116705
126.659000,0.016587,-0.001817,-0.078279,1.238301,0.247945,2.116623
126.679000,0.017931,-0.001761,-0.076425,1.240410,0.250100,2.116602
126.701000,0.019356,-0.001892,-0.074487,1.242614,0.252453,2.116633
126.721000,0.020578,-0.002295,-0.072674,1.244603,0.254570,2.116697
126.739000,0.021374,-0.002726,-0.070769,1.246320,0.256372,2.116786
126.761000,0.021963,-0.003449,-0.068607,1.248338,0.258468,2.116919
126.779000,0.022716,-0.004224,-0.066869,1.249935,0.260241,2.117034
126.801000,0.023478,-0.005039,-0.064897,1.251810,0.262368,2.117307
126.821000,0.023273,-0.005206,-0.063105,1.253213,0.264001,2.117603
126.839000,0.023517,-0.004796,-0.061550,1.254225,0.265588,2.117894
126.859000,0.024774,-0.004063,-0.059880,1.255210,0.267565,2.118294
126.881000,0.025693,-0.004041,-0.058354,1.256392,0.269553,2.118741
126.901000,0.026353,-0.003875,-0.056837,1.257335,0.271233,2.119123
126.921000,0.027937,-0.003358,-0.055453,1.258077,0.273128,2.119508
126.939000,0.029208,-0.003073,-0.054395,1.258705,0.274704,2.119889
126.961000,0.030541,-0.002891,-0.052830,1.259397,0.276491,2.120359
126.979000,0.031874,-0.002860,-0.051602,1.259858,0.277990,2.120756
127.001000,0.032844,-0.003625,-0.050039,1.260512,0.279534,2.121284
127.021000,0.034073,-0.003979,-0.048463,1.260892,0.281018,2.121774
127.039000,0.034539,-0.004525,-0.047173,1.261215,0.282115,2.122222
127.059000,0.035130,-0.005048,-0.046114,1.261442,0.283259,2.122741
127.079000,0.036696,-0.005391,-0.044844,1.261548,0.284619,2.123336
127.101000,0.037714,-0.005592,-0.043770,1.261521,0.285820,2.124020
127.121000,0.038532,-0.005535,-0.042865,1.261364,0.286793,2.124601
127.139000,0.039624,-0.005062,-0.042332,1.261067,0.287665,2.125133
127.161000,0.040769,-0.003867,-0.041568,1.260446,0.288553,2.125801
127.179000,0.041665,-0.002330,-0.041249,1.259721,0.289189,2.126401
127.201000,0.042365,-0.000306,-0.041068,1.258718,0.289765,2.127097
127.221000,0.043573,0.001117,-0.041092,1.257810,0.290313,2.127825
127.241000,0.045107,0.002077,-0.041456,1.256987,0.290774,2.128580
127.259000,0.046197,0.003466,-0.041834,1.256049,0.291035,2.129325
127.279000,0.047234,0.004588,-0.042336,1.255016,0.291180,2.130182
127.301000,0.047992,0.005492,-0.042903,1.253861,0.291125,2.131130
127.321000,0.048095,0.006239,-0.043611,1.252752,0.290775,2.131958
127.339000,0.047874,0.006976,-0.044361,1.251676,0.290314,2.132660
127.361000,0.047462,0.008103,-0.045243,1.250232,0.289602,2.133494
127.379000,0.046484,0.008917,-0.046324,1.249052,0.288736,2.134070
127.401000,0.045928,0.010083,-0.047751,1.247593,0.287778,2.134715
127.421000,0.044769,0.011612,-0.048880,1.246054,0.286570,2.135327
127.441000,0.043507,0.013171,-0.050365,1.244521,0.285255,2.135852
127.459000,0.042349,0.014786,-0.051800,1.243045,0.284019,2.136306
127.481000,0.040566,0.016485,-0.053699,1.241252,0.282248,2.136862
127.501000,0.039430,0.017864,-0.055334,1.239634,0.280654,2.137308
127.521000,0.037949,0.018835,-0.057030,1.238128,0.278888,2.137737
127.541000,0.036417,0.020112,-0.058691,1.236483,0.276962,2.138104
127.561000,0.034351,0.021406,-0.060368,1.234871,0.274878,2.138463
127.579000,0.032340,0.022617,-0.061824,1.233382,0.272918,2.138774
127.601000,0.029835,0.024048,-0.063540,1.231626,0.270452,2.139155
127.621000,0.027482,0.025652,-0.065311,1.229979,0.268139,2.139466
127.639000,0.024778,0.027090,-0.066907,1.228514,0.265849,2.139720
127.661000,0.022179,0.028977,-0.068565,1.226718,0.263211,2.140025
127.679000,0.020245,0.030457,-0.070209,1.225298,0.261101,2.140296
127.701000,0.016728,0.032098,-0.072232,1.223582,0.258159,2.140614
127.721000,0.014407,0.033119,-0.073807,1.222229,0.255675,2.140902
127.739000,0.012526,0.033865,-0.075204,1.221073,0.253490,2.141163
127.761000,0.010124,0.034462,-0.077235,1.219788,0.250801,2.141536
127.779000,0.008667,0.035005,-0.078851,1.218751,0.248742,2.141872
127.801000,0.006598,0.034231,-0.080342,1.217865,0.246108,2.142234
127.821000,0.005127,0.033414,-0.081658,1.217141,0.243837,2.142564
127.843000,0.003371,0.032823,-0.082885,1.216303,0.241362,2.142885
127.861000,0.001728,0.032075,-0.083921,1.215702,0.239287,2.143073
127.879000,0.000772,0.030727,-0.084719,1.215293,0.237403,2.143232
127.901000,-0.000381,0.028691,-0.085630,1.214916,0.235145,2.143370
127.921000,-0.001280,0.027179,-0.086472,1.214500,0.233148,2.143456
127.941000,-0.001311,0.025399,-0.087163,1.214225,0.231400,2.143513
127.959000,-0.001327,0.023551,-0.087517,1.214020,0.229863,2.143535
127.979000,-0.001536,0.021317,-0.087943,1.213836,0.228189,2.143555
128.001000,-0.001514,0.018829,-0.088284,1.213674,0.226471,2.143563
128.021000,-0.001673,0.016259,-0.088483,1.213573,0.224913,2.143500
128.039000,-0.001364,0.013848,-0.088126,1.213484,0.223704,2.143448
128.061000,-0.001181,0.010860,-0.087865,1.213421,0.222259,2.143325
128.079000,-0.001646,0.008720,-0.087399,1.213227,0.220969,2.143210
128.102000,-0.001817,0.006485,-0.086502,1.212828,0.219579,2.143024
128.121000,-0.002130,0.004749,-0.085511,1.212429,0.218452,2.142838
128.139000,-0.002625,0.003271,-0.084690,1.211958,0.217392,2.142680
128.161000,-0.002825,0.001850,-0.083495,1.211301,0.216271,2.142472
128.179000,-0.002698,0.001055,-0.082479,1.210632,0.215527,2.142293
128.201000,-0.003187,0.000334,-0.081289,1.209657,0.214504,2.142025
128.221000,-0.003096,0.000119,-0.080297,1.208637,0.213816,2.141756
128.241000,-0.003259,0.000190,-0.079116,1.207486,0.213124,2.141479
128.259000,-0.003055,0.000402,-0.078204,1.206341,0.212631,2.141226
128.281000,-0.002643,0.000806,-0.076615,1.204891,0.212149,2.140858
128.301000,-0.002350,0.001543,-0.075023,1.203423,0.211816,2.140507
128.321000,-0.002552,0.002666,-0.073486,1.201786,0.211397,2.140116
128.339000,-0.002475,0.003620,-0.071866,1.200272,0.211160,2.139755
128.361000,-0.002617,0.005066,-0.069925,1.198315,0.210882,2.139249
128.379000,-0.002375,0.006557,-0.068298,1.196636,0.210798,2.138749
128.401000,-0.001320,0.008832,-0.066383,1.194442,0.210989,2.138109
128.421000,-0.000571,0.011536,-0.064691,1.192269,0.211172,2.137507
128.439000,0.000031,0.014254,-0.063065,1.190226,0.211333,2.136928
128.461000,0.001506,0.017780,-0.061309,1.187689,0.211803,2.136191
128.479000,0.002790,0.020670,-0.059762,1.185618,0.212203,2.135622
128.501000,0.004376,0.023823,-0.057756,1.183167,0.212679,2.134892
128.521000,0.006319,0.026670,-0.056133,1.181014,0.213267,2.134281
128.541000,0.008949,0.029804,-0.054501,1.178833,0.214064,2.133735
128.561000,0.011316,0.033471,-0.053175,1.176528,0.214806,2.133282
128.579000,0.013172,0.036358,-0.052070,1.174589,0.215380,2.132951
128.601000,0.016729,0.039172,-0.050834,1.172451,0.216380,2.132593
128.621000,0.019460,0.040479,-0.049967,1.170867,0.217114,2.132268
128.639000,0.021902,0.041858,-0.049297,1.169432,0.217697,2.132054
128.661000,0.025682,0.043333,-0.048636,1.167828,0.218594,2.131878
128.679000,0.027971,0.043826,-0.048255,1.166755,0.219116,2.131821
128.701000,0.030971,0.044491,-0.048161,1.165511,0.219725,2.131865
128.721000,0.033288,0.044293,-0.048298,1.164670,0.220089,2.131935
128.739000,0.035231,0.043713,-0.048517,1.164059,0.220337,2.132038
128.761000,0.037076,0.042751,-0.048812,1.163461,0.220422,2.132223
128.779000,0.038067,0.041536,-0.049465,1.163161,0.220307,2.132380
128.801000,0.038919,0.040085,-0.049930,1.162880,0.220005,2.132481
128.821000,0.038890,0.038645,-0.050843,1.162746,0.219421,2.132589
128.839000,0.038896,0.037439,-0.051656,1.162668,0.218849,2.132717
128.861000,0.038555,0.035983,-0.052531,1.162702,0.217993,2.132841
128.879000,0.037637,0.035061,-0.053358,1.162724,0.217053,2.132952
128.902000,0.036547,0.034608,-0.054794,1.162679,0.215746,2.133130
128.921000,0.035940,0.034469,-0.055601,1.162642,0.214654,2.133316
128.941000,0.034917,0.034543,-0.056544,1.162597,0.213303,2.133516
128.959000,0.033395,0.034188,-0.057661,1.162736,0.211815,2.133750
128.979000,0.033079,0.033699,-0.058723,1.163001,0.210477,2.134072
129.001000,0.032682,0.033489,-0.059840,1.163250,0.208869,2.134370
129.021000,0.031070,0.033207,-0.061361,1.163538,0.206991,2.134684
129.041000,0.030532,0.032823,-0.062859,1.163944,0.205317,2.135034
129.061000,0.029841,0.031851,-0.063937,1.164608,0.203444,2.135398
129.079000,0.028719,0.031364,-0.065355,1.165068,0.201630,2.135725
129.101000,0.028056,0.030802,-0.067679,1.165709,0.199560,2.136103
129.122000,0.027825,0.030039,-0.069476,1.166496,0.197608,2.136442
129.139000,0.026767,0.029776,-0.071168,1.167033,0.195739,2.136717
129.161000,0.025291,0.029410,-0.073182,1.167765,0.193260,2.137067
129.179000,0.024276,0.028793,-0.075040,1.168499,0.191275,2.137337
129.201000,0.021866,0.027622,-0.077221,1.169515,0.188495,2.137616
129.219000,0.020032,0.026766,-0.078963,1.170343,0.186188,2.137846
129.242000,0.017925,0.026242,-0.081390,1.171275,0.183328,2.138136
129.259000,0.016262,0.025458,-0.083350,1.172106,0.181131,2.138338
129.279000,0.014138,0.024544,-0.085458,1.173113,0.178458,2.138542
129.301000,0.012295,0.024459,-0.087944,1.173996,0.175673,2.138757
129.321000,0.010542,0.024567,-0.090284,1.174770,0.173116,2.138931
129.341000,0.009056,0.023881,-0.092317,1.175753,0.170595,2.139031
129.359000,0.007596,0.023286,-0.094010,1.176635,0.168314,2.139061
129.379000,0.005498,0.022950,-0.095785,1.177532,0.165700,2.139071
129.401000,0.003322,0.022808,-0.097770,1.178525,0.162912,2.139026
129.421000,0.001529,0.023087,-0.099352,1.179330,0.160479,2.138933
129.439000,-0.000523,0.023292,-0.101010,1.180062,0.158218,2.138825
129.459000,-0.002889,0.023604,-0.102921,1.180873,0.155746,2.138716
129.479000,-0.004899,0.024124,-0.104710,1.181688,0.153441,2.138633
129.501000,-0.006931,0.025009,-0.106685,1.182486,0.150979,2.138563
129.521000,-0.008790,0.024736,-0.108555,1.183520,0.148736,2.138499
129.539000,-0.009422,0.024074,-0.109999,1.184601,0.147076,2.138443
129.561000,-0.010693,0.023896,-0.111856,1.185748,0.145001,2.138404
129.579000,-0.012422,0.024167,-0.113313,1.186585,0.143200,2.138422
129.601000,-0.014353,0.024533,-0.114762,1.187639,0.141180,2.138450
129.621000,-0.016170,0.024757,-0.116071,1.188668,0.139438,2.138490
129.639000,-0.018071,0.025455,-0.117248,1.189441,0.137891,2.138549
129.659000,-0.019754,0.026030,-0.118387,1.190397,0.136360,2.138619
129.681000,-0.021235,0.026293,-0.119623,1.191573,0.134916,2.138773
129.701000,-0.022775,0.026191,-0.120826,1.192749,0.133654,2.138896
129.721000,-0.023865,0.026443,-0.121812,1.193889,0.132629,2.139064
129.739000,-0.024907,0.026914,-0.122454,1.194833,0.131808,2.139238
129.761000,-0.025732,0.026904,-0.123430,1.196192,0.131018,2.139521
129.779000,-0.025941,0.026496,-0.124044,1.197423,0.130607,2.139788
129.801000,-0.026127,0.025993,-0.124493,1.198956,0.130275,2.140116
129.821000,-0.026335,0.025591,-0.124703,1.200334,0.130080,2.140454
129.839000,-0.025957,0.024983,-0.124615,1.201651,0.130150,2.140790
129.861000,-0.025844,0.023567,-0.124381,1.203462,0.130308,2.141185
129.879000,-0.025807,0.022579,-0.123975,1.204902,0.130583,2.141524
129.901000,-0.025546,0.021902,-0.123545,1.206520,0.131153,2.141972
129.921000,-0.025238,0.020750,-0.123127,1.208134,0.131760,2.142380
129.941000,-0.024277,0.019384,-0.122445,1.209826,0.132647,2.142817
129.961000,-0.022492,0.018132,-0.121432,1.211530,0.133911,2.143266
129.979000,-0.021138,0.017533,-0.121046,1.212934,0.135079,2.143722
130.001000,-0.019354,0.017072,-0.120190,1.214533,0.136676,2.144207
130.021000,-0.016984,0.016190,-0.119306,1.216131,0.138398,2.144665
130.039000,-0.014597,0.015221,-0.118623,1.217589,0.140145,2.145052
130.061000,-0.012217,0.014074,-0.117595,1.219320,0.142262,2.145502
130.079000,-0.010404,0.013401,-0.116788,1.220651,0.144051,2.145857
130.101000,-0.008263,0.012525,-0.115413,1.222228,0.146305,2.146295
130.121000,-0.005860,0.011723,-0.114185,1.223662,0.148596,2.146684
130.139000,-0.003798,0.011067,-0.113407,1.224906,0.150692,2.147025
130.161000,-0.001526,0.010228,-0.112283,1.226330,0.153240,2.147399
130.179000,0.000681,0.009315,-0.111133,1.227534,0.155446,2.147681
130.201000,0.003770,0.007992,-0.110058,1.228985,0.158267,2.148011
130.221000,0.006569,0.007054,-0.109148,1.230199,0.160859,2.148269
130.239000,0.008983,0.006160,-0.108585,1.231260,0.163138,2.148475
130.259000,0.011919,0.005093,-0.107419,1.232359,0.165744,2.148686
130.279000,0.014897,0.003598,-0.106360,1.233533,0.168352,2.148832
130.301000,0.020045,0.001786,-0.107981,1.235043,0.171832,2.149106
130.321000,0.021697,0.000884,-0.106537,1.235861,0.174022,2.149146
130.339000,0.023173,0.000393,-0.105301,1.236471,0.175987,2.149147
130.361000,0.024539,-0.000057,-0.103153,1.237000,0.178215,2.149089
130.379000,0.026165,0.000349,-0.101412,1.237157,0.180187,2.149018
130.401000,0.028182,0.000522,-0.100478,1.237485,0.182509,2.148927
130.421000,0.029846,0.001074,-0.099842,1.237606,0.184537,2.148796
130.439000,0.031515,0.001447,-0.099397,1.237694,0.186318,2.148648
130.461000,0.033065,0.001857,-0.098643,1.237749,0.188306,2.148446
130.479000,0.034159,0.002757,-0.098035,1.237598,0.189866,2.148280
130.501000,0.035012,0.004485,-0.097443,1.237179,0.191587,2.148065
130.521000,0.034877,0.006436,-0.096743,1.236585,0.192808,2.147762
130.539000,0.034815,0.007889,-0.095921,1.236054,0.193876,2.147474
130.561000,0.034372,0.009050,-0.094773,1.235519,0.194984,2.147035
130.579000,0.033783,0.010230,-0.094063,1.234990,0.195747,2.146616
130.601000,0.033535,0.012287,-0.092877,1.234126,0.196717,2.146091
130.619000,0.032777,0.014165,-0.091785,1.233288,0.197283,2.145619
130.643000,0.032206,0.015979,-0.090606,1.232350,0.198045,2.144957
130.661000,0.031937,0.017362,-0.089613,1.231563,0.198507,2.144446
130.679000,0.032167,0.018528,-0.088681,1.230781,0.198989,2.143905
130.701000,0.032505,0.019434,-0.087716,1.230085,0.199521,2.143226
130.721000,0.033128,0.020463,-0.086649,1.229322,0.199977,2.142660
130.741000,0.034028,0.021320,-0.085931,1.228565,0.200411,2.142074
130.761000,0.034539,0.021336,-0.085005,1.227991,0.200637,2.141473
130.779000,0.034985,0.021326,-0.084159,1.227487,0.200745,2.140921
130.801000,0.034834,0.021599,-0.082944,1.226747,0.200602,2.140285
130.821000,0.034741,0.021731,-0.082255,1.226078,0.200403,2.139706
130.839000,0.034778,0.021230,-0.081424,1.225638,0.200135,2.139211
130.859000,0.034752,0.020804,-0.080773,1.225147,0.199793,2.138644
130.879000,0.034167,0.021023,-0.080192,1.224469,0.199208,2.138139
130.901000,0.033678,0.021382,-0.079497,1.223715,0.198440,2.137595
130.921000,0.033408,0.021191,-0.078826,1.223166,0.197706,2.137025
130.939000,0.033281,0.020859,-0.078765,1.222703,0.196994,2.136553
130.961000,0.033159,0.020809,-0.078440,1.222043,0.196043,2.136026
130.979000,0.032884,0.020537,-0.078421,1.221515,0.195124,2.135581
131.001000,0.032769,0.020128,-0.078035,1.220892,0.193948,2.134977
131.021000,0.032727,0.019230,-0.077963,1.220466,0.192798,2.134392
131.039000,0.032317,0.018129,-0.077798,1.220168,0.191605,2.133857
131.059000,0.031899,0.017559,-0.077636,1.219594,0.190205,2.133228
131.081000,0.030669,0.017073,-0.077031,1.218908,0.188369,2.132542
131.101000,0.029838,0.016635,-0.076662,1.218280,0.186682,2.131971
131.121000,0.029651,0.015621,-0.076353,1.217827,0.185078,2.131422
131.139000,0.029102,0.014757,-0.076062,1.217374,0.183479,2.130953
131.161000,0.027585,0.014040,-0.075416,1.216722,0.181230,2.130436
131.179000,0.026863,0.013854,-0.075188,1.216063,0.179493,2.130074
131.201000,0.024880,0.013729,-0.074628,1.215232,0.177043,2.129701
131.221000,0.022678,0.013691,-0.073929,1.214418,0.174660,2.129437
131.239000,0.021021,0.013738,-0.073392,1.213643,0.172571,2.129238
131.261000,0.018266,0.012708,-0.072687,1.212945,0.169785,2.129054
131.279000,0.016326,0.011874,-0.071937,1.212315,0.167587,2.128937
131.301000,0.013026,0.010633,-0.070937,1.211531,0.164653,2.128788
131.321000,0.009560,0.009407,-0.070053,1.210786,0.161898,2.128643
131.339000,0.006122,0.007879,-0.069070,1.210196,0.159371,2.128537
131.361000,0.001689,0.006074,-0.068032,1.209415,0.156294,2.128453
131.379000,-0.002103,0.005209,-0.067197,1.208555,0.153785,2.128384
131.401000,-0.007346,0.004101,-0.066279,1.207463,0.150617,2.128289
131.421000,-0.011225,0.002731,-0.065488,1.206548,0.148035,2.128327
131.439000,-0.013692,0.001501,-0.064956,1.205692,0.146041,2.128379
131.461000,-0.017071,0.000634,-0.064449,1.204415,0.143603,2.128493
131.479000,-0.020163,0.000522,-0.064193,1.203171,0.141607,2.128630
131.501000,-0.023172,0.000727,-0.063730,1.201496,0.139479,2.128736
131.521000,-0.024562,0.000838,-0.063283,1.199953,0.138010,2.128846
131.539000,-0.025875,0.000553,-0.062745,1.198599,0.136761,2.128947
131.561000,-0.027687,0.000075,-0.061878,1.196925,0.135324,2.128992
131.579000,-0.028569,0.000253,-0.061255,1.195353,0.134456,2.129009
131.601000,-0.029926,0.000755,-0.060173,1.193285,0.133466,2.129025
131.621000,-0.030506,0.001231,-0.059092,1.191352,0.132917,2.129013
131.639000,-0.030976,0.001647,-0.058232,1.189580,0.132569,2.129012
131.659000,-0.030927,0.002282,-0.057307,1.187527,0.132471,2.129002
131.679000,-0.030514,0.003314,-0.056273,1.185312,0.132558,2.128985
131.701000,-0.029400,0.004426,-0.055023,1.182851,0.132982,2.129022
131.721000,-0.027802,0.005429,-0.053840,1.180560,0.133667,2.129018
131.739000,-0.026350,0.006275,-0.052748,1.178465,0.134411,2.129008
131.761000,-0.024065,0.007576,-0.051263,1.175816,0.135587,2.128976
131.779000,-0.021470,0.008387,-0.049782,1.173758,0.136839,2.128973
131.801000,-0.018128,0.010298,-0.047775,1.170910,0.138559,2.128887
131.821000,-0.015930,0.011955,-0.045890,1.168308,0.140048,2.128760
131.841000,-0.013492,0.013506,-0.043827,1.165673,0.141698,2.128600
131.861000,-0.010623,0.014002,-0.041925,1.163285,0.143581,2.128393
131.879000,-0.008254,0.014496,-0.040001,1.161109,0.145326,2.128188
131.901000,-0.006319,0.015541,-0.037642,1.158291,0.147373,2.127933
131.921000,-0.004795,0.016659,-0.035704,1.155700,0.149284,2.127671
131.939000,-0.003324,0.017668,-0.033836,1.153421,0.151076,2.127444
131.961000,-0.000942,0.019353,-0.031757,1.150536,0.153533,2.127169
131.979000,0.000781,0.021017,-0.029908,1.148139,0.155551,2.126944
132.001000,0.001744,0.023595,-0.027600,1.145083,0.157756,2.126674
132.021000,0.003476,0.026421,-0.025383,1.142187,0.160054,2.126426
132.039000,0.005300,0.028488,-0.023312,1.139723,0.162235,2.126236
132.059000,0.006785,0.030053,-0.021020,1.137215,0.164534,2.126035
132.079000,0.008608,0.031718,-0.018650,1.134717,0.166956,2.125845
132.101000,0.009838,0.033920,-0.016162,1.131878,0.169484,2.125682
132.121000,0.010660,0.035432,-0.013736,1.129499,0.171684,2.125569
132.141000,0.012562,0.036781,-0.011348,1.127192,0.174205,2.125450
132.161000,0.013247,0.037511,-0.008919,1.125096,0.176387,2.125292
132.179000,0.014111,0.038519,-0.006881,1.123198,0.178421,2.125202
132.201000,0.015184,0.040426,-0.004430,1.120780,0.180914,2.125145
132.221000,0.015644,0.042311,-0.002472,1.118631,0.183071,2.125098
132.239000,0.017242,0.044486,-0.001606,1.116604,0.185460,2.125101
132.261000,0.018237,0.045511,0.000202,1.114744,0.187957,2.125008
132.279000,0.018630,0.046513,0.001574,1.113278,0.189882,2.124936
132.302000,0.019187,0.048630,0.003147,1.111301,0.192354,2.124798
132.321000,0.019120,0.050761,0.004573,1.109659,0.194231,2.124657
132.341000,0.018879,0.052601,0.005853,1.108125,0.196110,2.124527
132.359000,0.019229,0.053481,0.007076,1.107053,0.197980,2.124390
132.379000,0.019203,0.053777,0.008174,1.106203,0.199904,2.124254
132.401000,0.019472,0.055337,0.009369,1.105011,0.202116,2.124151
132.421000,0.019193,0.056759,0.010206,1.104062,0.203962,2.124077
132.439000,0.018802,0.057219,0.010890,1.103516,0.205538,2.124038
132.459000,0.019657,0.057422,0.011381,1.103149,0.207637,2.124057
132.479000,0.020362,0.057951,0.011767,1.102826,0.209623,2.124118
132.501000,0.020937,0.058602,0.011903,1.102613,0.211772,2.124167
132.521000,0.021693,0.059228,0.011809,1.102581,0.213767,2.124213
132.539000,0.022240,0.059737,0.011539,1.102695,0.215508,2.124255
132.561000,0.023106,0.060369,0.011301,1.102945,0.217671,2.124320
132.579000,0.023904,0.060451,0.010723,1.103424,0.219474,2.124369
132.604000,0.024415,0.060851,0.009988,1.104183,0.221781,2.124405
132.621000,0.024574,0.060660,0.009397,1.104936,0.223312,2.124403
132.639000,0.024687,0.060075,0.008485,1.105942,0.224933,2.124380
132.661000,0.024620,0.059877,0.007898,1.107212,0.226810,2.124385
132.679000,0.023996,0.060062,0.007215,1.108284,0.228192,2.124383
132.704000,0.022624,0.059898,0.006222,1.110016,0.229967,2.124308
132.721000,0.022557,0.059375,0.005351,1.111441,0.231415,2.124289
132.741000,0.022407,0.058461,0.004278,1.113328,0.233060,2.124268
132.761000,0.022407,0.058024,0.003027,1.115255,0.234712,2.124213
132.779000,0.022279,0.058264,0.002075,1.116916,0.236132,2.124153
132.801000,0.022375,0.058691,0.000663,1.119060,0.237898,2.124059
132.821000,0.022932,0.058036,-0.000610,1.121460,0.239559,2.123954
132.839000,0.023777,0.057233,-0.001965,1.123750,0.241120,2.123853
132.859000,0.024896,0.056523,-0.003488,1.126358,0.242867,2.123736
132.879000,0.025993,0.055347,-0.004940,1.129206,0.244541,2.123652
132.901000,0.027809,0.053691,-0.006128,1.132521,0.246441,2.123565
132.921000,0.029227,0.051699,-0.007428,1.135787,0.248070,2.123533
132.939000,0.030729,0.049927,-0.008506,1.138768,0.249540,2.123501
132.961000,0.032356,0.046772,-0.009802,1.142727,0.251193,2.123519
132.979000,0.033975,0.043967,-0.010959,1.146115,0.252578,2.123588
133.001000,0.035615,0.041173,-0.012544,1.150184,0.254105,2.123570
133.021000,0.036066,0.038663,-0.014000,1.153970,0.255138,2.123568
133.039000,0.037191,0.036744,-0.015463,1.157341,0.256225,2.123601
133.061000,0.038620,0.034726,-0.017431,1.161415,0.257423,2.123635
133.079000,0.039453,0.033124,-0.019140,1.164722,0.258291,2.123620
133.102000,0.040591,0.030874,-0.021768,1.169104,0.259289,2.123666
133.121000,0.042079,0.029347,-0.023766,1.172669,0.260161,2.123740
133.139000,0.042982,0.027605,-0.026009,1.176147,0.260746,2.123799
133.161000,0.044853,0.025796,-0.028792,1.180335,0.261535,2.123890
133.179000,0.046499,0.024691,-0.030966,1.183659,0.262148,2.124033
133.201000,0.046971,0.023373,-0.034135,1.187680,0.262373,2.124190
133.221000,0.047831,0.021952,-0.036827,1.191391,0.262530,2.124417
133.239000,0.048617,0.020450,-0.039403,1.194751,0.262561,2.124688
133.259000,0.049048,0.018635,-0.042381,1.198487,0.262369,2.124992
133.279000,0.049973,0.017132,-0.045608,1.202119,0.262207,2.125393
133.301000,0.050148,0.014737,-0.049200,1.206205,0.261643,2.125844
133.319000,0.050203,0.012525,-0.052097,1.209530,0.261056,2.126255
133.339000,0.050265,0.010026,-0.055445,1.213211,0.260232,2.126865
133.361000,0.049488,0.006624,-0.059169,1.217274,0.258971,2.127490
133.379000,0.049298,0.003863,-0.062127,1.220518,0.257950,2.128083
133.401000,0.048378,-0.000133,-0.065506,1.224498,0.256373,2.128835
133.422000,0.046959,-0.003967,-0.068374,1.228127,0.254534,2.129629
133.439000,0.045933,-0.007031,-0.071004,1.230965,0.253048,2.130304
133.461000,0.044251,-0.010811,-0.074009,1.234413,0.250898,2.131158
133.479000,0.042622,-0.014159,-0.076310,1.237231,0.248924,2.131991
133.501000,0.038147,-0.020324,-0.078531,1.241119,0.245536,2.132794
133.521000,0.036488,-0.023375,-0.080636,1.243653,0.243273,2.133661
133.541000,0.034727,-0.026090,-0.082718,1.245927,0.240868,2.134526
133.561000,0.033219,-0.028311,-0.084810,1.247950,0.238421,2.135375
133.579000,0.031953,-0.029692,-0.086325,1.249484,0.236222,2.136109
133.601000,0.029929,-0.030631,-0.088216,1.250943,0.233314,2.137015
133.621000,0.027756,-0.030989,-0.089979,1.251944,0.230515,2.137850
133.639000,0.026164,-0.031403,-0.091422,1.252699,0.228087,2.138591
133.659000,0.024591,-0.031888,-0.092726,1.253354,0.225375,2.139413
133.679000,0.022707,-0.032229,-0.093861,1.253781,0.222527,2.140249
133.701000,0.020378,-0.032440,-0.095013,1.253957,0.219330,2.141155
133.721000,0.017944,-0.032380,-0.095653,1.253822,0.216350,2.141970
133.741000,0.012782,-0.034191,-0.095312,1.254034,0.212364,2.142679
133.761000,0.010546,-0.034774,-0.095474,1.253707,0.209329,2.143486
133.779000,0.008807,-0.034480,-0.095495,1.253038,0.206714,2.144188
133.801000,0.006091,-0.033034,-0.095374,1.251695,0.203393,2.145026
133.822000,0.003544,-0.030903,-0.095057,1.250022,0.200274,2.145728
133.839000,0.001976,-0.029019,-0.094809,1.248536,0.197901,2.146310
133.861000,0.000431,-0.025941,-0.094231,1.246292,0.195045,2.147004
133.879000,-0.000935,-0.023098,-0.093683,1.244215,0.192732,2.147525
133.901000,-0.002965,-0.019228,-0.093186,1.241361,0.189895,2.148091
133.921000,-0.004162,-0.015659,-0.092522,1.238627,0.187549,2.148565
133.941000,-0.005039,-0.012462,-0.091561,1.235910,0.185350,2.148977
133.961000,-0.005908,-0.008871,-0.090734,1.232964,0.183264,2.149340
133.979000,-0.006625,-0.005291,-0.089710,1.230142,0.181470,2.149598
134.001000,-0.007383,-0.000645,-0.088370,1.226525,0.179410,2.149812
134.021000,-0.008232,0.003627,-0.087039,1.223150,0.177588,2.149880
134.039000,-0.009021,0.007268,-0.085609,1.220128,0.176050,2.149860
134.059000,-0.009614,0.011477,-0.084256,1.216732,0.174543,2.149822
134.079000,-0.010294,0.016437,-0.082914,1.213113,0.173075,2.149733
134.101000,-0.010799,0.022030,-0.081292,1.209131,0.171628,2.149601
134.121000,-0.011080,0.027720,-0.079636,1.205350,0.170433,2.149539
134.141000,-0.010270,0.033051,-0.078349,1.201732,0.169616,2.149495
134.161000,-0.009740,0.037227,-0.076635,1.198456,0.168741,2.149387
134.179000,-0.009007,0.040863,-0.074982,1.195534,0.168070,2.149284
134.201000,-0.008005,0.044524,-0.072983,1.192209,0.167389,2.149165
134.219000,-0.007549,0.046782,-0.071057,1.189746,0.166797,2.149018
134.239000,-0.006750,0.049808,-0.068824,1.186951,0.166297,2.148895
134.261000,-0.006413,0.052727,-0.066409,1.184143,0.165633,2.148845
134.279000,-0.005601,0.055210,-0.064695,1.181921,0.165302,2.148850
134.301000,-0.004307,0.058187,-0.062009,1.179372,0.165044,2.148856
134.321000,-0.004013,0.060096,-0.059742,1.177384,0.164601,2.148872
134.341000,-0.002660,0.062101,-0.057684,1.175542,0.164501,2.148945
134.361000,-0.001411,0.063558,-0.055439,1.173937,0.164378,2.148972
134.379000,-0.000856,0.064776,-0.053399,1.172631,0.164100,2.149039
134.401000,0.001052,0.065663,-0.050896,1.171436,0.164181,2.149058
134.421000,0.002469,0.066394,-0.049078,1.170496,0.164213,2.149048
134.439000,0.003460,0.066834,-0.047194,1.169823,0.164179,2.149017
134.459000,0.005387,0.067026,-0.044918,1.169347,0.164398,2.149005
134.479000,0.006262,0.066517,-0.042918,1.169146,0.164385,2.148952
134.501000,0.007403,0.065991,-0.040654,1.169113,0.164456,2.148928
134.521000,0.008078,0.065400,-0.038764,1.169298,0.164492,2.148906
134.539000,0.008624,0.064491,-0.037182,1.169679,0.164518,2.148874
134.561000,0.009276,0.063284,-0.035539,1.170339,0.164582,2.148789
134.579000,0.009103,0.062213,-0.034287,1.171023,0.164470,2.148683
134.604000,0.009360,0.061085,-0.032656,1.172099,0.164436,2.148570
134.621000,0.009689,0.060496,-0.032019,1.172983,0.164492,2.148541
134.639000,0.009827,0.060208,-0.031492,1.173914,0.164512,2.148508
134.661000,0.010075,0.059453,-0.030975,1.175324,0.164494,2.148419
134.679000,0.011051,0.057998,-0.030620,1.176790,0.164655,2.148321
134.702000,0.012368,0.056449,-0.030565,1.178695,0.164886,2.148131
134.721000,0.013086,0.055027,-0.030636,1.180428,0.164949,2.147942
134.741000,0.014377,0.053028,-0.030844,1.182469,0.165141,2.147697
134.761000,0.015694,0.050784,-0.030876,1.184642,0.165291,2.147409
134.779000,0.016439,0.048590,-0.031088,1.186721,0.165280,2.147124
134.801000,0.017384,0.045868,-0.031300,1.189350,0.165188,2.146700
134.821000,0.018479,0.043182,-0.031485,1.191858,0.165139,2.146294
134.839000,0.019312,0.040509,-0.031558,1.194220,0.165015,2.145860
134.859000,0.019772,0.037482,-0.031893,1.196906,0.164730,2.145348
134.879000,0.020187,0.034502,-0.032204,1.199638,0.164384,2.144811
134.901000,0.020581,0.031019,-0.032242,1.202722,0.163919,2.144184
134.921000,0.020510,0.028065,-0.032442,1.205473,0.163334,2.143631
134.939000,0.020840,0.025263,-0.032741,1.208034,0.162854,2.143140
134.961000,0.020926,0.022324,-0.033169,1.211029,0.162113,2.142561
134.979000,0.020824,0.020369,-0.033332,1.213342,0.161399,2.142098
135.001000,0.021331,0.018070,-0.033757,1.216145,0.160598,2.141500
135.021000,0.021863,0.015688,-0.034255,1.218749,0.159794,2.140979
135.039000,0.022836,0.013760,-0.034714,1.221002,0.159140,2.140526
135.061000,0.023744,0.011460,-0.034945,1.223664,0.158139,2.139950
135.079000,0.024967,0.009168,-0.034978,1.225914,0.157398,2.139501
135.102000,0.025765,0.006514,-0.035174,1.228626,0.156190,2.138899
135.121000,0.025731,0.004699,-0.035103,1.230686,0.154977,2.138416
135.139000,0.025656,0.003147,-0.035046,1.232546,0.153774,2.137994
135.161000,0.025157,0.001334,-0.034716,1.234725,0.152147,2.137497
135.179000,0.024218,0.000209,-0.034709,1.236347,0.150624,2.137119
135.201000,0.023118,-0.000475,-0.034265,1.238035,0.148719,2.136697
135.221000,0.021747,-0.000862,-0.033787,1.239434,0.146848,2.136316
135.239000,0.020458,-0.001045,-0.033400,1.240566,0.145116,2.135981
135.259000,0.018848,-0.001451,-0.032782,1.241816,0.143092,2.135597
135.279000,0.016995,-0.001308,-0.031726,1.242816,0.140985,2.135243
135.301000,0.014880,-0.000702,-0.030889,1.243673,0.138647,2.134876
135.321000,0.012934,-0.000633,-0.029851,1.244488,0.136446,2.134564
135.339000,0.011468,-0.000356,-0.028587,1.245122,0.134560,2.134331
135.361000,0.008759,0.000489,-0.027017,1.245628,0.132011,2.134026
135.379000,0.006172,0.001492,-0.025793,1.245865,0.129861,2.133802
135.401000,0.003111,0.002642,-0.024141,1.246085,0.127256,2.133551
135.421000,0.000993,0.003160,-0.022427,1.246354,0.125056,2.133329
135.441000,-0.000834,0.003813,-0.021024,1.246540,0.122929,2.133154
135.459000,-0.002093,0.005018,-0.019730,1.246471,0.121127,2.132978
135.479000,-0.003440,0.006593,-0.018004,1.246270,0.119160,2.132812
135.501000,-0.004801,0.007890,-0.016204,1.246072,0.117067,2.132656
135.521000,-0.005474,0.008669,-0.014501,1.245955,0.115357,2.132496
135.539000,-0.005893,0.009746,-0.013077,1.245715,0.113904,2.132392
135.559000,-0.006762,0.011481,-0.011064,1.245224,0.112217,2.132302
135.579000,-0.007466,0.012992,-0.009431,1.244758,0.110660,2.132211
135.601000,-0.008470,0.013925,-0.007408,1.244388,0.108994,2.132041
135.621000,-0.009897,0.015099,-0.005504,1.243919,0.107429,2.131827
135.643000,-0.011239,0.016799,-0.003326,1.243261,0.105854,2.131596
135.659000,-0.012234,0.017295,-0.001795,1.242976,0.104776,2.131375
135.679000,-0.013173,0.017754,0.000159,1.242654,0.103559,2.131118
135.701000,-0.014167,0.018883,0.002585,1.242099,0.102339,2.130831
135.721000,-0.015225,0.020478,0.004433,1.241441,0.101277,2.130552
135.741000,-0.015816,0.021670,0.006258,1.240841,0.100442,2.130223
135.761000,-0.015722,0.021802,0.008256,1.240525,0.099895,2.129862
135.779000,-0.015908,0.022226,0.009913,1.240165,0.099368,2.129536
135.801000,-0.016762,0.023342,0.011967,1.239516,0.098665,2.129089
135.821000,-0.016494,0.024228,0.013995,1.238993,0.098393,2.128637
135.839000,-0.015669,0.024706,0.015876,1.238620,0.098378,2.128205
135.859000,-0.015322,0.025166,0.017812,1.238229,0.098301,2.127735
135.881000,-0.014404,0.025952,0.020238,1.237730,0.098436,2.127224
135.901000,-0.013447,0.026597,0.022454,1.237310,0.098723,2.126752
135.921000,-0.013518,0.026824,0.024768,1.237022,0.098827,2.126295
135.941000,-0.012806,0.027441,0.027048,1.236653,0.099201,2.125843
135.961000,-0.012495,0.027876,0.029171,1.236347,0.099574,2.125407
135.979000,-0.011546,0.028295,0.030999,1.236103,0.100107,2.125059
136.001000,-0.009795,0.028760,0.033408,1.235804,0.101007,2.124732
136.022000,-0.007715,0.028828,0.035208,1.235657,0.102047,2.124448
136.039000,-0.006110,0.029133,0.036672,1.235507,0.102885,2.124261
136.061000,-0.003789,0.029609,0.038252,1.235340,0.104110,2.124071
136.079000,-0.001780,0.029753,0.039634,1.235291,0.105129,2.123915
136.101000,0.001074,0.030293,0.041043,1.235139,0.106493,2.123730
136.121000,0.003464,0.030675,0.041899,1.235130,0.107780,2.123626
136.139000,0.005465,0.031511,0.042874,1.235020,0.108861,2.123578
136.161000,0.008115,0.031841,0.043701,1.235031,0.110242,2.123448
136.179000,0.010157,0.031432,0.044455,1.235259,0.111417,2.123359
136.201000,0.012305,0.031438,0.045309,1.235470,0.112735,2.123295
136.221000,0.013142,0.031668,0.045992,1.235651,0.113688,2.123182
136.241000,0.014250,0.031758,0.046640,1.235888,0.114712,2.123137
136.259000,0.015080,0.031535,0.047173,1.236243,0.115572,2.123123
136.281000,0.015553,0.031475,0.047710,1.236626,0.116448,2.123081
136.301000,0.015941,0.031580,0.047930,1.236992,0.117199,2.123033
136.321000,0.016577,0.031992,0.048071,1.237341,0.118062,2.123094
136.339000,0.016668,0.032127,0.048189,1.237773,0.118695,2.123082
136.361000,0.016039,0.032413,0.048084,1.238293,0.119221,2.123082
136.379000,0.015654,0.033015,0.047778,1.238676,0.119705,2.123111
136.401000,0.015130,0.033442,0.047579,1.239288,0.120218,2.123208
136.422000,0.014955,0.033889,0.047115,1.239874,0.120789,2.123344
136.439000,0.014699,0.033986,0.046588,1.240458,0.121210,2.123451
136.461000,0.014353,0.034212,0.045833,1.241218,0.121680,2.123605
136.479000,0.014361,0.033851,0.045297,1.242000,0.122119,2.123737
136.501000,0.014506,0.033088,0.044461,1.243040,0.122670,2.123873
136.521000,0.014207,0.031773,0.043542,1.244202,0.123023,2.123988
136.539000,0.014486,0.031149,0.042764,1.245142,0.123488,2.124108
136.561000,0.014562,0.030675,0.041807,1.246222,0.123974,2.124219
136.579000,0.013825,0.029568,0.041124,1.247333,0.124140,2.124320
136.601000,0.013177,0.028260,0.040042,1.248730,0.124493,2.124464
136.621000,0.011707,0.027316,0.039186,1.249943,0.124571,2.124644
136.641000,0.010027,0.026302,0.038432,1.251186,0.124610,2.124830
136.659000,0.008179,0.024675,0.037673,1.252504,0.124609,2.124987
136.679000,0.006215,0.023078,0.037034,1.253875,0.124629,2.125187
136.701000,0.003436,0.021170,0.036456,1.255442,0.124488,2.125407
136.721000,0.001489,0.019664,0.035854,1.256806,0.124515,2.125618
136.739000,-0.000004,0.018534,0.035408,1.257992,0.124653,2.125843
136.761000,-0.001850,0.017461,0.034633,1.259344,0.124846,2.126138
136.779000,-0.003307,0.016825,0.034083,1.260387,0.125026,2.126397
136.799000,-0.004619,0.016406,0.033266,1.261464,0.125304,2.126682
136.821000,-0.005505,0.015872,0.032564,1.262662,0.125828,2.127057
136.841000,-0.006220,0.015849,0.031698,1.263631,0.126326,2.127444
136.861000,-0.006561,0.016474,0.030958,1.264383,0.126984,2.127813
136.879000,-0.006285,0.017042,0.030373,1.265108,0.127683,2.128211
136.901000,-0.004607,0.017752,0.029552,1.265958,0.128921,2.128733
136.921000,-0.003637,0.018715,0.029079,1.266594,0.129936,2.129117
136.939000,-0.002670,0.019459,0.028509,1.267227,0.130910,2.129413
136.961000,-0.000430,0.020346,0.028031,1.267975,0.132421,2.129755
136.979000,0.000802,0.021085,0.027846,1.268547,0.133495,2.129991
137.001000,0.002184,0.021831,0.027510,1.269230,0.134855,2.130293
137.021000,0.004040,0.022149,0.027262,1.269988,0.136264,2.130552
137.039000,0.005473,0.022242,0.027102,1.270668,0.137485,2.130757
137.059000,0.006924,0.021961,0.027145,1.271541,0.138826,2.130972
137.079000,0.008092,0.022462,0.027012,1.272175,0.140096,2.131221
137.101000,0.009224,0.022736,0.026881,1.272930,0.141464,2.131431
137.119000,0.010658,0.022929,0.026609,1.273614,0.142725,2.131619
137.141000,0.012251,0.023305,0.026029,1.274407,0.144213,2.131859
137.161000,0.013679,0.023889,0.025662,1.275084,0.145548,2.132065
137.179000,0.015291,0.024579,0.025249,1.275663,0.146822,2.132248
137.201000,0.017473,0.025055,0.024740,1.276377,0.148395,2.132453
137.221000,0.019357,0.025138,0.024321,1.277185,0.149767,2.132731
137.239000,0.020136,0.025141,0.023894,1.277945,0.150787,2.132987
137.261000,0.021062,0.025549,0.023580,1.278721,0.151936,2.133289
137.279000,0.021806,0.025853,0.023233,1.279362,0.152829,2.133587
137.301000,0.022827,0.025498,0.022626,1.280424,0.153975,2.133898
137.321000,0.023346,0.025569,0.022544,1.281233,0.154769,2.134197
137.339000,0.023739,0.025619,0.022423,1.281983,0.155324,2.134465
137.361000,0.024479,0.025617,0.022004,1.282920,0.156077,2.134847
137.379000,0.025736,0.024948,0.021917,1.283835,0.156776,2.135146
137.401000,0.027125,0.024150,0.021525,1.284986,0.157537,2.135509
137.421000,0.027548,0.023896,0.021314,1.285838,0.157883,2.135793
137.439000,0.028186,0.023294,0.021194,1.286711,0.158205,2.136021
137.459000,0.028551,0.021894,0.020996,1.287923,0.158456,2.136178
137.479000,0.028864,0.021207,0.021192,1.288865,0.158604,2.136350
137.501000,0.028199,0.020551,0.021036,1.289938,0.158422,2.136512
137.521000,0.027477,0.020241,0.020950,1.290849,0.158184,2.136603
137.541000,0.026261,0.019845,0.020889,1.291770,0.157776,2.136724
137.561000,0.024952,0.019448,0.020629,1.292688,0.157273,2.136822
137.579000,0.023438,0.019333,0.020508,1.293457,0.156677,2.136895
137.601000,0.021263,0.019555,0.020013,1.294283,0.155780,2.137049
137.621000,0.019821,0.019637,0.019612,1.295084,0.155111,2.137146
137.639000,0.018059,0.019762,0.019306,1.295776,0.154318,2.137248
137.661000,0.016078,0.020081,0.018655,1.296596,0.153343,2.137325
137.679000,0.014833,0.020490,0.018256,1.297193,0.152612,2.137335
137.701000,0.012592,0.020322,0.017505,1.298103,0.151527,2.137313
137.721000,0.010687,0.020382,0.016927,1.298856,0.150583,2.137283
137.739000,0.008562,0.020490,0.016469,1.299523,0.149627,2.137207
137.761000,0.005669,0.020659,0.015665,1.300315,0.148398,2.137083
137.779000,0.003642,0.020855,0.015077,1.300952,0.147492,2.136981
137.801000,0.000921,0.020889,0.014373,1.301779,0.146322,2.136848
137.822000,-0.001389,0.020720,0.013870,1.302568,0.145305,2.136700
137.839000,-0.002918,0.020710,0.013257,1.303189,0.144597,2.136605
137.861000,-0.004648,0.020735,0.012440,1.303964,0.143744,2.136489
137.879000,-0.005983,0.020679,0.011707,1.304647,0.143096,2.136430
137.901000,-0.006899,0.020992,0.010968,1.305372,0.142523,2.136390
137.921000,-0.007259,0.021370,0.009905,1.306009,0.142172,2.136389
137.939000,-0.007898,0.021706,0.008800,1.306571,0.141800,2.136415
137.961000,-0.008517,0.021932,0.007618,1.307307,0.141470,2.136463
137.979000,-0.009293,0.021711,0.006639,1.307989,0.141166,2.136459
138.001000,-0.010017,0.021375,0.005438,1.308865,0.140992,2.136440
138.021000,-0.010941,0.021328,0.004071,1.309568,0.140800,2.136429
138.041000,-0.011495,0.020805,0.002803,1.310359,0.140762,2.136375
138.059000,-0.011496,0.019793,0.001515,1.311230,0.140906,2.136334
138.079000,-0.011550,0.018900,0.000028,1.312138,0.141103,2.136237
138.101000,-0.011416,0.017946,-0.001539,1.313099,0.141475,2.136072
138.121000,-0.011349,0.016976,-0.003062,1.313976,0.141915,2.135926
138.141000,-0.011474,0.015740,-0.004512,1.314931,0.142398,2.135775
138.161000,-0.011511,0.015273,-0.005813,1.315681,0.143013,2.135644
138.179000,-0.012255,0.014955,-0.006986,1.316324,0.143465,2.135526
138.201000,-0.013024,0.015079,-0.008501,1.316954,0.144166,2.135378
138.221000,-0.013264,0.014727,-0.009869,1.317633,0.145015,2.135237
138.239000,-0.013463,0.014533,-0.011077,1.318179,0.145852,2.135091
138.261000,-0.013356,0.014310,-0.012880,1.318844,0.147054,2.134909
138.279000,-0.013092,0.014299,-0.014152,1.319296,0.148132,2.134773
138.302000,-0.011989,0.013911,-0.015949,1.319990,0.149794,2.134650
138.321000,-0.010881,0.013524,-0.017305,1.320555,0.151268,2.134568
138.341000,-0.009448,0.013004,-0.018749,1.321158,0.152939,2.134472
138.361000,-0.008050,0.012285,-0.020319,1.321777,0.154678,2.134416
138.379000,-0.006824,0.011452,-0.021577,1.322355,0.156306,2.134364
138.401000,-0.005346,0.010582,-0.023070,1.322953,0.158366,2.134193
138.421000,-0.004828,0.009581,-0.024312,1.323526,0.160086,2.134058
138.439000,-0.004083,0.008475,-0.025328,1.324065,0.161750,2.133928
138.461000,-0.002853,0.006899,-0.026635,1.324689,0.163883,2.133756
138.479000,-0.001845,0.005315,-0.027598,1.325275,0.165682,2.133602
138.501000,-0.000381,0.003913,-0.028921,1.325881,0.167974,2.133508
138.521000,0.000845,0.003252,-0.029963,1.326195,0.170023,2.133426
138.539000,0.002167,0.002700,-0.030843,1.326419,0.171917,2.133346
138.561000,0.004304,0.001988,-0.031820,1.326668,0.174361,2.133317
138.579000,0.005916,0.001466,-0.032743,1.326850,0.176333,2.133287
138.601000,0.008119,0.001089,-0.034115,1.326945,0.178784,2.133276
138.621000,0.010542,0.000792,-0.035267,1.326979,0.181072,2.133347
138.639000,0.012770,0.000153,-0.036208,1.327095,0.183141,2.133377
138.659000,0.015261,-0.000594,-0.037487,1.327164,0.185393,2.133420
138.679000,0.017684,-0.000897,-0.038295,1.327067,0.187603,2.133487
138.701000,0.019457,-0.001193,-0.038962,1.326857,0.189738,2.133557
138.721000,0.021231,-0.001985,-0.039815,1.326742,0.191698,2.133673
138.739000,0.022880,-0.003057,-0.040517,1.326682,0.193445,2.133807
138.761000,0.023957,-0.004337,-0.041290,1.326543,0.195291,2.134004
138.779000,0.024677,-0.004950,-0.042219,1.326266,0.196706,2.134209
138.801000,0.025204,-0.005472,-0.042996,1.325774,0.198253,2.134465
138.821000,0.025725,-0.005982,-0.043908,1.325349,0.199613,2.134718
138.839000,0.025980,-0.006066,-0.044974,1.324814,0.200728,2.134987
138.861000,0.025953,-0.005786,-0.046044,1.323971,0.201929,2.135308
138.881000,0.026267,-0.005134,-0.047076,1.323035,0.203032,2.135720
138.901000,0.026789,-0.004520,-0.048178,1.322089,0.204127,2.136145
138.921000,0.027079,-0.004259,-0.049437,1.321158,0.205066,2.136538
138.941000,0.028019,-0.003626,-0.050617,1.320050,0.206072,2.137004
138.959000,0.029452,-0.003179,-0.051664,1.319071,0.207061,2.137489
138.979000,0.030199,-0.003242,-0.052585,1.318039,0.207842,2.138090
139.001000,0.031420,-0.003184,-0.053734,1.316823,0.208684,2.138813
139.021000,0.032970,-0.002531,-0.054661,1.315538,0.209518,2.139568
139.039000,0.033430,-0.001868,-0.055303,1.314263,0.209954,2.140223
139.061000,0.033687,-0.001657,-0.056062,1.312803,0.210293,2.140996
139.079000,0.034586,-0.001896,-0.056394,1.311683,0.210677,2.141651
139.101000,0.034728,-0.002331,-0.056877,1.310269,0.210783,2.142404
139.121000,0.034746,-0.002925,-0.057305,1.308975,0.210781,2.143037
139.141000,0.035019,-0.003732,-0.057573,1.307683,0.210777,2.143659
139.161000,0.034943,-0.004843,-0.057694,1.306404,0.210575,2.144236
139.179000,0.034702,-0.005769,-0.058252,1.305212,0.210242,2.144760
139.201000,0.034721,-0.006406,-0.058632,1.303628,0.209862,2.145322
139.221000,0.034304,-0.006932,-0.058930,1.302154,0.209271,2.145828
139.239000,0.033911,-0.006720,-0.059056,1.300598,0.208668,2.146289
139.259000,0.033862,-0.006384,-0.059350,1.298832,0.208024,2.146747
139.281000,0.034185,-0.005798,-0.059448,1.296784,0.207321,2.147237
139.301000,0.034055,-0.005432,-0.059302,1.294884,0.206472,2.147608
139.321000,0.033249,-0.005584,-0.059368,1.293061,0.205403,2.147861
139.339000,0.032424,-0.005945,-0.059181,1.291457,0.204384,2.148048
139.361000,0.030405,-0.006603,-0.058642,1.289492,0.202828,2.148182
139.379000,0.027895,-0.007259,-0.057837,1.287782,0.201260,2.148188
139.401000,0.025005,-0.008441,-0.056858,1.285714,0.199335,2.148106
139.421000,0.022559,-0.010082,-0.055573,1.283953,0.197584,2.147926
139.442000,0.019613,-0.011893,-0.054540,1.282073,0.195615,2.147570
139.461000,0.016840,-0.013673,-0.053415,1.280331,0.193772,2.147132
139.479000,0.014081,-0.015104,-0.052223,1.278572,0.191965,2.146616
139.501000,0.010584,-0.016671,-0.050537,1.276356,0.189696,2.145909
139.521000,0.007855,-0.017764,-0.049342,1.274248,0.187736,2.145227
139.539000,0.005679,-0.018603,-0.048254,1.272242,0.186041,2.144615
139.561000,0.003471,-0.019305,-0.046518,1.269626,0.184055,2.143901
139.579000,0.001905,-0.019449,-0.045233,1.267347,0.182503,2.143283
139.601000,0.000490,-0.018977,-0.043859,1.264360,0.180741,2.142574
139.621000,-0.000232,-0.017808,-0.042766,1.261390,0.179271,2.141933
139.639000,-0.000552,-0.016224,-0.041584,1.258504,0.178057,2.141352
139.659000,-0.000346,-0.014659,-0.040149,1.255295,0.176827,2.140742
139.679000,0.000980,-0.013075,-0.038974,1.252028,0.175890,2.140094
139.701000,0.002111,-0.011535,-0.037766,1.248414,0.174793,2.139398
139.721000,0.002739,-0.010617,-0.036752,1.245169,0.173706,2.138768
139.739000,0.004361,-0.010588,-0.035704,1.242426,0.173036,2.138174
139.761000,0.006018,-0.010605,-0.034657,1.239023,0.172180,2.137430
139.779000,0.006702,-0.010544,-0.034048,1.236198,0.171310,2.136788
139.801000,0.007470,-0.010623,-0.033194,1.232755,0.170274,2.136001
139.819000,0.008027,-0.010264,-0.032504,1.229776,0.169367,2.135375
139.839000,0.009144,-0.009780,-0.031646,1.226427,0.168524,2.134654
139.861000,0.010128,-0.008832,-0.030643,1.222590,0.167592,2.133814
139.879000,0.010108,-0.007757,-0.029998,1.219329,0.166615,2.133139
139.902000,0.009282,-0.006218,-0.029293,1.215097,0.165152,2.132240
139.921000,0.009022,-0.005055,-0.028676,1.211633,0.164105,2.131437
139.941000,0.008856,-0.003725,-0.027938,1.207931,0.163033,2.130581
139.959000,0.008355,-0.002341,-0.027261,1.204548,0.161975,2.129822
139.979000,0.007738,-0.000563,-0.026642,1.200674,0.160802,2.128973
140.001000,0.006823,0.001008,-0.026000,1.196578,0.159444,2.128054
140.021000,0.006160,0.002304,-0.025481,1.192906,0.158295,2.127244
140.039000,0.005248,0.003965,-0.025015,1.189474,0.157209,2.126514
140.059000,0.003644,0.005672,-0.024801,1.185704,0.155870,2.125794
140.081000,0.002563,0.007586,-0.024584,1.181583,0.154645,2.125060
140.101000,0.001345,0.009394,-0.024638,1.177880,0.153461,2.124424
140.121000,-0.000139,0.011561,-0.024655,1.174101,0.152280,2.123834
140.139000,-0.001525,0.013688,-0.024831,1.170708,0.151189,2.123331
140.159000,-0.002333,0.016057,-0.025015,1.166979,0.150204,2.122838
140.179000,-0.002255,0.018112,-0.025316,1.163413,0.149472,2.122392
140.201000,-0.002275,0.020647,-0.025743,1.159526,0.148680,2.121921
140.221000,-0.002797,0.023275,-0.026217,1.156006,0.147884,2.121455
140.239000,-0.003253,0.025867,-0.026780,1.152827,0.147219,2.121044
140.259000,-0.003089,0.029084,-0.027472,1.149320,0.146690,2.120659
140.279000,-0.002581,0.032716,-0.028295,1.145813,0.146267,2.120267
140.302000,-0.000920,0.037188,-0.029402,1.141802,0.146175,2.119895
140.321000,-0.000463,0.040525,-0.029966,1.138720,0.145860,2.119594
140.339000,-0.000101,0.042998,-0.031063,1.136051,0.145579,2.119331
140.361000,0.001147,0.044937,-0.032037,1.133226,0.145498,2.119083
140.379000,0.002129,0.046162,-0.033085,1.131143,0.145481,2.118901
140.401000,0.002744,0.047944,-0.034214,1.128632,0.145310,2.118736
140.421000,0.003320,0.049161,-0.034980,1.126602,0.145247,2.118631
140.439000,0.003412,0.049713,-0.035703,1.125069,0.145125,2.118537
140.461000,0.002655,0.050408,-0.036609,1.123393,0.144774,2.118487
140.479000,0.002370,0.051182,-0.037193,1.122089,0.144636,2.118468
140.501000,0.002059,0.052094,-0.037702,1.120707,0.144532,2.118411
140.521000,0.001062,0.052963,-0.038305,1.119642,0.144304,2.118324
140.539000,-0.000272,0.053926,-0.038699,1.118776,0.144042,2.118283
140.561000,-0.001413,0.054908,-0.039198,1.118007,0.143877,2.118309
140.579000,-0.001889,0.055783,-0.039738,1.117529,0.143895,2.118350
140.601000,-0.002265,0.057178,-0.040006,1.117077,0.143949,2.118427
140.621000,-0.002199,0.058547,-0.040293,1.116848,0.144137,2.118566
140.639000,-0.002517,0.059238,-0.040448,1.116964,0.144226,2.118659
140.659000,-0.002736,0.060037,-0.041024,1.117239,0.144445,2.118798
140.679000,-0.002762,0.060488,-0.041392,1.117806,0.144785,2.118952
140.701000,-0.003199,0.060918,-0.041951,1.118662,0.145103,2.119148
140.721000,-0.003540,0.061302,-0.042317,1.119669,0.145409,2.119435
140.741000,-0.003420,0.061922,-0.042396,1.120795,0.145874,2.119772
140.761000,-0.002897,0.062705,-0.042277,1.122032,0.146445,2.120142
140.779000,-0.002842,0.062494,-0.042126,1.123543,0.146892,2.120539
140.801000,-0.003615,0.061720,-0.041635,1.125716,0.147342,2.120949
140.821000,-0.004616,0.060874,-0.041277,1.127884,0.147742,2.121347
140.839000,-0.006009,0.059684,-0.040708,1.130072,0.147977,2.121690
140.861000,-0.007275,0.057661,-0.039941,1.133089,0.148457,2.122088
140.879000,-0.008265,0.055595,-0.039218,1.135791,0.148897,2.122378
140.904000,-0.009480,0.052188,-0.038155,1.139902,0.149576,2.122734
140.921000,-0.009884,0.050040,-0.037691,1.142780,0.150246,2.122962
140.939000,-0.010682,0.047812,-0.036815,1.145933,0.150820,2.123200
140.961000,-0.011651,0.045218,-0.035983,1.149942,0.151605,2.123497
140.979000,-0.012007,0.043176,-0.035337,1.153327,0.152414,2.123738
141.001000,-0.011826,0.040675,-0.034418,1.157614,0.153599,2.124062
141.021000,-0.011621,0.038401,-0.033611,1.161598,0.154738,2.124381
141.041000,-0.011457,0.035802,-0.032912,1.165753,0.155903,2.124653
141.059000,-0.010694,0.033399,-0.032317,1.169597,0.157171,2.124916
141.079000,-0.010380,0.030355,-0.031387,1.174019,0.158466,2.125170
141.101000,-0.009962,0.026761,-0.030667,1.179034,0.160010,2.125411
141.121000,-0.009557,0.023989,-0.029946,1.183546,0.161484,2.125627
141.141000,-0.009436,0.021678,-0.029360,1.188027,0.162955,2.125778
141.161000,-0.009578,0.019675,-0.028732,1.192480,0.164400,2.125954
141.179000,-0.009368,0.017872,-0.027989,1.196518,0.165854,2.126112
141.201000,-0.009178,0.016038,-0.027231,1.201407,0.167712,2.126251
141.221000,-0.009816,0.014543,-0.026457,1.205821,0.169247,2.126340
141.239000,-0.010473,0.013603,-0.025698,1.209675,0.170636,2.126465
141.264000,-0.010279,0.011852,-0.024663,1.215202,0.172953,2.126620
141.279000,-0.010173,0.010893,-0.023953,1.218506,0.174377,2.126724
141.302000,-0.010610,0.009756,-0.023005,1.223458,0.176425,2.126993
141.321000,-0.010552,0.009113,-0.022122,1.227440,0.178271,2.127264
141.339000,-0.009879,0.008509,-0.021200,1.231195,0.180267,2.127559
141.361000,-0.009576,0.007628,-0.020069,1.235793,0.182613,2.127921
141.379000,-0.009671,0.006620,-0.019344,1.239604,0.184484,2.128215
141.401000,-0.008639,0.005212,-0.018243,1.244263,0.187080,2.128568
141.421000,-0.006631,0.004357,-0.017121,1.248331,0.189735,2.128915
141.443000,-0.004786,0.003272,-0.016035,1.252806,0.192594,2.129305
141.461000,-0.003758,0.002135,-0.015261,1.256474,0.194817,2.129600
141.479000,-0.001961,0.001305,-0.014335,1.260007,0.197291,2.129892
141.501000,0.000717,-0.000017,-0.013404,1.264355,0.200447,2.130261
141.521000,0.002993,-0.001915,-0.012723,1.268396,0.203239,2.130489
141.541000,0.005505,-0.004160,-0.011906,1.272493,0.206101,2.130715
141.561000,0.007874,-0.005624,-0.011157,1.276326,0.208890,2.130890
141.579000,0.010099,-0.006948,-0.010693,1.279741,0.211421,2.130992
141.601000,0.012642,-0.007915,-0.009656,1.283599,0.214425,2.131087
141.621000,0.015382,-0.008711,-0.008880,1.287000,0.217252,2.131146
141.639000,0.017031,-0.009183,-0.008495,1.289946,0.219561,2.131180
141.659000,0.018454,-0.009886,-0.008006,1.293175,0.222001,2.131198
141.679000,0.019771,-0.010447,-0.007491,1.296289,0.224379,2.131222
141.701000,0.020468,-0.010838,-0.007329,1.299521,0.226765,2.131221
141.721000,0.021102,-0.011418,-0.007134,1.302442,0.228860,2.131204
141.741000,0.022030,-0.011796,-0.007160,1.305220,0.230975,2.131178
141.759000,0.022752,-0.012338,-0.007389,1.307673,0.232789,2.131173
141.779000,0.023121,-0.013153,-0.007556,1.310351,0.234553,2.131202
141.801000,0.024246,-0.014184,-0.007932,1.313243,0.236572,2.131222
141.821000,0.025565,-0.014600,-0.008210,1.315608,0.238363,2.131259
141.839000,0.026516,-0.014816,-0.008535,1.317584,0.239830,2.131262
141.859000,0.027529,-0.016071,-0.008856,1.319944,0.241369,2.131240
141.879000,0.028669,-0.017742,-0.009293,1.322268,0.242855,2.131247
141.901000,0.029777,-0.019626,-0.009640,1.324669,0.244321,2.131270
141.921000,0.030839,-0.022345,-0.010041,1.326962,0.245548,2.131296
141.939000,0.032025,-0.025132,-0.010547,1.328990,0.246618,2.131313
141.959000,0.033333,-0.028490,-0.010729,1.331170,0.247691,2.131257
141.979000,0.034802,-0.032107,-0.010777,1.333298,0.248689,2.131144
142.001000,0.036234,-0.036074,-0.010762,1.335476,0.249626,2.130922
142.022000,0.037169,-0.039879,-0.010661,1.337407,0.250318,2.130602
142.039000,0.037391,-0.042716,-0.010720,1.338757,0.250643,2.130256
142.061000,0.037100,-0.046303,-0.010187,1.340259,0.250799,2.129705
142.079000,0.037082,-0.049317,-0.009980,1.341352,0.250897,2.129205
142.101000,0.036948,-0.053274,-0.009616,1.342556,0.250862,2.128532
142.121000,0.036414,-0.057045,-0.009219,1.343488,0.250567,2.127888
142.139000,0.036181,-0.060387,-0.009154,1.344162,0.250266,2.127301
142.161000,0.036127,-0.064049,-0.008495,1.344646,0.249826,2.126551
142.179000,0.036173,-0.065998,-0.007881,1.344558,0.249417,2.125887
142.201000,0.034542,-0.067242,-0.007336,1.343878,0.248312,2.125013
142.221000,0.033345,-0.068619,-0.006598,1.343087,0.247261,2.124154
142.239000,0.032884,-0.069966,-0.005858,1.342237,0.246367,2.123412
142.263000,0.032089,-0.071374,-0.004847,1.340725,0.244983,2.122430
142.279000,0.031315,-0.071306,-0.004364,1.339297,0.243895,2.121788
142.301000,0.030859,-0.070357,-0.003285,1.336872,0.242468,2.120941
142.321000,0.030226,-0.068963,-0.002458,1.334370,0.241009,2.120192
142.339000,0.029197,-0.066746,-0.001594,1.331684,0.239515,2.119513
142.361000,0.028192,-0.063352,-0.000691,1.328008,0.237674,2.118755
142.379000,0.027111,-0.060323,-0.000179,1.324772,0.236031,2.118234
142.401000,0.024945,-0.055978,0.000520,1.320431,0.233689,2.117637
142.421000,0.023374,-0.051338,0.001256,1.316146,0.231598,2.117217
142.439000,0.021851,-0.046838,0.001659,1.312090,0.229600,2.116943
142.459000,0.019883,-0.041438,0.001933,1.307301,0.227204,2.116803
142.479000,0.018375,-0.036158,0.002259,1.302452,0.224902,2.116782
142.501000,0.016995,-0.029901,0.002765,1.296800,0.222408,2.116877
142.521000,0.015550,-0.024185,0.003167,1.291539,0.220048,2.117128
142.541000,0.013596,-0.018527,0.003622,1.286195,0.217557,2.117460
142.561000,0.010975,-0.012895,0.004381,1.280755,0.214886,2.117822
142.579000,0.008405,-0.008296,0.004695,1.275935,0.212445,2.118233
142.601000,0.005532,-0.003317,0.005249,1.270176,0.209568,2.118806
142.622000,0.001924,0.001224,0.006031,1.264699,0.206615,2.119389
142.639000,-0.000955,0.004736,0.006666,1.260307,0.204303,2.119880
142.661000,-0.004468,0.009016,0.007661,1.254746,0.201416,2.120499
142.679000,-0.007986,0.012827,0.008491,1.250123,0.198949,2.120967
142.701000,-0.012719,0.017306,0.009520,1.244565,0.195913,2.121506
142.721000,-0.016225,0.021025,0.010423,1.239678,0.193463,2.121991
142.739000,-0.018814,0.024143,0.011401,1.235412,0.191512,2.122421
142.761000,-0.022945,0.027794,0.012129,1.230359,0.189020,2.122957
142.779000,-0.026606,0.031113,0.012712,1.226200,0.187019,2.123428
142.801000,-0.029935,0.034587,0.013601,1.221460,0.185031,2.123996
142.821000,-0.032247,0.037796,0.014122,1.217284,0.183547,2.124510
142.839000,-0.034332,0.040624,0.014407,1.213662,0.182339,2.124979
142.859000,-0.036508,0.043882,0.014729,1.209729,0.181187,2.125511
142.879000,-0.037592,0.046753,0.014980,1.206063,0.180516,2.126024
142.901000,-0.038139,0.049695,0.015186,1.202300,0.180155,2.126612
142.921000,-0.038704,0.052620,0.015464,1.198974,0.180000,2.127133
142.939000,-0.039366,0.055110,0.015494,1.196174,0.179990,2.127636
142.961000,-0.039195,0.057264,0.015347,1.193192,0.180445,2.128199
142.979000,-0.038498,0.058380,0.015192,1.191065,0.181119,2.128691
143.001000,-0.037378,0.058925,0.014785,1.188884,0.182253,2.129263
143.021000,-0.036039,0.059086,0.014575,1.187179,0.183502,2.129836
143.039000,-0.033813,0.058404,0.014298,1.186017,0.185076,2.130385
143.059000,-0.031736,0.056430,0.013898,1.185214,0.186885,2.130978
143.079000,-0.029532,0.054563,0.013661,1.184548,0.188865,2.131545
143.101000,-0.026304,0.052309,0.013320,1.184089,0.191440,2.132137
143.121000,-0.023003,0.050171,0.012955,1.183877,0.193968,2.132675
143.141000,-0.019246,0.047988,0.012627,1.183840,0.196706,2.133179
143.161000,-0.015207,0.045671,0.012348,1.184012,0.199625,2.133676
143.179000,-0.011786,0.043510,0.012192,1.184298,0.202263,2.134156
143.201000,-0.007269,0.040047,0.011969,1.185034,0.205733,2.134703
143.221000,-0.003135,0.036948,0.011933,1.185834,0.208998,2.135264
143.239000,-0.000350,0.033962,0.011986,1.186712,0.211755,2.135771
143.261000,0.003106,0.030445,0.011976,1.187866,0.215217,2.136403
143.279000,0.005740,0.027408,0.012195,1.188968,0.218054,2.136914
143.301000,0.008738,0.023885,0.012221,1.190383,0.221544,2.137553
143.321000,0.010467,0.020855,0.012296,1.191683,0.224436,2.138116
143.339000,0.012117,0.018032,0.012368,1.192983,0.227088,2.138631
143.361000,0.014393,0.014979,0.012363,1.194549,0.230405,2.139209
143.379000,0.016390,0.012697,0.012572,1.195820,0.233128,2.139665
143.401000,0.018958,0.009927,0.012676,1.197478,0.236510,2.140161
143.421000,0.020352,0.007953,0.012959,1.198860,0.239278,2.140535
143.439000,0.021736,0.006504,0.013111,1.200015,0.241816,2.140836
143.461000,0.023472,0.004803,0.013200,1.201437,0.244904,2.141202
143.479000,0.024578,0.003522,0.013646,1.202569,0.247334,2.141495
143.501000,0.025377,0.001226,0.013946,1.204146,0.250067,2.141869
143.521000,0.026749,-0.001040,0.013965,1.205651,0.252693,2.142234
143.539000,0.028258,-0.002892,0.014081,1.206947,0.255060,2.142616
143.561000,0.030188,-0.005113,0.014329,1.208487,0.257889,2.143126
143.579000,0.031843,-0.007023,0.014551,1.209783,0.260169,2.143580
143.601000,0.033592,-0.009284,0.014656,1.211284,0.262817,2.144151
143.621000,0.034562,-0.011224,0.015199,1.212611,0.264999,2.144626
143.639000,0.035323,-0.012322,0.015379,1.213588,0.266889,2.145079
143.659000,0.035626,-0.013642,0.015726,1.214709,0.268753,2.145547
143.679000,0.035616,-0.014506,0.016251,1.215684,0.270473,2.146022
143.701000,0.035562,-0.014754,0.016917,1.216517,0.272294,2.146461
143.721000,0.034906,-0.014477,0.017274,1.217102,0.273700,2.146827
143.739000,0.034193,-0.013920,0.017824,1.217516,0.274863,2.147076
143.759000,0.033475,-0.012785,0.018392,1.217772,0.276116,2.147269
143.779000,0.032504,-0.011501,0.018927,1.217962,0.277203,2.147456
143.801000,0.031689,-0.010030,0.019622,1.218088,0.278393,2.147580
143.821000,0.030538,-0.009360,0.020388,1.218353,0.279333,2.147676
143.839000,0.028790,-0.009257,0.020488,1.218731,0.279916,2.147768
143.859000,0.027030,-0.009076,0.020713,1.219129,0.280536,2.147904
143.881000,0.025497,-0.008428,0.021160,1.219362,0.281236,2.148078
143.901000,0.024609,-0.007663,0.021681,1.219529,0.281983,2.148232
143.921000,0.023684,-0.006161,0.021833,1.219435,0.282619,2.148304
143.939000,0.022789,-0.004657,0.022116,1.219300,0.283156,2.148363
143.959000,0.021850,-0.002716,0.022439,1.219066,0.283718,2.148404
143.979000,0.021128,-0.001109,0.022748,1.218924,0.284287,2.148325
144.001000,0.020590,0.000648,0.023157,1.218757,0.285016,2.148203
144.021000,0.019372,0.001407,0.023317,1.218840,0.285459,2.148012
144.041000,0.018007,0.002375,0.023630,1.218863,0.285823,2.147780
144.061000,0.017309,0.003902,0.023721,1.218704,0.286378,2.147522
144.079000,0.016781,0.005141,0.023827,1.218636,0.286841,2.147267
144.102000,0.016449,0.006288,0.023851,1.218605,0.287472,2.146962
144.121000,0.016344,0.005895,0.024172,1.218965,0.288030,2.146716
144.139000,0.016928,0.005572,0.024183,1.219300,0.288721,2.146538
144.161000,0.017438,0.005610,0.024154,1.219604,0.289427,2.146273
144.179000,0.018293,0.006010,0.023975,1.219767,0.290101,2.146019
144.201000,0.018994,0.006311,0.023817,1.220045,0.290779,2.145734
144.221000,0.019878,0.006314,0.023442,1.220389,0.291431,2.145506
144.239000,0.021185,0.006173,0.022898,1.220769,0.292141,2.145341
144.261000,0.022599,0.006012,0.022115,1.221260,0.292906,2.145141
144.279000,0.023761,0.006134,0.021411,1.221598,0.293498,2.144956
144.301000,0.025142,0.006093,0.020236,1.222124,0.294158,2.144667
144.321000,0.026934,0.006346,0.019139,1.222501,0.294839,2.144417
144.339000,0.028857,0.006694,0.018581,1.222810,0.295512,2.144180
144.361000,0.030810,0.007089,0.017272,1.223213,0.296168,2.143870
144.379000,0.031498,0.006839,0.015939,1.223741,0.296399,2.143538
144.401000,0.032879,0.006453,0.014346,1.224447,0.296748,2.143109
144.421000,0.035238,0.006242,0.012703,1.225052,0.297282,2.142747
144.439000,0.037425,0.006158,0.011069,1.225561,0.297699,2.142438
144.459000,0.038872,0.005533,0.009401,1.226276,0.297808,2.142018
144.479000,0.040715,0.004758,0.007293,1.227085,0.297948,2.141627
144.501000,0.043002,0.004261,0.004963,1.227895,0.298061,2.141186
144.521000,0.044277,0.004108,0.002371,1.228602,0.297775,2.140752
144.541000,0.045655,0.004116,-0.000117,1.229276,0.297453,2.140317
144.561000,0.046901,0.004303,-0.002336,1.229903,0.296985,2.139852
144.579000,0.047948,0.004988,-0.004629,1.230325,0.296466,2.139413
144.601000,0.048674,0.005292,-0.007443,1.231033,0.295560,2.138760
144.621000,0.049467,0.005601,-0.009696,1.231692,0.294660,2.138125
144.639000,0.050036,0.006230,-0.011997,1.232220,0.293717,2.137601
144.661000,0.050025,0.007483,-0.014604,1.232699,0.292200,2.136897
144.681000,0.050222,0.008587,-0.017015,1.233202,0.290806,2.136252
144.701000,0.049734,0.009897,-0.019248,1.233707,0.289115,2.135572
144.721000,0.048657,0.011786,-0.021744,1.234006,0.287143,2.134868
144.741000,0.046956,0.013759,-0.023980,1.234330,0.284941,2.134157
144.761000,0.045312,0.015562,-0.026233,1.234711,0.282638,2.133461
144.779000,0.044054,0.017001,-0.027904,1.235104,0.280537,2.132802
144.801000,0.042611,0.018423,-0.030068,1.235722,0.277915,2.132038
144.819000,0.040408,0.019100,-0.031933,1.236375,0.275396,2.131401
144.842000,0.038133,0.020046,-0.034285,1.237196,0.272259,2.130720
144.861000,0.036574,0.020698,-0.036421,1.237934,0.269643,2.130272
144.879000,0.034538,0.020584,-0.038212,1.238833,0.266914,2.129892
144.901000,0.033163,0.020156,-0.040527,1.240076,0.263774,2.129534
144.921000,0.031830,0.020096,-0.042204,1.241126,0.260783,2.129281
144.939000,0.030731,0.019824,-0.043878,1.242191,0.258053,2.129146
144.961000,0.029624,0.019669,-0.045795,1.243487,0.254710,2.129040
144.979000,0.028777,0.019617,-0.047079,1.244568,0.251914,2.129024
145.001000,0.027819,0.019557,-0.048475,1.245962,0.248452,2.129078
145.021000,0.026679,0.019703,-0.049657,1.247208,0.245129,2.129155
145.039000,0.025693,0.019927,-0.050543,1.248347,0.242131,2.129238
145.059000,0.023386,0.019437,-0.050760,1.249888,0.238301,2.129246
145.079000,0.022142,0.019925,-0.051433,1.251199,0.234837,2.129373
145.101000,0.020692,0.021113,-0.051976,1.252523,0.230961,2.129576
145.121000,0.019381,0.022604,-0.052228,1.253655,0.227366,2.129710
145.139000,0.018575,0.024126,-0.052269,1.254666,0.224228,2.129815
145.161000,0.017515,0.026217,-0.051848,1.255889,0.220333,2.129934
145.179000,0.016735,0.028226,-0.051379,1.256819,0.217151,2.130002
145.201000,0.015601,0.030602,-0.050345,1.258017,0.213193,2.130042
145.221000,0.013988,0.032487,-0.049327,1.259197,0.209424,2.129963
145.239000,0.012383,0.034016,-0.048069,1.260328,0.206012,2.129818
145.259000,0.010600,0.035293,-0.046631,1.261734,0.202246,2.129587
145.281000,0.008063,0.036595,-0.044532,1.263367,0.197964,2.129189
145.301000,0.005633,0.037502,-0.042775,1.264956,0.194074,2.128696
145.321000,0.002891,0.037985,-0.040865,1.266708,0.190083,2.128144
145.341000,0.000900,0.038510,-0.038596,1.268513,0.186299,2.127591
145.361000,-0.000827,0.038877,-0.036430,1.270423,0.182609,2.127086
145.379000,-0.002538,0.039072,-0.034367,1.272229,0.179275,2.126688
145.401000,-0.004561,0.039450,-0.031809,1.274505,0.175298,2.126354
145.422000,-0.005987,0.040299,-0.029319,1.276639,0.171667,2.126157
145.439000,-0.006797,0.040923,-0.027120,1.278434,0.168891,2.126050
145.461000,-0.007993,0.040744,-0.024475,1.281107,0.165288,2.125985
145.479000,-0.008888,0.040894,-0.022227,1.283245,0.162404,2.126009
145.501000,-0.010161,0.040432,-0.019329,1.286124,0.158928,2.126146
145.521000,-0.010909,0.039686,-0.016732,1.288882,0.155896,2.126315
145.541000,-0.011170,0.039119,-0.013915,1.291716,0.153038,2.126628
145.559000,-0.010982,0.038927,-0.011487,1.294239,0.150628,2.126981
145.579000,-0.011186,0.038537,-0.009054,1.297125,0.147926,2.127412
145.601000,-0.010826,0.038189,-0.006583,1.300404,0.145198,2.127972
145.621000,-0.010226,0.037967,-0.004175,1.303423,0.142855,2.128559
145.639000,-0.010100,0.037972,-0.002381,1.306134,0.140722,2.129180
145.661000,-0.010007,0.037575,-0.000562,1.309616,0.138196,2.129993
145.679000,-0.009674,0.036796,0.000618,1.312661,0.136289,2.130709
145.701000,-0.009404,0.036406,0.001941,1.316278,0.134026,2.131663
145.721000,-0.010001,0.036093,0.002986,1.319590,0.131862,2.132541
145.739000,-0.010504,0.035424,0.003651,1.322718,0.129996,2.133302
145.759000,-0.010776,0.034104,0.004293,1.326371,0.128060,2.134128
145.779000,-0.010693,0.032534,0.004797,1.330107,0.126299,2.134931
145.801000,-0.010754,0.030576,0.004965,1.334302,0.124404,2.135877
145.821000,-0.010800,0.028618,0.005031,1.338200,0.122782,2.136717
145.841000,-0.011024,0.026480,0.005077,1.342181,0.121195,2.137623
145.861000,-0.011278,0.024356,0.005052,1.346143,0.119677,2.138539
145.879000,-0.011892,0.022157,0.004864,1.349780,0.118263,2.139344
145.901000,-0.011741,0.018927,0.004262,1.354329,0.116898,2.140246
145.923000,-0.011780,0.015471,0.003713,1.358930,0.115566,2.141147
145.939000,-0.012006,0.012835,0.003213,1.362268,0.114609,2.141777
145.961000,-0.012129,0.009335,0.002640,1.366783,0.113419,2.142608
145.979000,-0.012281,0.006545,0.002048,1.370400,0.112500,2.143234
146.001000,-0.012491,0.002702,0.001337,1.374837,0.111447,2.143941
146.021000,-0.012582,-0.001012,0.000426,1.378856,0.110613,2.144578
146.042000,-0.012615,-0.004816,-0.000587,1.382966,0.109799,2.145241
146.061000,-0.012196,-0.008168,-0.001339,1.386570,0.109257,2.145873
146.079000,-0.011978,-0.011272,-0.002441,1.389844,0.108754,2.146460
146.101000,-0.011754,-0.015193,-0.003794,1.393740,0.108204,2.147163
146.121000,-0.010886,-0.018527,-0.005475,1.397094,0.107961,2.147836
146.139000,-0.010162,-0.021001,-0.006799,1.399829,0.107734,2.148432
146.159000,-0.008857,-0.024025,-0.008373,1.402809,0.107680,2.149126
146.179000,-0.007341,-0.026939,-0.010399,1.405563,0.107755,2.149828
146.201000,-0.005559,-0.030204,-0.012643,1.408443,0.107924,2.150604
146.221000,-0.003983,-0.032746,-0.014701,1.410769,0.108166,2.151329
146.239000,-0.002978,-0.034483,-0.016814,1.412543,0.108292,2.151910
146.259000,-0.002086,-0.036188,-0.019064,1.414255,0.108407,2.152511
146.279000,-0.000918,-0.037991,-0.021411,1.415825,0.108657,2.153040
146.301000,0.000216,-0.040630,-0.023964,1.417465,0.108956,2.153519
146.321000,0.000733,-0.043075,-0.026243,1.418715,0.109152,2.153941
146.341000,0.001064,-0.045289,-0.028485,1.419699,0.109350,2.154301
146.361000,0.000967,-0.047097,-0.030677,1.420365,0.109477,2.154643
146.379000,0.000540,-0.048226,-0.032427,1.420624,0.109529,2.154951
146.401000,-0.000025,-0.049125,-0.034625,1.420557,0.109635,2.155308
146.421000,-0.000970,-0.049450,-0.036661,1.420086,0.109720,2.155549
146.441000,-0.002736,-0.050135,-0.038555,1.419444,0.109650,2.155760
146.459000,-0.003948,-0.050788,-0.040280,1.418642,0.109751,2.155902
146.479000,-0.005129,-0.051993,-0.042244,1.417671,0.109997,2.156062
146.501000,-0.007112,-0.052927,-0.044376,1.416186,0.110157,2.156125
146.521000,-0.008805,-0.053729,-0.046429,1.414563,0.110441,2.156146
146.541000,-0.010744,-0.054372,-0.048538,1.412644,0.110736,2.156125
146.561000,-0.012655,-0.054477,-0.050646,1.410316,0.111106,2.155977
146.579000,-0.013977,-0.054435,-0.052407,1.407967,0.111613,2.155816
146.601000,-0.014842,-0.054611,-0.054576,1.404894,0.112466,2.155587
146.621000,-0.014593,-0.054820,-0.056615,1.401847,0.113547,2.155379
146.641000,-0.014436,-0.055434,-0.058309,1.398634,0.114686,2.155190
146.659000,-0.014736,-0.056290,-0.060307,1.395567,0.115688,2.155000
146.679000,-0.014503,-0.057317,-0.062155,1.391968,0.117023,2.154865
146.701000,-0.013839,-0.057765,-0.064262,1.387556,0.118678,2.154788
146.721000,-0.013455,-0.057364,-0.066167,1.383069,0.120184,2.154820
146.739000,-0.013015,-0.057283,-0.068233,1.378908,0.121676,2.154859
146.761000,-0.012620,-0.056695,-0.070115,1.373375,0.123522,2.154899
146.779000,-0.012045,-0.055733,-0.071582,1.368539,0.125174,2.154933
146.801000,-0.011131,-0.054286,-0.073532,1.362313,0.127287,2.155023
146.822000,-0.009849,-0.052927,-0.075232,1.356137,0.129443,2.155080
146.839000,-0.008229,-0.051724,-0.076641,1.350978,0.131359,2.155174
146.861000,-0.005584,-0.049914,-0.078038,1.343958,0.134019,2.155288
146.879000,-0.003725,-0.048297,-0.079216,1.337968,0.136150,2.155375
146.901000,-0.001521,-0.047485,-0.080541,1.330757,0.138751,2.155470
146.923000,0.003410,-0.046466,-0.083434,1.323422,0.142220,2.155632
146.939000,0.006012,-0.045467,-0.085068,1.317825,0.144481,2.155708
146.961000,0.007094,-0.044545,-0.085668,1.309945,0.146781,2.155700
146.979000,0.008502,-0.043701,-0.086125,1.303339,0.148845,2.155647
147.001000,0.009904,-0.042796,-0.086478,1.295151,0.151342,2.155556
147.021000,0.010872,-0.041697,-0.087085,1.287514,0.153581,2.155485
147.039000,0.011677,-0.040328,-0.087547,1.280400,0.155530,2.155373
147.059000,0.012673,-0.038435,-0.087957,1.272295,0.157699,2.155195
147.079000,0.013867,-0.037135,-0.087927,1.264298,0.159943,2.154959
147.101000,0.015047,-0.035489,-0.088209,1.255315,0.162371,2.154715
147.121000,0.015704,-0.033704,-0.088545,1.246938,0.164472,2.154432
147.139000,0.016158,-0.031006,-0.088798,1.239098,0.166363,2.154174
147.161000,0.016125,-0.025867,-0.089507,1.228960,0.168672,2.153769
147.179000,0.015729,-0.021509,-0.090334,1.220527,0.170453,2.153395
147.201000,0.015750,-0.016696,-0.090808,1.210357,0.172735,2.152925
147.221000,0.015735,-0.012337,-0.091070,1.201077,0.174820,2.152417
147.241000,0.015536,-0.007841,-0.091552,1.191717,0.176936,2.151806
147.261000,0.014578,-0.002722,-0.092233,1.182179,0.178852,2.151189
147.279000,0.012222,0.001780,-0.091713,1.173604,0.180142,2.150496
147.301000,0.007363,0.007141,-0.089445,1.163116,0.181076,2.149475
147.321000,0.006191,0.012484,-0.089083,1.153678,0.183019,2.148542
147.341000,0.005130,0.018229,-0.088983,1.144211,0.185069,2.147551
147.361000,0.003179,0.024606,-0.088807,1.134627,0.186923,2.146557
147.379000,0.000996,0.030170,-0.088781,1.126142,0.188475,2.145626
147.401000,-0.001050,0.036819,-0.088385,1.116036,0.190602,2.144433
147.421000,-0.002316,0.042941,-0.087818,1.107001,0.192713,2.143290
147.442000,-0.003897,0.050070,-0.087227,1.097515,0.194968,2.142080
147.461000,-0.005727,0.056385,-0.086664,1.089170,0.196982,2.141007
147.479000,-0.007686,0.062254,-0.086083,1.081455,0.198857,2.140020
147.501000,-0.009781,0.069574,-0.085514,1.072323,0.201347,2.138794
147.521000,-0.011177,0.076121,-0.084793,1.064364,0.203775,2.137658
147.539000,-0.011658,0.082154,-0.083955,1.057385,0.206280,2.136533
147.561000,-0.012172,0.089862,-0.083019,1.049143,0.209455,2.135113
147.579000,-0.012505,0.095903,-0.082021,1.042734,0.212100,2.133953
147.601000,-0.012475,0.102627,-0.080955,1.035488,0.215593,2.132482
147.621000,-0.011589,0.108763,-0.079237,1.029272,0.219087,2.131089
147.641000,-0.011306,0.114271,-0.077165,1.023518,0.222477,2.129659
147.659000,-0.010400,0.118684,-0.075615,1.018849,0.225755,2.128400
147.679000,-0.008104,0.122907,-0.073635,1.014227,0.229762,2.126986
147.701000,-0.006269,0.126242,-0.070887,1.009911,0.233984,2.125490
147.721000,-0.004227,0.128182,-0.068483,1.006672,0.237986,2.124165
147.739000,-0.001689,0.129665,-0.066140,1.004134,0.241772,2.123006
147.761000,0.001254,0.129731,-0.063366,1.001948,0.246353,2.121644
147.779000,0.004398,0.129291,-0.060986,1.000629,0.250320,2.120586
147.801000,0.007974,0.127278,-0.058088,0.999867,0.255091,2.119324
147.821000,0.011177,0.125102,-0.055382,0.999640,0.259477,2.118162
147.839000,0.014240,0.122714,-0.052851,0.999828,0.263467,2.117158
147.861000,0.018283,0.118790,-0.049879,1.000831,0.268389,2.116049
147.881000,0.021424,0.114182,-0.047042,1.002345,0.272731,2.115042
147.901000,0.024540,0.109057,-0.043985,1.004346,0.277025,2.114130
147.923000,0.028323,0.103258,-0.040673,1.007016,0.281802,2.113331
147.941000,0.030790,0.098232,-0.037731,1.009528,0.285552,2.112670
147.959000,0.032855,0.092673,-0.034843,1.012466,0.289177,2.112089
147.979000,0.034906,0.086751,-0.031545,1.015918,0.293103,2.111527
148.001000,0.036652,0.080161,-0.028027,1.020088,0.297260,2.111051
148.022000,0.037894,0.073459,-0.024797,1.024459,0.301045,2.110698
148.039000,0.038755,0.068115,-0.022073,1.028118,0.304001,2.110467
148.059000,0.039504,0.061235,-0.019014,1.032739,0.307450,2.110156
148.079000,0.039568,0.054155,-0.015926,1.037554,0.310641,2.109921
148.101000,0.040186,0.046312,-0.012874,1.043034,0.314162,2.109850
148.121000,0.040520,0.038990,-0.010294,1.048177,0.317189,2.109919
148.139000,0.040949,0.032308,-0.007916,1.052919,0.319869,2.110078
148.159000,0.041772,0.025303,-0.005625,1.058189,0.322843,2.110422
148.179000,0.042307,0.018754,-0.003380,1.063468,0.325612,2.110951
148.201000,0.042095,0.012543,-0.001031,1.069033,0.328319,2.111622
148.221000,0.042617,0.007857,0.000737,1.073876,0.330852,2.112372
148.239000,0.043839,0.004025,0.002316,1.078119,0.333205,2.113129
148.259000,0.045350,0.000665,0.004355,1.082524,0.335708,2.113975
148.279000,0.047206,-0.002022,0.005956,1.086680,0.338160,2.114830
148.301000,0.048973,-0.005003,0.007695,1.091101,0.340603,2.115707
148.321000,0.050200,-0.009706,0.008897,1.095527,0.342608,2.116518
148.339000,0.051963,-0.014220,0.009755,1.099477,0.344451,2.117247
148.361000,0.054970,-0.019053,0.011000,1.104052,0.346726,2.118076
148.379000,0.057314,-0.022416,0.011700,1.107553,0.348381,2.118832
148.401000,0.059620,-0.025573,0.012663,1.111456,0.350068,2.119753
148.421000,0.061217,-0.027429,0.013281,1.114697,0.351234,2.120564
148.439000,0.062914,-0.028452,0.013444,1.117304,0.352303,2.121412
148.459000,0.064462,-0.028423,0.013438,1.119744,0.353243,2.122372
148.479000,0.065637,-0.027788,0.013496,1.121885,0.353870,2.123435
148.501000,0.066385,-0.026299,0.013651,1.123852,0.354214,2.124592
148.521000,0.066492,-0.024139,0.013675,1.125262,0.354197,2.125638
148.539000,0.066742,-0.022115,0.013557,1.126407,0.354050,2.126645
148.561000,0.067270,-0.019578,0.013522,1.127602,0.353725,2.127823
148.579000,0.067029,-0.017265,0.013421,1.128353,0.353121,2.128767
148.601000,0.065995,-0.015626,0.012996,1.129422,0.352002,2.129840
148.622000,0.064933,-0.014776,0.012771,1.130464,0.350724,2.130871
148.639000,0.063780,-0.014262,0.012390,1.131243,0.349477,2.131706
148.661000,0.062034,-0.013518,0.011648,1.132122,0.347630,2.132782
148.681000,0.060618,-0.012283,0.010898,1.132635,0.345813,2.133806
148.701000,0.058136,-0.011393,0.010168,1.133140,0.343518,2.134796
148.721000,0.056328,-0.010456,0.009163,1.133513,0.341304,2.135754
148.741000,0.054063,-0.009851,0.008265,1.133895,0.338750,2.136779
148.761000,0.052024,-0.009153,0.007100,1.134146,0.336146,2.137858
148.779000,0.049814,-0.008526,0.006050,1.134299,0.333600,2.138827
148.801000,0.047137,-0.007873,0.004755,1.134400,0.330382,2.140034
148.821000,0.044310,-0.007089,0.003550,1.134359,0.327201,2.141152
148.839000,0.041834,-0.006519,0.002422,1.134315,0.324259,2.142145
148.861000,0.038661,-0.005775,0.001194,1.134141,0.320525,2.143345
148.879000,0.036007,-0.005397,-0.000001,1.133995,0.317395,2.144339
148.901000,0.033056,-0.005041,-0.001239,1.133792,0.313513,2.145583
148.921000,0.030578,-0.004216,-0.002415,1.133415,0.309952,2.146669
148.939000,0.027870,-0.003329,-0.003295,1.133000,0.306593,2.147624
148.961000,0.024903,-0.002197,-0.004409,1.132367,0.302553,2.148739
148.979000,0.023108,-0.001005,-0.005380,1.131768,0.299355,2.149721
149.001000,0.020897,0.000507,-0.006164,1.130989,0.295444,2.150869
149.021000,0.018550,0.001946,-0.007101,1.130238,0.291762,2.151884
149.039000,0.016736,0.003527,-0.007872,1.129452,0.288504,2.152787
149.059000,0.015168,0.005570,-0.008572,1.128478,0.284999,2.153767
149.079000,0.014100,0.007769,-0.009245,1.127460,0.281572,2.154718
149.101000,0.013605,0.010311,-0.009792,1.126309,0.277960,2.155779
149.121000,0.013830,0.012888,-0.010191,1.125178,0.274832,2.156679
149.139000,0.014029,0.015136,-0.010398,1.124150,0.272022,2.157424
149.161000,0.013755,0.017270,-0.010605,1.123056,0.268486,2.158295
149.179000,0.014095,0.018920,-0.010882,1.122208,0.265733,2.158965
149.201000,0.014368,0.020723,-0.011083,1.121215,0.262343,2.159711
149.221000,0.015131,0.021842,-0.011195,1.120490,0.259414,2.160349
149.239000,0.015487,0.022325,-0.011400,1.119972,0.256648,2.160924
149.261000,0.016863,0.022387,-0.011649,1.119495,0.253508,2.161698
149.279000,0.018026,0.022140,-0.011746,1.119193,0.250886,2.162380
149.302000,0.019834,0.021249,-0.012160,1.119004,0.247612,2.163368
149.321000,0.021807,0.019854,-0.012569,1.119071,0.244958,2.164132
149.339000,0.024059,0.018286,-0.013170,1.119189,0.242527,2.164920
149.359000,0.025753,0.016074,-0.013649,1.119477,0.239588,2.165688
149.379000,0.027257,0.013793,-0.014314,1.119805,0.236572,2.166360
149.401000,0.028908,0.011293,-0.015437,1.120200,0.233193,2.167012
149.421000,0.030671,0.009021,-0.016270,1.120598,0.230138,2.167487
149.442000,0.031399,0.006720,-0.017328,1.121026,0.226598,2.167862
149.461000,0.032010,0.004771,-0.018484,1.121408,0.223360,2.168099
149.479000,0.032429,0.003292,-0.019189,1.121675,0.220258,2.168190
149.501000,0.031189,0.002220,-0.020588,1.121812,0.215998,2.168160
149.521000,0.029425,0.001691,-0.021904,1.121816,0.211917,2.168030
149.539000,0.027937,0.001175,-0.022996,1.121824,0.208242,2.167844
149.559000,0.026116,0.000894,-0.024219,1.121762,0.204079,2.167566
149.579000,0.023913,0.000725,-0.025379,1.121696,0.199803,2.167204
149.601000,0.021520,0.000927,-0.026994,1.121571,0.195102,2.166775
149.621000,0.019039,0.001616,-0.028276,1.121326,0.190722,2.166323
149.639000,0.016625,0.002763,-0.029456,1.120978,0.186760,2.165863
149.659000,0.013620,0.005424,-0.030595,1.120252,0.182276,2.165317
149.679000,0.010221,0.009127,-0.031739,1.119228,0.177714,2.164756
149.701000,0.006033,0.013744,-0.032754,1.117967,0.172605,2.164153
149.721000,0.002608,0.018065,-0.033553,1.116873,0.168102,2.163613
149.741000,-0.000860,0.022588,-0.034407,1.115774,0.163672,2.163047
149.761000,-0.004776,0.027731,-0.035324,1.114568,0.159163,2.162604
149.779000,-0.008361,0.032545,-0.036300,1.113457,0.155110,2.162241
149.801000,-0.011883,0.038092,-0.036984,1.112251,0.150425,2.161806
149.821000,-0.014575,0.040881,-0.037603,1.111812,0.146360,2.161449
149.839000,-0.016521,0.042797,-0.038454,1.111625,0.142883,2.161193
149.859000,-0.017797,0.045187,-0.039144,1.111404,0.139333,2.160968
149.881000,-0.019085,0.046757,-0.039990,1.111539,0.135524,2.160814
149.901000,-0.019667,0.046875,-0.040845,1.112092,0.132285,2.160705
149.921000,-0.019203,0.047151,-0.041754,1.112718,0.129447,2.160658
149.939000,-0.019222,0.047115,-0.042730,1.113448,0.126845,2.160662
149.961000,-0.019233,0.045987,-0.043906,1.114711,0.123758,2.160682
149.979000,-0.018102,0.044686,-0.044556,1.115989,0.121634,2.160707
150.001000,-0.017222,0.042926,-0.045796,1.117701,0.119002,2.160809
150.022000,-0.015641,0.040892,-0.046677,1.119534,0.116729,2.160959
150.039000,-0.013610,0.038780,-0.047194,1.121232,0.115147,2.161068
150.061000,-0.011250,0.035496,-0.047913,1.123695,0.113095,2.161253
150.079000,-0.008932,0.032557,-0.048453,1.125860,0.111606,2.161378
150.101000,-0.006611,0.029141,-0.048965,1.128539,0.109751,2.161505
150.121000,-0.004919,0.025294,-0.049318,1.131229,0.108025,2.161580
150.139000,-0.003368,0.021860,-0.049391,1.133683,0.106547,2.161618
150.159000,-0.001055,0.017744,-0.049442,1.136565,0.105105,2.161631
150.179000,0.000456,0.013626,-0.049347,1.139452,0.103518,2.161613
150.201000,0.002570,0.008618,-0.049300,1.142797,0.101956,2.161541
150.221000,0.003924,0.004235,-0.049187,1.145759,0.100454,2.161410
150.239000,0.004741,0.000375,-0.048908,1.148388,0.099059,2.161262
150.259000,0.005526,-0.003931,-0.048617,1.151266,0.097514,2.161033
150.279000,0.006243,-0.008322,-0.048316,1.154109,0.096007,2.160758
150.301000,0.007300,-0.013533,-0.047704,1.157296,0.094477,2.160384
150.321000,0.006793,-0.018783,-0.047362,1.160315,0.092688,2.160049
150.341000,0.005736,-0.023906,-0.046563,1.163213,0.090845,2.159639
150.361000,0.004988,-0.028121,-0.045301,1.165718,0.089242,2.159163
150.379000,0.003737,-0.031488,-0.044236,1.167765,0.087702,2.158700
150.401000,0.001667,-0.034829,-0.043166,1.169901,0.085760,2.158137
150.421000,-0.000103,-0.037773,-0.042226,1.171715,0.084077,2.157652
150.439000,-0.000736,-0.040491,-0.040996,1.173304,0.082827,2.157211
150.459000,-0.001132,-0.042817,-0.039437,1.174785,0.081545,2.156698
150.479000,-0.002350,-0.043356,-0.038303,1.175646,0.080114,2.156201
150.501000,-0.002640,-0.044057,-0.036452,1.176518,0.078835,2.155629
150.521000,-0.002517,-0.044323,-0.034744,1.177077,0.077830,2.155100
150.539000,-0.002805,-0.044250,-0.033429,1.177385,0.076865,2.154571
150.561000,-0.002881,-0.043718,-0.031596,1.177529,0.075823,2.153861
150.579000,-0.002788,-0.042747,-0.029775,1.177387,0.075049,2.153291
150.601000,-0.002466,-0.041171,-0.027833,1.176968,0.074209,2.152550
150.621000,-0.001765,-0.039578,-0.025817,1.176410,0.073566,2.151897
150.641000,-0.000530,-0.037128,-0.023320,1.175429,0.073166,2.151229
150.661000,0.000406,-0.034500,-0.020464,1.174284,0.072741,2.150502
150.681000,0.001172,-0.032270,-0.017911,1.173243,0.072285,2.149763
150.701000,0.001945,-0.029200,-0.015778,1.171912,0.071883,2.148989
150.721000,0.001849,-0.024984,-0.013258,1.170197,0.071307,2.148200
150.739000,0.001394,-0.021060,-0.010983,1.168553,0.070764,2.147488
150.761000,0.000692,-0.016473,-0.008381,1.166542,0.070123,2.146647
150.779000,0.000056,-0.012755,-0.006293,1.164870,0.069654,2.145962
150.801000,-0.001421,-0.007831,-0.003687,1.162687,0.068953,2.145148
150.822000,-0.003403,-0.003181,-0.001104,1.160572,0.068149,2.144381
150.839000,-0.004551,0.000551,0.000786,1.158852,0.067681,2.143812
150.861000,-0.005645,0.005276,0.003420,1.156670,0.067232,2.143122
150.879000,-0.006421,0.008915,0.005577,1.154964,0.066956,2.142587
150.901000,-0.007878,0.013106,0.008081,1.152994,0.066546,2.142000
150.921000,-0.009135,0.016615,0.010247,1.151296,0.066266,2.141490
150.939000,-0.009906,0.019400,0.012341,1.149938,0.066197,2.141052
150.961000,-0.010662,0.022654,0.014734,1.148379,0.066236,2.140550
150.979000,-0.011302,0.025264,0.016757,1.147170,0.066308,2.140194
151.001000,-0.011159,0.028236,0.019130,1.145831,0.066726,2.139812
151.021000,-0.010688,0.030444,0.021046,1.144838,0.067282,2.139531
151.039000,-0.010379,0.032140,0.022614,1.144060,0.067797,2.139327
151.061000,-0.008998,0.033247,0.024659,1.143483,0.068792,2.139163
151.079000,-0.007938,0.033911,0.025898,1.143158,0.069672,2.139079
151.101000,-0.006717,0.034673,0.027203,1.142902,0.070813,2.139055
151.121000,-0.005315,0.034928,0.028587,1.142932,0.072007,2.139098
151.139000,-0.004011,0.035147,0.029349,1.143084,0.073172,2.139144
151.159000,-0.003405,0.035678,0.030429,1.143317,0.074290,2.139244
151.179000,-0.003276,0.036667,0.031238,1.143560,0.075348,2.139373
151.201000,-0.003021,0.037754,0.032011,1.144000,0.076657,2.139544
151.221000,-0.002789,0.038836,0.032448,1.144552,0.077892,2.139708
151.241000,-0.002575,0.039969,0.032849,1.145244,0.079174,2.139846
151.259000,-0.002100,0.040764,0.033102,1.146076,0.080457,2.139985
151.281000,-0.001441,0.041670,0.033101,1.147247,0.082052,2.140110
151.301000,-0.000430,0.042545,0.033032,1.148453,0.083632,2.140237
151.321000,0.000806,0.043296,0.032684,1.149841,0.085337,2.140368
151.339000,0.001353,0.043448,0.032414,1.151349,0.086726,2.140480
151.361000,0.001985,0.043788,0.031925,1.153308,0.088468,2.140620
151.379000,0.002602,0.043931,0.031479,1.155087,0.089932,2.140764
151.401000,0.003014,0.043845,0.030778,1.157441,0.091631,2.140907
151.422000,0.003776,0.043393,0.030127,1.159951,0.093402,2.140973
151.439000,0.004340,0.042909,0.029557,1.162124,0.094843,2.141006
151.461000,0.004922,0.042083,0.028727,1.165131,0.096710,2.140998
151.479000,0.005276,0.041108,0.027991,1.167795,0.098219,2.140990
151.501000,0.004882,0.039805,0.027208,1.171229,0.099911,2.140926
151.521000,0.004093,0.038672,0.026518,1.174435,0.101384,2.140824
151.539000,0.003064,0.036977,0.025634,1.177592,0.102693,2.140700
151.561000,0.001744,0.034680,0.024857,1.181634,0.104353,2.140550
151.579000,0.000109,0.032939,0.024151,1.184984,0.105596,2.140431
151.601000,-0.002177,0.030262,0.023237,1.189324,0.107087,2.140260
151.621000,-0.003417,0.027330,0.022174,1.193504,0.108748,2.140074
151.639000,-0.004647,0.024544,0.021406,1.197378,0.110242,2.139864
151.661000,-0.006709,0.021478,0.020232,1.202099,0.111901,2.139581
151.679000,-0.007942,0.019275,0.019494,1.205938,0.113410,2.139288
151.701000,-0.007944,0.016253,0.018448,1.210823,0.115721,2.138954
151.721000,-0.007341,0.013757,0.017640,1.215256,0.117988,2.138661
151.739000,-0.006933,0.011786,0.017008,1.219233,0.120085,2.138315
151.761000,-0.007232,0.009985,0.015936,1.223991,0.122490,2.137927
151.779000,-0.007696,0.008694,0.014943,1.227895,0.124460,2.137560
151.801000,-0.007731,0.007131,0.013841,1.232730,0.127022,2.137148
151.821000,-0.006489,0.005959,0.012890,1.237068,0.129771,2.136767
151.839000,-0.005261,0.005201,0.012134,1.240903,0.132335,2.136411
151.859000,-0.004277,0.004636,0.011442,1.245118,0.135107,2.136053
151.879000,-0.003383,0.004304,0.010556,1.249224,0.137875,2.135725
151.901000,-0.001655,0.003218,0.009726,1.253981,0.141172,2.135387
151.919000,-0.000040,0.002038,0.009134,1.257955,0.143955,2.135117
151.939000,0.001458,0.000865,0.008308,1.262306,0.146957,2.134816
151.961000,0.003387,-0.000604,0.007567,1.267106,0.150354,2.134539
151.979000,0.005256,-0.001964,0.007034,1.271050,0.153235,2.134360
152.001000,0.007182,-0.004119,0.006193,1.275990,0.156698,2.134135
152.021000,0.008481,-0.005999,0.005312,1.280410,0.159779,2.133950
152.039000,0.009259,-0.007722,0.004723,1.284342,0.162434,2.133769
152.061000,0.010879,-0.010011,0.003728,1.289121,0.165846,2.133568
152.079000,0.012367,-0.011864,0.003151,1.292965,0.168645,2.133415
152.101000,0.015290,-0.014523,0.002193,1.297716,0.172356,2.133237
152.121000,0.017708,-0.017078,0.001670,1.302057,0.175557,2.133144
152.139000,0.020455,-0.019025,0.000875,1.305812,0.178560,2.133083
152.161000,0.023730,-0.021011,0.000193,1.310201,0.182142,2.133018
152.179000,0.026615,-0.022237,-0.000422,1.313607,0.185072,2.132952
152.201000,0.030232,-0.023977,-0.000903,1.317740,0.188625,2.132820
152.221000,0.033398,-0.025318,-0.001305,1.321314,0.191782,2.132661
152.239000,0.034842,-0.026694,-0.001708,1.324501,0.194195,2.132437
152.261000,0.036247,-0.028254,-0.002242,1.328257,0.196967,2.132123
152.279000,0.037631,-0.029613,-0.002601,1.331277,0.199256,2.131818
152.301000,0.038734,-0.030859,-0.002785,1.334719,0.201813,2.131397
152.321000,0.039197,-0.031529,-0.003097,1.337591,0.203900,2.130978
152.341000,0.038725,-0.032151,-0.003179,1.340364,0.205651,2.130522
152.361000,0.037939,-0.032531,-0.003240,1.342949,0.207195,2.130041
152.379000,0.037474,-0.032915,-0.003199,1.345203,0.208577,2.129549
152.401000,0.037158,-0.033166,-0.003101,1.347796,0.210233,2.128935
152.421000,0.036462,-0.032932,-0.002939,1.349878,0.211514,2.128330
152.441000,0.035237,-0.032344,-0.002513,1.351723,0.212575,2.127779
152.459000,0.033664,-0.031530,-0.002293,1.353193,0.213323,2.127299
152.481000,0.031589,-0.030781,-0.002015,1.354925,0.214082,2.126718
152.501000,0.030074,-0.029988,-0.001727,1.356363,0.214806,2.126206
152.521000,0.028390,-0.029441,-0.001496,1.357784,0.215385,2.125700
152.541000,0.026477,-0.028539,-0.001371,1.358986,0.215789,2.125129
152.561000,0.024600,-0.027447,-0.001181,1.360013,0.216146,2.124559
152.579000,0.022893,-0.026251,-0.001093,1.360777,0.216423,2.124066
152.601000,0.020552,-0.024675,-0.001013,1.361549,0.216619,2.123492
152.621000,0.018614,-0.023567,-0.000926,1.362250,0.216759,2.122956
152.641000,0.017012,-0.022523,-0.000872,1.362866,0.216917,2.122436
152.661000,0.015847,-0.021652,-0.000953,1.363451,0.217157,2.121916
152.679000,0.014882,-0.020897,-0.001023,1.363919,0.217346,2.121396
152.702000,0.013745,-0.019978,-0.001159,1.364477,0.217571,2.120754
152.721000,0.012891,-0.019164,-0.001348,1.364822,0.217755,2.120188
152.739000,0.012205,-0.018360,-0.001433,1.365099,0.217963,2.119694
152.759000,0.011299,-0.017273,-0.001719,1.365292,0.218176,2.119093
152.779000,0.010260,-0.015838,-0.001864,1.365303,0.218344,2.118513
152.801000,0.008785,-0.014124,-0.002252,1.365218,0.218452,2.117902
152.821000,0.007539,-0.012729,-0.002522,1.365110,0.218584,2.117367
152.839000,0.006570,-0.011319,-0.002739,1.364926,0.218758,2.116913
152.861000,0.005555,-0.009625,-0.003044,1.364677,0.219044,2.116401
152.879000,0.004786,-0.007915,-0.003474,1.364348,0.219333,2.116007
152.901000,0.003341,-0.005764,-0.004039,1.363887,0.219590,2.115597
152.921000,0.001849,-0.003955,-0.004846,1.363508,0.219798,2.115307
152.939000,0.000958,-0.002349,-0.005466,1.363133,0.220119,2.115067
152.961000,0.000798,-0.000609,-0.006080,1.362756,0.220791,2.114774
152.979000,0.000572,0.000929,-0.006761,1.362417,0.221365,2.114545
153.001000,-0.000400,0.003119,-0.007477,1.361912,0.221905,2.114291
153.021000,-0.001407,0.005402,-0.008205,1.361331,0.222407,2.114079
153.039000,-0.001342,0.006868,-0.008636,1.360995,0.223143,2.113899
153.059000,-0.000863,0.008337,-0.009271,1.360663,0.224080,2.113680
153.079000,-0.000485,0.009337,-0.009961,1.360451,0.225039,2.113398
153.101000,-0.000410,0.010152,-0.010626,1.360341,0.226056,2.113075
153.121000,-0.000142,0.011375,-0.011250,1.360083,0.227101,2.112773
153.139000,0.000140,0.012387,-0.011587,1.359889,0.228082,2.112509
153.161000,0.000339,0.013059,-0.012243,1.359803,0.229258,2.112246
153.179000,0.001108,0.012649,-0.012358,1.359990,0.230402,2.112078
153.201000,0.002669,0.012039,-0.012829,1.360221,0.231970,2.111901
153.221000,0.004188,0.010667,-0.013051,1.360660,0.233426,2.111746
153.239000,0.005962,0.009235,-0.013114,1.361103,0.234842,2.111609
153.261000,0.008258,0.007071,-0.013308,1.361792,0.236624,2.111436
153.281000,0.010137,0.005329,-0.013364,1.362360,0.238216,2.111261
153.301000,0.011945,0.003608,-0.013394,1.362937,0.239782,2.111117
153.321000,0.013947,0.001872,-0.013637,1.363561,0.241426,2.110911
153.339000,0.015703,0.000506,-0.013361,1.364067,0.242946,2.110735
153.361000,0.017255,-0.000749,-0.013104,1.364552,0.244641,2.110556
153.379000,0.017705,-0.001426,-0.012740,1.364804,0.245822,2.110405
153.401000,0.017333,-0.002299,-0.012345,1.365108,0.247018,2.110268
153.421000,0.017363,-0.003618,-0.011732,1.365493,0.248161,2.110179
153.439000,0.018249,-0.004970,-0.011203,1.365817,0.249410,2.110154
153.461000,0.018857,-0.006667,-0.010510,1.366202,0.250697,2.110146
153.479000,0.019748,-0.007891,-0.010057,1.366458,0.251822,2.110145
153.501000,0.021298,-0.009342,-0.009479,1.366697,0.253272,2.110134
153.521000,0.023123,-0.010314,-0.009015,1.366823,0.254634,2.110159
153.541000,0.025071,-0.011273,-0.008503,1.366923,0.255976,2.110165
153.561000,0.027185,-0.011832,-0.008235,1.366905,0.257346,2.110068
153.579000,0.028432,-0.011854,-0.007548,1.366735,0.258366,2.109941
153.601000,0.030326,-0.010796,-0.007102,1.366238,0.259673,2.109762
153.621000,0.031805,-0.007939,-0.006470,1.365286,0.260767,2.109608
153.641000,0.032306,-0.004476,-0.005636,1.364158,0.261526,2.109457
153.659000,0.033427,-0.000890,-0.004887,1.362986,0.262317,2.109324
153.679000,0.035414,0.003312,-0.003959,1.361616,0.263260,2.109164
153.701000,0.037464,0.008311,-0.002795,1.359986,0.264181,2.109030
153.721000,0.038868,0.012975,-0.001739,1.358515,0.264838,2.108923
153.739000,0.039649,0.017650,-0.000752,1.357027,0.265210,2.108864
153.761000,0.040519,0.023479,0.000406,1.355239,0.265587,2.108811
153.779000,0.040820,0.028417,0.001442,1.353752,0.265710,2.108752
153.801000,0.040301,0.034265,0.002964,1.352019,0.265525,2.108742
153.821000,0.039789,0.038894,0.004309,1.350711,0.265228,2.108784
153.839000,0.039665,0.042762,0.005717,1.349616,0.264972,2.108746
153.861000,0.038310,0.046294,0.007463,1.348695,0.264246,2.108669
153.879000,0.037507,0.048778,0.008939,1.348083,0.263667,2.108584
153.902000,0.036790,0.051217,0.010846,1.347622,0.262880,2.108452
153.921000,0.035703,0.052485,0.012406,1.347541,0.262035,2.108254
153.939000,0.034438,0.053466,0.013910,1.347573,0.261131,2.108005
153.961000,0.032779,0.053674,0.015737,1.347997,0.259905,2.107651
153.979000,0.031411,0.053053,0.017133,1.348629,0.258874,2.107278
154.001000,0.029698,0.051999,0.018904,1.349565,0.257576,2.106726
154.021000,0.027992,0.049811,0.020370,1.350862,0.256273,2.106238
154.042000,0.026924,0.047204,0.021681,1.352419,0.255051,2.105766
154.059000,0.025968,0.044875,0.022850,1.353845,0.253982,2.105466
154.079000,0.024949,0.041947,0.024031,1.355666,0.252716,2.105159
154.101000,0.024514,0.038818,0.025305,1.357751,0.251419,2.104965
154.121000,0.024687,0.035670,0.026383,1.359820,0.250302,2.104888
154.141000,0.024968,0.031888,0.027225,1.362170,0.249218,2.104823
154.161000,0.025370,0.028309,0.027976,1.364522,0.248105,2.104843
154.179000,0.025669,0.025058,0.028628,1.366679,0.247045,2.104927
154.201000,0.026911,0.020904,0.029164,1.369445,0.245936,2.105129
154.221000,0.028271,0.017426,0.029567,1.371883,0.244952,2.105406
154.239000,0.028862,0.014185,0.029785,1.374168,0.243862,2.105721
154.259000,0.029759,0.011018,0.029983,1.376619,0.242637,2.106112
154.279000,0.031254,0.008202,0.030174,1.378982,0.241526,2.106576
154.301000,0.032646,0.005663,0.030237,1.381411,0.240130,2.107138
154.321000,0.033188,0.003212,0.030190,1.383604,0.238653,2.107721
154.339000,0.033727,0.000813,0.030126,1.385606,0.237215,2.108222
154.361000,0.034710,-0.002187,0.029801,1.387999,0.235522,2.108945
154.379000,0.035329,-0.004980,0.029506,1.390006,0.234020,2.109578
154.401000,0.035580,-0.008131,0.029058,1.392250,0.231950,2.110349
154.422000,0.035403,-0.011186,0.028676,1.394334,0.229793,2.111101
154.439000,0.035190,-0.013652,0.028007,1.395939,0.227980,2.111722
154.461000,0.034600,-0.016887,0.027150,1.397918,0.225516,2.112486
154.479000,0.034192,-0.019288,0.026282,1.399391,0.223476,2.113143
154.501000,0.033321,-0.021877,0.025218,1.400954,0.220773,2.113934
154.521000,0.032360,-0.024157,0.024029,1.402267,0.218273,2.114762
154.539000,0.031717,-0.025886,0.022957,1.403229,0.215998,2.115513
154.561000,0.030813,-0.027493,0.021586,1.404133,0.213100,2.116490
154.581000,0.029873,-0.028473,0.020137,1.404688,0.210374,2.117403
154.601000,0.028724,-0.029368,0.018892,1.405084,0.207519,2.118259
154.621000,0.027913,-0.030106,0.017382,1.405302,0.204684,2.119149
154.639000,0.026871,-0.031106,0.015963,1.405440,0.202042,2.119905
154.661000,0.025225,-0.032293,0.014369,1.405368,0.198704,2.120762
154.679000,0.023923,-0.033207,0.013050,1.405134,0.195977,2.121447
154.701000,0.022075,-0.034511,0.011007,1.404750,0.192615,2.122318
154.721000,0.020436,-0.035276,0.009328,1.404156,0.189517,2.123023
154.739000,0.019174,-0.035749,0.007918,1.403443,0.186759,2.123653
154.759000,0.018179,-0.035604,0.006222,1.402274,0.183835,2.124387
154.779000,0.016684,-0.035358,0.004588,1.400893,0.180781,2.125101
154.801000,0.014162,-0.035283,0.002644,1.399229,0.177165,2.125837
154.821000,0.012978,-0.035380,0.000859,1.397580,0.174127,2.126434
154.841000,0.013045,-0.036045,-0.000739,1.395939,0.171476,2.126991
154.861000,0.012063,-0.036594,-0.002527,1.394063,0.168551,2.127534
154.879000,0.010789,-0.036926,-0.004383,1.392209,0.165815,2.127965
154.901000,0.009846,-0.037112,-0.006133,1.389712,0.162699,2.128487
154.921000,0.009124,-0.036639,-0.007997,1.387094,0.159934,2.128896
154.939000,0.008165,-0.035935,-0.009614,1.384550,0.157376,2.129248
154.961000,0.006711,-0.034695,-0.011419,1.381151,0.154219,2.129644
154.979000,0.005729,-0.033573,-0.013226,1.378203,0.151722,2.129973
155.001000,0.004721,-0.032359,-0.015355,1.374496,0.148783,2.130358
155.021000,0.003787,-0.031250,-0.017141,1.370944,0.146139,2.130708
155.039000,0.003016,-0.030204,-0.019087,1.367616,0.143802,2.131078
155.061000,0.002301,-0.029131,-0.021077,1.363471,0.141067,2.131610
155.079000,0.002413,-0.028227,-0.022868,1.359924,0.139072,2.131998
155.101000,0.002154,-0.027450,-0.024947,1.355562,0.136615,2.132425
155.121000,0.001118,-0.026872,-0.026882,1.351500,0.134228,2.132745
155.139000,0.000108,-0.026210,-0.028549,1.347728,0.132132,2.132935
155.161000,-0.000890,-0.025302,-0.030591,1.342969,0.129734,2.133047
155.179000,-0.001370,-0.024455,-0.032201,1.338979,0.127960,2.133052
155.201000,-0.002240,-0.023095,-0.034075,1.333944,0.125810,2.132960
155.221000,-0.003209,-0.021584,-0.035810,1.329169,0.123934,2.132806
155.241000,-0.004588,-0.019953,-0.037255,1.324337,0.122024,2.132585
155.259000,-0.005780,-0.018229,-0.038629,1.319854,0.120379,2.132256
155.279000,-0.007024,-0.016038,-0.040165,1.314780,0.118727,2.131950
155.301000,-0.008522,-0.013267,-0.041935,1.308980,0.116973,2.131676
155.321000,-0.009366,-0.010945,-0.043501,1.303680,0.115589,2.131404
155.339000,-0.009545,-0.009331,-0.044898,1.299029,0.114570,2.131184
155.361000,-0.009723,-0.007393,-0.046412,1.293355,0.113431,2.130921
155.381000,-0.009388,-0.005533,-0.047917,1.288151,0.112620,2.130691
155.401000,-0.009391,-0.004052,-0.049685,1.283045,0.111775,2.130450
155.421000,-0.009758,-0.002637,-0.051165,1.277946,0.110909,2.130214
155.439000,-0.009900,-0.000724,-0.052267,1.273132,0.110269,2.129987
155.461000,-0.009592,0.001521,-0.053365,1.267246,0.109779,2.129768
155.479000,-0.008952,0.002752,-0.054769,1.262651,0.109564,2.129638
155.501000,-0.008727,0.004560,-0.056150,1.256972,0.109248,2.129509
155.521000,-0.008930,0.005941,-0.057285,1.251897,0.108958,2.129458
155.541000,-0.009121,0.007157,-0.058651,1.246911,0.108782,2.129496
155.561000,-0.009506,0.008572,-0.060010,1.241893,0.108667,2.129556
155.581000,-0.010063,0.009988,-0.061541,1.236910,0.108596,2.129644
155.601000,-0.010768,0.011807,-0.062726,1.231868,0.108580,2.129806
155.621000,-0.011027,0.013576,-0.064024,1.226876,0.108776,2.129954
155.642000,-0.010950,0.015416,-0.065199,1.221738,0.109168,2.130192
155.659000,-0.010807,0.016942,-0.066048,1.217616,0.109603,2.130362
155.679000,-0.011001,0.018622,-0.067100,1.212881,0.110157,2.130589
155.701000,-0.011653,0.020744,-0.068252,1.207679,0.110779,2.130792
155.721000,-0.012859,0.022577,-0.069159,1.203053,0.111282,2.130945
155.741000,-0.013790,0.024394,-0.069844,1.198499,0.111975,2.131110
155.761000,-0.014179,0.026030,-0.070595,1.194099,0.112875,2.131199
155.779000,-0.014115,0.027192,-0.070877,1.190321,0.113902,2.131226
155.801000,-0.014412,0.028606,-0.071404,1.185819,0.115146,2.131138
155.821000,-0.014786,0.029656,-0.071615,1.181905,0.116356,2.131044
155.839000,-0.014909,0.030796,-0.071850,1.178371,0.117626,2.130925
155.859000,-0.014532,0.031932,-0.071953,1.174590,0.119243,2.130773
155.879000,-0.013821,0.032389,-0.071810,1.171138,0.121008,2.130615
155.901000,-0.012977,0.032527,-0.072013,1.167563,0.123065,2.130341
155.921000,-0.012430,0.032377,-0.071790,1.164488,0.124938,2.130124
155.941000,-0.010819,0.031693,-0.071728,1.161724,0.127154,2.129966
155.961000,-0.008865,0.031320,-0.071437,1.159003,0.129561,2.129762
155.979000,-0.007223,0.031277,-0.071153,1.156551,0.131733,2.129581
156.001000,-0.005488,0.031454,-0.070534,1.153623,0.134364,2.129341
156.021000,-0.003400,0.031352,-0.070069,1.151219,0.136982,2.129148
156.039000,-0.001458,0.031480,-0.069521,1.149051,0.139377,2.128976
156.061000,0.000954,0.031329,-0.068441,1.146592,0.142379,2.128726
156.079000,0.002681,0.031042,-0.067935,1.144743,0.144841,2.128536
156.101000,0.004837,0.030656,-0.067276,1.142625,0.147912,2.128259
156.121000,0.006590,0.030704,-0.066295,1.140715,0.150649,2.127960
156.139000,0.007947,0.030664,-0.065465,1.139080,0.153085,2.127680
156.161000,0.009213,0.030466,-0.064412,1.137249,0.156028,2.127200
156.179000,0.010508,0.030716,-0.063805,1.135774,0.158531,2.126840
156.201000,0.011687,0.031598,-0.062652,1.133909,0.161489,2.126385
156.221000,0.012740,0.032161,-0.061680,1.132431,0.164182,2.125950
156.239000,0.013752,0.032903,-0.060920,1.131115,0.166609,2.125586
156.261000,0.015515,0.033657,-0.059679,1.129646,0.169675,2.125100
156.279000,0.016709,0.033888,-0.058656,1.128650,0.172084,2.124680
156.301000,0.018493,0.034071,-0.057660,1.127582,0.175110,2.124158
156.321000,0.020426,0.034142,-0.056733,1.126771,0.177871,2.123669
156.339000,0.022403,0.034498,-0.055516,1.126054,0.180419,2.123213
156.361000,0.024765,0.034936,-0.054493,1.125277,0.183514,2.122554
156.379000,0.025750,0.035348,-0.053519,1.124752,0.185761,2.122007
156.401000,0.026872,0.036823,-0.052659,1.123911,0.188508,2.121300
156.421000,0.028390,0.037685,-0.051600,1.123401,0.191108,2.120627
156.439000,0.029728,0.038262,-0.050621,1.123111,0.193335,2.120002
156.461000,0.031151,0.038451,-0.049215,1.123021,0.195960,2.119180
156.481000,0.031160,0.038526,-0.048088,1.123108,0.197989,2.118398
156.501000,0.031048,0.038871,-0.047086,1.123273,0.199921,2.117645
156.521000,0.031007,0.039853,-0.045912,1.123388,0.201836,2.116884
156.539000,0.030874,0.040941,-0.045013,1.123570,0.203478,2.116256
156.561000,0.031208,0.042661,-0.043630,1.123788,0.205526,2.115532
156.581000,0.031332,0.044099,-0.042434,1.124140,0.207275,2.114890
156.601000,0.031087,0.045083,-0.041415,1.124706,0.208829,2.114247
156.621000,0.031662,0.045796,-0.040299,1.125481,0.210534,2.113660
156.639000,0.032576,0.046469,-0.039047,1.126272,0.212079,2.113171
156.661000,0.033215,0.047396,-0.037988,1.127325,0.213768,2.112698
156.679000,0.033734,0.047491,-0.036819,1.128473,0.215067,2.112330
156.701000,0.034907,0.047199,-0.035468,1.130077,0.216721,2.111924
156.721000,0.035529,0.045921,-0.034276,1.131909,0.218039,2.111530
156.739000,0.036248,0.044729,-0.033263,1.133638,0.219188,2.111251
156.761000,0.036737,0.042966,-0.031846,1.135919,0.220417,2.110973
156.779000,0.036923,0.041305,-0.030689,1.137916,0.221279,2.110855
156.801000,0.037188,0.038677,-0.029408,1.140575,0.222202,2.110820
156.821000,0.038209,0.035460,-0.028311,1.143308,0.223166,2.110880
156.839000,0.039050,0.032194,-0.027474,1.145898,0.223893,2.111028
156.859000,0.039815,0.028278,-0.026427,1.148857,0.224551,2.111331
156.879000,0.041047,0.023586,-0.025473,1.152063,0.225238,2.111773
156.901000,0.041595,0.017779,-0.024291,1.155780,0.225595,2.112343
156.921000,0.042571,0.013252,-0.023447,1.159035,0.226019,2.112959
156.941000,0.042861,0.009234,-0.022487,1.162177,0.226124,2.113626
156.961000,0.042802,0.005462,-0.021463,1.165254,0.226071,2.114286
156.979000,0.042615,0.002156,-0.020707,1.167996,0.225878,2.114939
157.001000,0.042844,-0.001493,-0.019869,1.171277,0.225663,2.115822
157.021000,0.042920,-0.004217,-0.019160,1.174081,0.225360,2.116657
157.041000,0.042340,-0.006163,-0.018435,1.176689,0.224761,2.117488
157.059000,0.041852,-0.007436,-0.017995,1.178884,0.224169,2.118254
157.081000,0.041197,-0.008301,-0.017236,1.181318,0.223326,2.119262
157.101000,0.040719,-0.008733,-0.016155,1.183364,0.222472,2.120201
157.121000,0.040416,-0.008684,-0.015492,1.185207,0.221616,2.121147
157.139000,0.038824,-0.008682,-0.014564,1.186851,0.220348,2.121960
157.161000,0.037047,-0.008629,-0.013711,1.188727,0.218763,2.123070
157.179000,0.036038,-0.008695,-0.013059,1.190252,0.217517,2.124078
157.201000,0.034488,-0.008820,-0.012446,1.192031,0.215830,2.125298
157.222000,0.031234,-0.009410,-0.010908,1.193808,0.213523,2.126405
157.239000,0.030079,-0.009288,-0.010187,1.194991,0.212090,2.127358
157.261000,0.028370,-0.009373,-0.009322,1.196522,0.210122,2.128575
157.279000,0.026971,-0.009194,-0.008941,1.197629,0.208469,2.129557
157.301000,0.024647,-0.008730,-0.008198,1.198825,0.206247,2.130791
157.321000,0.022317,-0.007969,-0.007642,1.199745,0.204171,2.131873
157.341000,0.019562,-0.007736,-0.006841,1.200729,0.201879,2.132946
157.359000,0.017974,-0.007605,-0.006348,1.201558,0.200056,2.133887
157.379000,0.015444,-0.007659,-0.005771,1.202467,0.197804,2.134926
157.401000,0.013332,-0.007211,-0.005473,1.203212,0.195471,2.136022
157.421000,0.011626,-0.007362,-0.004695,1.203987,0.193351,2.137072
157.439000,0.010487,-0.007615,-0.004403,1.204643,0.191514,2.138022
157.459000,0.009575,-0.008071,-0.003991,1.205335,0.189522,2.139046
157.479000,0.008733,-0.008805,-0.003471,1.206009,0.187514,2.140052
157.501000,0.008580,-0.009835,-0.003323,1.206667,0.185520,2.141105
157.521000,0.008245,-0.011381,-0.003051,1.207383,0.183634,2.142039
157.541000,0.008197,-0.012653,-0.002726,1.207894,0.181818,2.142973
157.561000,0.008654,-0.014613,-0.002622,1.208530,0.180138,2.143887
157.579000,0.008966,-0.016282,-0.002519,1.209014,0.178582,2.144732
157.601000,0.009224,-0.017782,-0.002655,1.209348,0.176661,2.145689
157.621000,0.009343,-0.019375,-0.002539,1.209626,0.174912,2.146572
157.639000,0.009155,-0.020884,-0.002568,1.209796,0.173267,2.147340
157.659000,0.009029,-0.022737,-0.003061,1.209960,0.171490,2.148103
157.681000,0.008344,-0.024322,-0.003138,1.209926,0.169402,2.148905
157.701000,0.007983,-0.025437,-0.003284,1.209692,0.167564,2.149553
157.721000,0.007838,-0.026463,-0.003467,1.209385,0.165784,2.150131
157.739000,0.007849,-0.027197,-0.003815,1.209001,0.164208,2.150570
157.761000,0.008119,-0.027640,-0.004229,1.208323,0.162301,2.150995
157.779000,0.008535,-0.027763,-0.004425,1.207630,0.160816,2.151293
157.801000,0.009086,-0.027453,-0.004724,1.206575,0.159054,2.151551
157.821000,0.009021,-0.026834,-0.004998,1.205472,0.157292,2.151749
157.839000,0.008366,-0.025408,-0.005635,1.204110,0.155596,2.151787
157.861000,0.006745,-0.023787,-0.005947,1.202449,0.153375,2.151645
157.879000,0.006106,-0.022092,-0.006238,1.200968,0.151742,2.151488
157.901000,0.006376,-0.018810,-0.006753,1.198769,0.150077,2.151202
157.921000,0.005747,-0.015281,-0.006977,1.196567,0.148316,2.150832
157.939000,0.004725,-0.011636,-0.007422,1.194440,0.146613,2.150422
157.961000,0.004519,-0.006908,-0.007820,1.191729,0.144863,2.149838
157.979000,0.004018,-0.002868,-0.008068,1.189426,0.143370,2.149355
158.001000,0.002990,0.002218,-0.008445,1.186523,0.141469,2.148638
158.021000,0.001988,0.006573,-0.008559,1.183932,0.139755,2.147948
158.039000,0.001341,0.010172,-0.008738,1.181702,0.138322,2.147209
158.061000,0.000664,0.014167,-0.008870,1.179111,0.136657,2.146200
158.079000,-0.000205,0.017405,-0.009046,1.177027,0.135253,2.145367
158.101000,-0.001017,0.021211,-0.008926,1.174581,0.133674,2.144291
158.121000,-0.001998,0.024780,-0.008661,1.172447,0.132256,2.143291
158.139000,-0.003391,0.028302,-0.008506,1.170523,0.130909,2.142382
158.161000,-0.005363,0.033362,-0.008050,1.168028,0.129227,2.141302
158.179000,-0.006262,0.037552,-0.007670,1.166072,0.128115,2.140421
158.201000,-0.006455,0.042737,-0.007085,1.163818,0.126979,2.139343
158.221000,-0.005808,0.047522,-0.006599,1.161914,0.126208,2.138345
158.239000,-0.004955,0.051867,-0.006125,1.160287,0.125598,2.137445
158.259000,-0.003072,0.056503,-0.005676,1.158713,0.125161,2.136444
158.279000,-0.001264,0.061084,-0.005394,1.157287,0.124717,2.135431
158.301000,0.000682,0.065547,-0.004927,1.156039,0.124168,2.134456
158.321000,0.003112,0.069501,-0.004667,1.155050,0.123913,2.133546
158.341000,0.004879,0.072551,-0.004521,1.154515,0.123520,2.132737
158.359000,0.006356,0.075060,-0.004362,1.154243,0.123124,2.132074
158.379000,0.007515,0.077145,-0.004379,1.154288,0.122634,2.131372
158.401000,0.009289,0.078892,-0.004305,1.154683,0.122198,2.130640
158.421000,0.010511,0.079552,-0.004353,1.155498,0.121686,2.130000
158.439000,0.011811,0.080150,-0.004478,1.156406,0.121301,2.129502
158.459000,0.012129,0.080466,-0.004523,1.157692,0.120560,2.128924
158.481000,0.011968,0.079883,-0.004725,1.159637,0.119676,2.128361
158.501000,0.011647,0.079703,-0.004730,1.161537,0.118831,2.127936
158.521000,0.010019,0.079180,-0.004795,1.163705,0.117640,2.127478
158.539000,0.008563,0.078215,-0.004877,1.166000,0.116616,2.127105
158.561000,0.006279,0.076966,-0.005350,1.169038,0.115237,2.126692
158.579000,0.004561,0.075971,-0.005431,1.171697,0.114151,2.126394
158.601000,0.002131,0.073750,-0.005727,1.175439,0.112809,2.126099
158.622000,-0.000521,0.071616,-0.005836,1.179182,0.111437,2.125883
158.639000,-0.002497,0.069453,-0.006257,1.182472,0.110441,2.125759
158.661000,-0.005924,0.066154,-0.006480,1.186989,0.109001,2.125603
158.679000,-0.008771,0.063279,-0.006857,1.190862,0.107855,2.125567
158.701000,-0.012466,0.059621,-0.007032,1.195797,0.106506,2.125531
158.721000,-0.015757,0.055518,-0.007206,1.200581,0.105369,2.125485
158.741000,-0.018373,0.051103,-0.007306,1.205544,0.104472,2.125459
158.761000,-0.021049,0.045688,-0.007365,1.210832,0.103626,2.125421
158.779000,-0.022966,0.040772,-0.007215,1.215644,0.103048,2.125418
158.801000,-0.024671,0.034863,-0.007277,1.221618,0.102647,2.125511
158.821000,-0.026226,0.029917,-0.007567,1.227004,0.102405,2.125717
158.839000,-0.027503,0.025878,-0.008053,1.231755,0.102283,2.125955
158.859000,-0.027973,0.021620,-0.008255,1.236983,0.102527,2.126244
158.879000,-0.027702,0.017118,-0.008494,1.242251,0.103036,2.126527
158.901000,-0.026883,0.010933,-0.008799,1.248338,0.103843,2.126902
158.921000,-0.025510,0.005555,-0.008931,1.253776,0.104870,2.127325
158.941000,-0.023601,0.000711,-0.009139,1.259011,0.106166,2.127741
158.961000,-0.022476,-0.003364,-0.008903,1.263954,0.107370,2.128153
158.979000,-0.021545,-0.006766,-0.008934,1.268269,0.108542,2.128561
159.001000,-0.019903,-0.010481,-0.008963,1.273358,0.110216,2.129109
159.021000,-0.017886,-0.013383,-0.008518,1.277735,0.111958,2.129589
159.041000,-0.015133,-0.016105,-0.008236,1.281976,0.114006,2.130080
159.061000,-0.012611,-0.017608,-0.007944,1.285723,0.116090,2.130564
159.081000,-0.010051,-0.019039,-0.007673,1.289313,0.118247,2.131017
159.101000,-0.007441,-0.020998,-0.006807,1.292876,0.120439,2.131490
159.121000,-0.004678,-0.023004,-0.006420,1.296284,0.122753,2.131950
159.139000,-0.002269,-0.024838,-0.005843,1.299205,0.124860,2.132345
159.161000,0.000801,-0.027304,-0.005325,1.302672,0.127541,2.132845
159.179000,0.002912,-0.028954,-0.004917,1.305249,0.129668,2.133281
159.201000,0.004905,-0.030203,-0.004169,1.307966,0.132128,2.133772
159.222000,0.007030,-0.031476,-0.003497,1.310380,0.134593,2.134256
159.239000,0.008985,-0.032827,-0.003048,1.312231,0.136656,2.134617
159.259000,0.010779,-0.034869,-0.002156,1.314368,0.138947,2.134958
159.279000,0.012572,-0.036396,-0.001334,1.316112,0.141231,2.135217
159.301000,0.015152,-0.038955,-0.000160,1.317985,0.143810,2.135430
159.321000,0.017744,-0.041879,0.001134,1.319606,0.146184,2.135631
159.341000,0.019738,-0.044898,0.002683,1.321022,0.148365,2.135879
159.359000,0.021204,-0.047574,0.004029,1.322057,0.150186,2.136128
159.379000,0.022560,-0.050802,0.005839,1.323046,0.152105,2.136450
159.401000,0.024228,-0.054434,0.008104,1.323875,0.154195,2.136844
159.421000,0.024781,-0.058004,0.010302,1.324425,0.155781,2.137271
159.439000,0.025002,-0.061286,0.012248,1.324749,0.157107,2.137637
159.459000,0.025138,-0.065039,0.014985,1.324920,0.158534,2.138118
159.479000,0.024533,-0.068507,0.017544,1.324789,0.159686,2.138566
159.501000,0.023249,-0.071698,0.020464,1.324142,0.160668,2.139049
159.521000,0.022682,-0.074449,0.023222,1.323302,0.161659,2.139517
159.541000,0.022847,-0.076206,0.026035,1.321950,0.162750,2.139926
159.561000,0.022573,-0.077019,0.028682,1.320083,0.163596,2.140322
159.579000,0.022432,-0.077028,0.031100,1.318025,0.164311,2.140696
159.601000,0.022032,-0.076176,0.033952,1.315019,0.165008,2.141091
159.621000,0.021745,-0.075007,0.036645,1.311964,0.165580,2.141468
159.639000,0.021574,-0.073197,0.038757,1.308822,0.165999,2.141834
159.659000,0.021355,-0.070236,0.041124,1.304871,0.166375,2.142212
159.679000,0.021591,-0.066529,0.043760,1.300503,0.166787,2.142605
159.701000,0.021575,-0.062043,0.046379,1.295361,0.167082,2.142988
159.721000,0.022012,-0.057655,0.048487,1.290441,0.167372,2.143292
159.739000,0.022619,-0.053277,0.050694,1.285770,0.167587,2.143550
159.761000,0.023212,-0.046542,0.052976,1.279514,0.167650,2.143868
159.779000,0.024060,-0.040471,0.054760,1.274108,0.167688,2.144136
159.801000,0.025178,-0.032688,0.057131,1.267259,0.167593,2.144498
159.821000,0.026714,-0.025794,0.059168,1.260971,0.167531,2.144832
159.841000,0.028697,-0.019076,0.061028,1.254660,0.167482,2.145175
159.861000,0.030555,-0.012182,0.062901,1.248224,0.167284,2.145496
159.879000,0.031498,-0.006076,0.064387,1.242449,0.166846,2.145786
159.901000,0.031438,0.000692,0.066250,1.235535,0.165893,2.146089
159.921000,0.031403,0.005835,0.067698,1.229461,0.164999,2.146328
159.939000,0.030517,0.009447,0.068987,1.224267,0.163932,2.146528
159.961000,0.028659,0.013546,0.070222,1.217996,0.162365,2.146745
159.979000,0.026955,0.016314,0.071399,1.213073,0.161002,2.146942
160.001000,0.023429,0.019402,0.072276,1.207168,0.158915,2.147208
160.022000,0.019941,0.021923,0.072916,1.201785,0.156837,2.147475
160.039000,0.017273,0.023886,0.073440,1.197493,0.155158,2.147658
160.061000,0.013831,0.026329,0.073680,1.192086,0.152937,2.147884
160.079000,0.010181,0.028293,0.074124,1.187769,0.150850,2.148057
160.101000,0.006038,0.030889,0.073802,1.182527,0.148327,2.148258
160.121000,0.003346,0.032699,0.073323,1.178012,0.146282,2.148428
160.139000,0.001897,0.033990,0.072703,1.174129,0.144692,2.148600
160.161000,0.000426,0.035563,0.071661,1.169542,0.142771,2.148778
160.179000,-0.000612,0.036847,0.070606,1.165919,0.141213,2.148880
160.201000,-0.000973,0.038399,0.068882,1.161660,0.139574,2.148947
160.221000,-0.001185,0.040019,0.067277,1.157887,0.138118,2.148965
160.239000,-0.001331,0.041820,0.065607,1.154530,0.136848,2.148967
160.261000,-0.002073,0.043920,0.063504,1.150696,0.135175,2.148941
160.279000,-0.002663,0.045489,0.061598,1.147753,0.133848,2.148866
160.301000,-0.003286,0.047157,0.059246,1.144429,0.132361,2.148732
160.321000,-0.004325,0.048772,0.056980,1.141548,0.130934,2.148545
160.339000,-0.005752,0.050270,0.054826,1.139116,0.129577,2.148343
160.361000,-0.008415,0.052242,0.052127,1.136347,0.127744,2.148086
160.379000,-0.009926,0.053705,0.049951,1.134277,0.126492,2.147860
160.401000,-0.011686,0.055215,0.047165,1.132054,0.125082,2.147586
160.421000,-0.013389,0.056389,0.044587,1.130294,0.123870,2.147330
160.439000,-0.015799,0.057475,0.042578,1.128856,0.122614,2.147090
160.459000,-0.019075,0.058740,0.039818,1.127431,0.121184,2.146825
160.479000,-0.022382,0.059132,0.037419,1.126407,0.119856,2.146485
160.501000,-0.025238,0.058663,0.034310,1.125748,0.118765,2.146077
160.521000,-0.028261,0.057790,0.031693,1.125489,0.117754,2.145633
160.541000,-0.030817,0.057049,0.028799,1.125404,0.116982,2.145192
160.561000,-0.032940,0.056144,0.026209,1.125561,0.116436,2.144777
160.579000,-0.034449,0.055416,0.023891,1.125818,0.116186,2.144404
160.601000,-0.036943,0.054573,0.020869,1.126337,0.115822,2.143926
160.621000,-0.038952,0.053394,0.018145,1.127090,0.115695,2.143421
160.641000,-0.039896,0.051453,0.015842,1.128237,0.115949,2.142886
160.659000,-0.039723,0.049209,0.013797,1.129545,0.116555,2.142401
160.681000,-0.038885,0.046517,0.011106,1.131287,0.117627,2.141796
160.701000,-0.038538,0.044275,0.008898,1.132958,0.118654,2.141205
160.721000,-0.038681,0.042172,0.007118,1.134734,0.119687,2.140620
160.739000,-0.037845,0.039889,0.005458,1.136527,0.121008,2.140062
160.761000,-0.036809,0.036410,0.004015,1.139019,0.122815,2.139360
160.779000,-0.036478,0.032538,0.002928,1.141438,0.124262,2.138719
160.801000,-0.035649,0.027402,0.001574,1.144608,0.126274,2.137846
160.821000,-0.033632,0.022583,0.000564,1.147641,0.128558,2.137063
160.842000,-0.031205,0.018010,-0.000360,1.150778,0.131134,2.136234
160.861000,-0.028080,0.014271,-0.001221,1.153605,0.133812,2.135429
160.879000,-0.024838,0.011546,-0.001850,1.156126,0.136467,2.134697
160.901000,-0.021205,0.008837,-0.002526,1.159106,0.139717,2.133881
160.921000,-0.017360,0.006618,-0.003220,1.161807,0.142922,2.133130
160.941000,-0.013479,0.004606,-0.003594,1.164508,0.146208,2.132356
160.961000,-0.010448,0.002784,-0.004071,1.167210,0.149310,2.131602
160.979000,-0.007570,0.001756,-0.004670,1.169472,0.152189,2.130930
161.001000,-0.002717,0.000333,-0.005208,1.172383,0.156104,2.130113
161.021000,0.001251,-0.000551,-0.005688,1.174972,0.159527,2.129377
161.039000,0.004256,-0.000572,-0.005874,1.177076,0.162463,2.128707
161.059000,0.006973,-0.000069,-0.006101,1.179264,0.165580,2.127974
161.079000,0.009343,0.000829,-0.006268,1.181331,0.168644,2.127270
161.101000,0.011255,0.001869,-0.005912,1.183602,0.171806,2.126496
161.121000,0.013213,0.003051,-0.005685,1.185607,0.174752,2.125850
161.139000,0.014696,0.004188,-0.005144,1.187364,0.177306,2.125268
161.161000,0.015358,0.005775,-0.004264,1.189424,0.180154,2.124655
161.179000,0.014890,0.006085,-0.003718,1.191387,0.182222,2.124218
161.201000,0.014235,0.006486,-0.002359,1.193717,0.184717,2.123680
161.221000,0.013625,0.006485,-0.001262,1.195951,0.186924,2.123278
161.239000,0.013222,0.006184,-0.000268,1.198052,0.188936,2.122886
161.261000,0.012850,0.006123,0.001107,1.200579,0.191383,2.122486
161.279000,0.012768,0.006092,0.002299,1.202613,0.193379,2.122144
161.301000,0.013203,0.006388,0.004121,1.204945,0.195880,2.121690
161.321000,0.013536,0.006067,0.005313,1.207252,0.198071,2.121229
161.339000,0.013716,0.005467,0.006688,1.209428,0.199953,2.120790
161.361000,0.014986,0.004578,0.008148,1.212162,0.202467,2.120276
161.379000,0.016491,0.004095,0.009510,1.214316,0.204660,2.119885
161.401000,0.016806,0.003738,0.010986,1.216929,0.206836,2.119397
161.421000,0.016787,0.004056,0.012393,1.219113,0.208701,2.118959
161.439000,0.017131,0.004193,0.013952,1.221135,0.210454,2.118605
161.461000,0.018177,0.004027,0.015779,1.223655,0.212685,2.118210
161.479000,0.018618,0.003920,0.017416,1.225641,0.214426,2.117917
161.501000,0.016738,0.003034,0.019019,1.228358,0.215858,2.117560
161.521000,0.015389,0.002381,0.020813,1.230738,0.217244,2.117213
161.539000,0.014699,0.001569,0.022385,1.232944,0.218593,2.116893
161.561000,0.014371,0.000917,0.023996,1.235545,0.220304,2.116580
161.579000,0.013411,0.000524,0.025463,1.237583,0.221464,2.116358
161.601000,0.012630,-0.000426,0.026820,1.240174,0.222901,2.116152
161.621000,0.012985,-0.002208,0.028303,1.242734,0.224489,2.116072
161.641000,0.012500,-0.004112,0.029410,1.245271,0.225805,2.116061
161.659000,0.012241,-0.005879,0.030357,1.247532,0.227006,2.116106
161.679000,0.012711,-0.007953,0.031472,1.250038,0.228509,2.116210
161.701000,0.013155,-0.009896,0.032404,1.252671,0.230108,2.116341
161.721000,0.012963,-0.011207,0.033014,1.254923,0.231338,2.116513
161.739000,0.012611,-0.011966,0.033437,1.256823,0.232348,2.116706
161.759000,0.012502,-0.012146,0.033659,1.258715,0.233485,2.116993
161.779000,0.012745,-0.012194,0.034206,1.260562,0.234655,2.117284
161.801000,0.012853,-0.011173,0.034221,1.262263,0.235814,2.117648
161.821000,0.012967,-0.009502,0.034328,1.263537,0.236831,2.118013
161.841000,0.012976,-0.007592,0.034396,1.264684,0.237778,2.118461
161.861000,0.013354,-0.005702,0.034533,1.265770,0.238821,2.118986
161.879000,0.012631,-0.004538,0.034609,1.266856,0.239467,2.119533
161.901000,0.011175,-0.003511,0.034261,1.268207,0.240066,2.120204
161.921000,0.010946,-0.003004,0.033972,1.269546,0.240832,2.120852
161.939000,0.011368,-0.002398,0.033700,1.270661,0.241640,2.121497
161.961000,0.011388,-0.001361,0.033038,1.271927,0.242455,2.122372
161.979000,0.010896,0.000210,0.032354,1.272719,0.242925,2.123097
162.001000,0.010448,0.002253,0.031241,1.273677,0.243521,2.124013
162.021000,0.010546,0.004298,0.030130,1.274500,0.244169,2.124836
162.042000,0.011130,0.006739,0.029078,1.275256,0.244941,2.125722
162.061000,0.011466,0.008769,0.027934,1.275990,0.245576,2.126525
162.079000,0.011136,0.010784,0.026658,1.276664,0.245985,2.127311
162.101000,0.010297,0.013057,0.025248,1.277540,0.246349,2.128281
162.121000,0.010165,0.015179,0.023787,1.278338,0.246819,2.129166
162.139000,0.010194,0.017069,0.022696,1.279070,0.247257,2.129969
162.161000,0.009833,0.019282,0.020955,1.280023,0.247655,2.130917
162.179000,0.009565,0.020963,0.019568,1.280869,0.247933,2.131678
162.201000,0.009922,0.022935,0.018038,1.281936,0.248432,2.132644
162.221000,0.009569,0.024314,0.016324,1.283092,0.248701,2.133536
162.242000,0.009028,0.026121,0.014601,1.284263,0.248907,2.134515
162.259000,0.009176,0.027872,0.013281,1.285167,0.249234,2.135315
162.279000,0.008974,0.029866,0.011798,1.286326,0.249491,2.136300
162.301000,0.008514,0.031920,0.009928,1.287664,0.249728,2.137369
162.321000,0.008235,0.033255,0.008318,1.289077,0.249975,2.138334
162.339000,0.007879,0.033899,0.006786,1.290540,0.250164,2.139198
162.361000,0.007496,0.034528,0.005101,1.292391,0.250366,2.140255
162.379000,0.007415,0.034065,0.003871,1.294222,0.250579,2.141107
162.401000,0.007007,0.033236,0.002494,1.296543,0.250779,2.142094
162.421000,0.006611,0.032439,0.001244,1.298702,0.250932,2.143041
162.439000,0.006131,0.031019,0.000143,1.300895,0.251015,2.143850
162.461000,0.006445,0.029034,-0.001415,1.303685,0.251378,2.144791
162.479000,0.006768,0.027393,-0.002523,1.305985,0.251653,2.145494
162.501000,0.007315,0.024572,-0.003829,1.309089,0.251962,2.146374
162.521000,0.008046,0.021764,-0.004888,1.311990,0.252267,2.147164
162.541000,0.009128,0.019064,-0.006025,1.314907,0.252655,2.147954
162.561000,0.009957,0.016115,-0.007127,1.317917,0.252950,2.148733
162.579000,0.010503,0.013342,-0.007825,1.320663,0.253145,2.149405
162.601000,0.011505,0.010363,-0.008900,1.323921,0.253451,2.150189
162.622000,0.012548,0.007352,-0.009732,1.327094,0.253714,2.150857
162.639000,0.013645,0.005319,-0.010272,1.329543,0.253965,2.151376
162.661000,0.015288,0.002755,-0.011144,1.332746,0.254323,2.152074
162.679000,0.016737,0.001315,-0.012001,1.335167,0.254626,2.152652
162.701000,0.017976,0.000105,-0.012512,1.337910,0.254829,2.153339
162.721000,0.018524,-0.000948,-0.013143,1.340364,0.254859,2.153977
162.739000,0.018439,-0.002061,-0.013743,1.342547,0.254710,2.154558
162.759000,0.018580,-0.003742,-0.014066,1.345044,0.254584,2.155175
162.779000,0.018784,-0.005787,-0.014434,1.347564,0.254453,2.155772
162.801000,0.018208,-0.008063,-0.014523,1.350217,0.254017,2.156389
162.821000,0.018149,-0.010189,-0.014613,1.352555,0.253696,2.156893
162.839000,0.018082,-0.012664,-0.014619,1.354740,0.253370,2.157321
162.859000,0.017528,-0.015492,-0.014567,1.357078,0.252824,2.157752
162.879000,0.017280,-0.018408,-0.014449,1.359344,0.252315,2.158162
162.901000,0.016941,-0.021566,-0.014408,1.361706,0.251681,2.158572
162.921000,0.016465,-0.024305,-0.014546,1.363690,0.251006,2.158954
162.939000,0.015627,-0.027031,-0.014442,1.365435,0.250271,2.159249
162.961000,0.014546,-0.029912,-0.014385,1.367306,0.249297,2.159634
162.979000,0.014018,-0.032358,-0.014245,1.368700,0.248580,2.159942
163.001000,0.013278,-0.035081,-0.014059,1.370216,0.247657,2.160347
163.021000,0.012504,-0.037544,-0.013792,1.371361,0.246746,2.160724
163.039000,0.012146,-0.040326,-0.013527,1.372433,0.246016,2.161061
163.059000,0.011239,-0.043459,-0.012993,1.373503,0.245064,2.161439
163.079000,0.010095,-0.046130,-0.012588,1.374290,0.244051,2.161798
163.101000,0.008478,-0.048724,-0.011949,1.374845,0.242839,2.162183
163.121000,0.006917,-0.050644,-0.011303,1.375070,0.241670,2.162534
163.141000,0.005745,-0.052041,-0.010872,1.374919,0.240589,2.162813
163.161000,0.005005,-0.053545,-0.010012,1.374652,0.239599,2.163007
163.179000,0.004462,-0.054549,-0.009246,1.374158,0.238729,2.163141
163.201000,0.003738,-0.055537,-0.008242,1.373273,0.237676,2.163212
163.222000,0.002382,-0.056015,-0.007330,1.372108,0.236491,2.163219
163.241000,0.001426,-0.056205,-0.006626,1.370824,0.235511,2.163194
163.261000,0.000487,-0.055941,-0.005760,1.369140,0.234465,2.163136
163.279000,0.000193,-0.055597,-0.004987,1.367442,0.233649,2.163062
163.301000,0.000727,-0.055045,-0.004447,1.365108,0.232861,2.162904
163.321000,0.001039,-0.054309,-0.003732,1.362726,0.232108,2.162676
163.339000,0.001213,-0.053440,-0.003345,1.360398,0.231402,2.162357
163.361000,0.001835,-0.052346,-0.003043,1.357403,0.230664,2.161879
163.379000,0.002460,-0.051344,-0.002727,1.354803,0.230093,2.161405
163.401000,0.003680,-0.049436,-0.002226,1.351249,0.229529,2.160801
163.421000,0.004492,-0.047342,-0.001780,1.347790,0.228917,2.160246
163.439000,0.005270,-0.044622,-0.001537,1.344325,0.228414,2.159759
163.461000,0.005712,-0.041008,-0.000728,1.339913,0.227682,2.159108
163.479000,0.006241,-0.037864,-0.000154,1.336192,0.227119,2.158514
163.501000,0.007216,-0.033058,0.000748,1.331253,0.226547,2.157790
163.521000,0.007202,-0.027998,0.001584,1.326504,0.225717,2.157068
163.541000,0.007955,-0.022556,0.003059,1.321542,0.225164,2.156475
163.561000,0.008851,-0.016994,0.004137,1.316486,0.224581,2.155894
163.579000,0.009377,-0.012092,0.004699,1.311908,0.223966,2.155406
163.601000,0.009927,-0.006273,0.006017,1.306362,0.223154,2.154821
163.621000,0.010773,-0.001007,0.007322,1.301320,0.222496,2.154298
163.639000,0.011534,0.003507,0.008673,1.296856,0.221885,2.153804
163.659000,0.012632,0.008664,0.010000,1.291831,0.221217,2.153309
163.681000,0.014037,0.013767,0.011515,1.286482,0.220500,2.152860
163.701000,0.015023,0.018453,0.012782,1.281657,0.219757,2.152443
163.721000,0.015684,0.022688,0.013963,1.277062,0.218904,2.152019
163.739000,0.016091,0.026583,0.015245,1.272987,0.218074,2.151711
163.761000,0.015925,0.031951,0.016460,1.267968,0.216826,2.151339
163.779000,0.015361,0.036700,0.017528,1.263879,0.215658,2.151017
163.801000,0.014954,0.042643,0.018589,1.258973,0.214250,2.150701
163.822000,0.015622,0.047707,0.019436,1.254603,0.213130,2.150363
163.839000,0.015991,0.051251,0.020040,1.251357,0.212190,2.150109
163.861000,0.014751,0.056106,0.020653,1.247282,0.210421,2.149857
163.879000,0.014555,0.059863,0.021014,1.244160,0.209202,2.149652
163.901000,0.013257,0.063823,0.021469,1.240721,0.207416,2.149447
163.921000,0.012198,0.066989,0.021632,1.237893,0.205823,2.149269
163.939000,0.011364,0.069510,0.021831,1.235593,0.204393,2.149100
163.961000,0.010015,0.071384,0.021900,1.233319,0.202541,2.148868
163.979000,0.009056,0.072465,0.022108,1.231732,0.201066,2.148653
164.001000,0.007510,0.072826,0.022118,1.230265,0.199135,2.148410
164.021000,0.006500,0.072444,0.022145,1.229310,0.197503,2.148182
164.039000,0.005332,0.071295,0.022230,1.228850,0.195999,2.147975
164.061000,0.003098,0.069827,0.022126,1.228522,0.194018,2.147697
164.079000,0.000973,0.068395,0.022059,1.228549,0.192377,2.147490
164.101000,-0.001927,0.066679,0.021944,1.228803,0.190319,2.147244
164.121000,-0.004883,0.065057,0.021819,1.229248,0.188394,2.147088
164.139000,-0.006753,0.063014,0.021401,1.229958,0.186923,2.146976
164.161000,-0.008601,0.059515,0.021107,1.231277,0.185282,2.146893
164.179000,-0.010546,0.056507,0.020700,1.232553,0.183906,2.146860
164.201000,-0.012836,0.052704,0.020467,1.234345,0.182347,2.146874
164.221000,-0.014750,0.049109,0.020115,1.236141,0.181061,2.146909
164.239000,-0.016394,0.045672,0.019971,1.237940,0.179940,2.146981
164.259000,-0.017337,0.041666,0.019881,1.240103,0.179020,2.147031
164.279000,-0.018120,0.037613,0.019702,1.242419,0.178242,2.147121
164.301000,-0.019773,0.033377,0.019266,1.245021,0.177228,2.147252
164.321000,-0.020059,0.029268,0.019225,1.247490,0.176764,2.147384
164.341000,-0.020048,0.024882,0.019208,1.250079,0.176441,2.147543
164.361000,-0.020738,0.020210,0.019116,1.252756,0.176024,2.147719
164.379000,-0.020345,0.015397,0.019173,1.255377,0.175976,2.147883
164.401000,-0.019037,0.009775,0.019267,1.258505,0.176275,2.148159
164.421000,-0.018916,0.004678,0.019534,1.261322,0.176336,2.148468
164.441000,-0.018247,-0.000778,0.019647,1.264226,0.176654,2.148804
164.461000,-0.016536,-0.006380,0.019915,1.267146,0.177350,2.149171
164.479000,-0.015317,-0.011112,0.020180,1.269646,0.178006,2.149519
164.501000,-0.014814,-0.016382,0.020015,1.272491,0.178668,2.150042
164.521000,-0.014330,-0.021118,0.020072,1.274993,0.179353,2.150487
164.539000,-0.013526,-0.025405,0.020361,1.277185,0.180154,2.150895
164.561000,-0.012430,-0.030190,0.020300,1.279611,0.181220,2.151411
164.579000,-0.011428,-0.034077,0.020239,1.281466,0.182174,2.151818
164.601000,-0.010250,-0.038499,0.020012,1.283519,0.183427,2.152250
164.621000,-0.008806,-0.042207,0.019541,1.285181,0.184732,2.152565
164.643000,-0.006801,-0.045958,0.019166,1.286747,0.186301,2.152899
164.661000,-0.005061,-0.048749,0.018972,1.287814,0.187663,2.153116
164.679000,-0.003159,-0.051145,0.018431,1.288661,0.189152,2.153285
164.701000,-0.001675,-0.053127,0.017815,1.289265,0.190800,2.153427
164.721000,-0.000671,-0.053408,0.017511,1.289228,0.192269,2.153474
164.739000,0.000062,-0.053043,0.017116,1.288900,0.193583,2.153430
164.761000,0.001452,-0.052687,0.016686,1.288340,0.195321,2.153343
164.779000,0.002783,-0.051975,0.016410,1.287576,0.196814,2.153257
164.801000,0.004587,-0.051092,0.015980,1.286498,0.198686,2.153108
164.821000,0.006609,-0.049351,0.015685,1.285124,0.200490,2.152878
164.839000,0.008248,-0.047202,0.015602,1.283614,0.202017,2.152641
164.859000,0.010483,-0.043717,0.015387,1.281507,0.203840,2.152348
164.879000,0.012221,-0.039842,0.015302,1.279177,0.205510,2.151991
164.901000,0.013904,-0.035225,0.015247,1.276357,0.207263,2.151597
164.921000,0.015689,-0.030605,0.015195,1.273559,0.208960,2.151282
164.939000,0.016802,-0.026206,0.015052,1.270886,0.210373,2.150988
164.961000,0.016747,-0.020194,0.015238,1.267324,0.211766,2.150702
164.979000,0.015491,-0.014748,0.015271,1.264161,0.212537,2.150525
165.001000,0.014081,-0.008398,0.015231,1.260260,0.213485,2.150352
165.021000,0.013589,-0.004636,0.015500,1.257156,0.214534,2.150224
165.041000,0.013658,-0.001637,0.015370,1.254204,0.215737,2.150119
165.061000,0.013236,0.001794,0.015349,1.251065,0.216772,2.150016
165.079000,0.012355,0.004322,0.015371,1.248325,0.217595,2.149878
165.101000,0.011151,0.006876,0.015476,1.245092,0.218577,2.149661
165.121000,0.009707,0.008626,0.015723,1.242275,0.219396,2.149432
165.141000,0.008190,0.010337,0.015993,1.239421,0.220195,2.149143
165.159000,0.007174,0.010840,0.016389,1.237119,0.220994,2.148823
165.179000,0.006182,0.010678,0.016778,1.234724,0.221903,2.148370
165.201000,0.005313,0.010429,0.017181,1.232107,0.222965,2.147741
165.219000,0.003954,0.009446,0.017497,1.230210,0.223660,2.147056
165.240000,0.003185,0.008782,0.018079,1.227802,0.224757,2.146270
165.261000,0.002151,0.006853,0.018613,1.225757,0.225777,2.145417
165.279000,0.001580,0.005200,0.019203,1.224014,0.226756,2.144698
165.301000,0.000691,0.003533,0.019724,1.221769,0.227906,2.143817
165.321000,0.000413,0.001650,0.020144,1.219843,0.229083,2.142922
165.341000,0.000840,-0.000668,0.020758,1.218081,0.230411,2.142044
165.361000,0.002244,-0.002630,0.021337,1.216209,0.232008,2.141162
165.379000,0.003663,-0.003934,0.021801,1.214388,0.233508,2.140410
165.401000,0.004396,-0.005117,0.022545,1.212042,0.235070,2.139414
165.421000,0.004827,-0.005986,0.023266,1.209860,0.236452,2.138560
165.439000,0.005662,-0.006627,0.023679,1.207868,0.237839,2.137770
165.459000,0.007227,-0.006980,0.024248,1.205521,0.239564,2.136898
165.479000,0.008982,-0.007550,0.024848,1.203228,0.241384,2.136051
165.501000,0.010230,-0.007766,0.025157,1.200595,0.243208,2.135058
165.521000,0.010587,-0.007743,0.025731,1.198132,0.244677,2.134197
165.539000,0.010370,-0.007733,0.026290,1.195892,0.245859,2.133388
165.561000,0.010571,-0.007860,0.026857,1.193197,0.247451,2.132337
165.579000,0.011343,-0.007854,0.027400,1.190965,0.248921,2.131513
165.601000,0.012945,-0.006725,0.028210,1.187932,0.250805,2.130437
165.621000,0.014556,-0.004807,0.029134,1.184965,0.252513,2.129476
165.639000,0.015838,-0.002365,0.029828,1.182107,0.253971,2.128622
165.661000,0.017439,0.000619,0.030936,1.178632,0.255704,2.127632
165.681000,0.019304,0.003789,0.032164,1.175359,0.257366,2.126818
165.701000,0.021500,0.007363,0.033253,1.171971,0.259106,2.126106
165.721000,0.022918,0.010909,0.034369,1.168644,0.260610,2.125505
165.739000,0.023720,0.014444,0.035102,1.165605,0.261812,2.125045
165.761000,0.024162,0.018578,0.036170,1.162011,0.263041,2.124547
165.779000,0.024940,0.022008,0.037140,1.159125,0.264124,2.124261
165.801000,0.026681,0.025953,0.038671,1.155760,0.265599,2.123973
165.822000,0.028487,0.029712,0.039627,1.152675,0.266954,2.123722
165.839000,0.029237,0.033121,0.040427,1.150158,0.267799,2.123546
165.861000,0.029408,0.037855,0.041590,1.146946,0.268593,2.123336
165.879000,0.029217,0.042042,0.042556,1.144331,0.269043,2.123140
165.904000,0.030860,0.047167,0.044156,1.141015,0.270064,2.122889
165.921000,0.032377,0.049823,0.045136,1.139115,0.270795,2.122713
165.941000,0.032601,0.052515,0.046399,1.137133,0.271150,2.122493
165.959000,0.032828,0.054737,0.047517,1.135563,0.271422,2.122325
165.979000,0.033689,0.057316,0.049108,1.133957,0.271809,2.122197
166.001000,0.034523,0.060041,0.050593,1.132447,0.272170,2.122138
166.021000,0.033407,0.062185,0.051899,1.131373,0.271893,2.122063
166.039000,0.032191,0.064020,0.052975,1.130630,0.271508,2.122023
166.059000,0.031599,0.066326,0.054398,1.129895,0.271171,2.122015
166.079000,0.032134,0.068640,0.055636,1.129340,0.271062,2.122063
166.101000,0.031526,0.070594,0.056866,1.129174,0.270500,2.122053
166.121000,0.030509,0.072178,0.057850,1.129363,0.269763,2.122043
166.139000,0.030621,0.074034,0.058675,1.129596,0.269311,2.122076
166.161000,0.031118,0.076873,0.059587,1.130042,0.268783,2.122210
166.179000,0.030760,0.079721,0.060214,1.130509,0.268073,2.122400
166.201000,0.029655,0.084204,0.061014,1.131096,0.266946,2.122808
166.221000,0.028312,0.088726,0.061788,1.131726,0.265711,2.123226
166.239000,0.027555,0.091161,0.062227,1.132916,0.264735,2.123591
166.259000,0.027022,0.092300,0.062611,1.134871,0.263691,2.123999
166.279000,0.026766,0.094083,0.062991,1.136909,0.262644,2.124488
166.301000,0.024611,0.095966,0.062173,1.139537,0.260808,2.124990
166.321000,0.024247,0.096786,0.062281,1.142342,0.259576,2.125556
166.339000,0.025031,0.096739,0.062351,1.145245,0.258689,2.126130
166.361000,0.024927,0.095646,0.062361,1.149357,0.257239,2.126850
166.379000,0.024810,0.094516,0.062459,1.152979,0.255963,2.127481
166.401000,0.025548,0.091983,0.062862,1.157982,0.254545,2.128368
166.421000,0.026358,0.088704,0.063086,1.163034,0.253253,2.129263
166.439000,0.026601,0.086078,0.063023,1.167646,0.251876,2.130133
166.461000,0.027664,0.081599,0.062930,1.173858,0.250331,2.131223
166.479000,0.028643,0.077487,0.063058,1.179224,0.249017,2.132184
166.501000,0.028655,0.072396,0.063101,1.186000,0.247019,2.133415
166.521000,0.029198,0.067336,0.063102,1.192461,0.245284,2.134607
166.539000,0.029443,0.061768,0.063126,1.198645,0.243606,2.135660
166.561000,0.028869,0.054513,0.063150,1.206495,0.241260,2.137009
166.579000,0.028547,0.049404,0.063439,1.212741,0.239262,2.138142
166.601000,0.028109,0.042133,0.063602,1.220796,0.236715,2.139567
166.621000,0.027473,0.034707,0.064468,1.228419,0.234181,2.140857
166.639000,0.025730,0.027830,0.065353,1.235377,0.231530,2.141982
166.661000,0.023935,0.019915,0.066056,1.243675,0.228392,2.143391
166.679000,0.023308,0.013070,0.066554,1.250516,0.226004,2.144521
166.701000,0.021655,0.004084,0.067640,1.259042,0.222761,2.145897
166.721000,0.020087,-0.003685,0.068758,1.266673,0.219741,2.147161
166.741000,0.018357,-0.010327,0.070079,1.273957,0.216581,2.148420
166.761000,0.016620,-0.016407,0.071537,1.281001,0.213397,2.149591
166.779000,0.014825,-0.021479,0.072668,1.287108,0.210416,2.150589
166.801000,0.011780,-0.027214,0.074529,1.294307,0.206519,2.151801
166.821000,0.008728,-0.032266,0.076067,1.300659,0.202932,2.152776
166.841000,0.005548,-0.037334,0.077737,1.306892,0.199305,2.153657
166.859000,0.003134,-0.041308,0.079300,1.312209,0.196168,2.154382
166.879000,-0.000029,-0.045128,0.080866,1.317779,0.192500,2.155174
166.904000,-0.003780,-0.048501,0.082696,1.323959,0.187944,2.156048
166.921000,-0.006194,-0.050829,0.083911,1.327993,0.184886,2.156642
166.941000,-0.008458,-0.053139,0.085160,1.332359,0.181491,2.157241
166.961000,-0.011859,-0.055702,0.086323,1.336594,0.177928,2.157742
166.979000,-0.015320,-0.057608,0.087023,1.340054,0.174676,2.158128
167.001000,-0.019129,-0.059969,0.087989,1.344009,0.170899,2.158541
167.022000,-0.022547,-0.061342,0.088558,1.347218,0.167403,2.158918
167.039000,-0.025245,-0.062322,0.089011,1.349560,0.164658,2.159133
167.061000,-0.028179,-0.063481,0.089236,1.352231,0.161402,2.159382
167.079000,-0.030528,-0.064227,0.089160,1.354132,0.158870,2.159572
167.101000,-0.033698,-0.064621,0.088622,1.356087,0.155842,2.159847
167.121000,-0.036664,-0.063951,0.088020,1.357283,0.153190,2.160075
167.139000,-0.039109,-0.062929,0.087352,1.358006,0.150935,2.160295
167.161000,-0.041021,-0.061336,0.086527,1.358488,0.148591,2.160624
167.179000,-0.041839,-0.059590,0.085658,1.358503,0.147020,2.160930
167.201000,-0.043341,-0.057119,0.084537,1.358206,0.145110,2.161331
167.221000,-0.044587,-0.054195,0.083031,1.357464,0.143611,2.161667
167.239000,-0.045625,-0.051495,0.081596,1.356567,0.142460,2.161956
167.261000,-0.047027,-0.048171,0.079871,1.355195,0.141214,2.162356
167.279000,-0.047911,-0.045515,0.078213,1.353903,0.140451,2.162717
167.301000,-0.049159,-0.041907,0.076361,1.351997,0.139624,2.163232
167.321000,-0.049081,-0.038604,0.074710,1.350029,0.139411,2.163714
167.339000,-0.048355,-0.035647,0.073232,1.348088,0.139572,2.164162
167.361000,-0.047854,-0.031618,0.071478,1.345419,0.139848,2.164695
167.379000,-0.047335,-0.028598,0.070118,1.343166,0.140264,2.165134
167.401000,-0.046364,-0.025266,0.068498,1.340348,0.141096,2.165650
167.421000,-0.044744,-0.022692,0.066951,1.337739,0.142253,2.166004
167.439000,-0.043502,-0.020792,0.065703,1.335406,0.143405,2.166293
167.459000,-0.042099,-0.018467,0.063962,1.332666,0.144837,2.166586
167.479000,-0.040143,-0.016219,0.062538,1.329834,0.146562,2.166843
167.501000,-0.036892,-0.014278,0.060773,1.326746,0.148962,2.167091
167.521000,-0.034373,-0.012690,0.058999,1.323925,0.151159,2.167213
167.539000,-0.031649,-0.011529,0.057602,1.321413,0.153405,2.167281
167.561000,-0.027758,-0.010278,0.056036,1.318303,0.156431,2.167274
167.579000,-0.024448,-0.008929,0.054832,1.315605,0.159028,2.167199
167.601000,-0.020638,-0.007246,0.053117,1.312273,0.162231,2.167052
167.621000,-0.016760,-0.006027,0.051734,1.309307,0.165335,2.166840
167.639000,-0.012742,-0.005039,0.050663,1.306619,0.168329,2.166607
167.661000,-0.007750,-0.003547,0.049374,1.303256,0.172074,2.166253
167.679000,-0.004752,-0.002253,0.048400,1.300508,0.174797,2.165942
167.701000,-0.000015,-0.000369,0.047264,1.297014,0.178550,2.165510
167.721000,0.004474,0.001327,0.046170,1.293834,0.181979,2.165038
167.739000,0.008561,0.002807,0.045179,1.290988,0.185066,2.164551
167.761000,0.013639,0.004525,0.044069,1.287575,0.188877,2.163892
167.779000,0.017438,0.005892,0.043376,1.284813,0.191853,2.163313
167.801000,0.021976,0.007620,0.042231,1.281453,0.195452,2.162661
167.821000,0.025447,0.009105,0.041131,1.278487,0.198496,2.162032
167.839000,0.028093,0.010713,0.040254,1.275768,0.201053,2.161408
167.861000,0.031016,0.012584,0.039157,1.272517,0.203988,2.160736
167.879000,0.033571,0.014067,0.038267,1.269898,0.206365,2.160194
167.903000,0.036532,0.015618,0.037318,1.266552,0.209303,2.159507
167.921000,0.038326,0.016647,0.036216,1.264066,0.211285,2.159022
167.941000,0.039313,0.016671,0.035184,1.261617,0.213142,2.158533
167.961000,0.040753,0.015433,0.033983,1.259506,0.215033,2.158083
167.979000,0.041830,0.013723,0.033094,1.257784,0.216620,2.157653
168.001000,0.041963,0.011246,0.031952,1.255854,0.218116,2.157157
168.021000,0.041769,0.009265,0.031243,1.254048,0.219255,2.156778
168.041000,0.041420,0.007301,0.030251,1.252261,0.220205,2.156424
168.059000,0.040807,0.005504,0.029295,1.250684,0.220862,2.156095
168.079000,0.040479,0.003568,0.028173,1.248937,0.221572,2.155752
168.101000,0.040606,0.001343,0.027125,1.247089,0.222391,2.155475
168.121000,0.039852,-0.000335,0.026320,1.245357,0.222761,2.155257
168.141000,0.038465,-0.001866,0.025237,1.243592,0.222798,2.155070
168.161000,0.037802,-0.003199,0.023948,1.241800,0.222918,2.154923
168.179000,0.037781,-0.004274,0.023153,1.240145,0.223081,2.154796
168.201000,0.036730,-0.005586,0.022040,1.238159,0.222856,2.154624
168.221000,0.035533,-0.006279,0.020807,1.236190,0.222481,2.154472
168.241000,0.034572,-0.006967,0.019693,1.234226,0.222081,2.154343
168.259000,0.033909,-0.007589,0.018504,1.232496,0.221711,2.154245
168.279000,0.032907,-0.008087,0.017077,1.230557,0.221103,2.154114
168.301000,0.031519,-0.007353,0.015860,1.228081,0.220209,2.153975
168.321000,0.030571,-0.006507,0.014263,1.225785,0.219399,2.153854
168.339000,0.029838,-0.005970,0.013036,1.223768,0.218613,2.153807
168.361000,0.029547,-0.005130,0.011380,1.221293,0.217694,2.153846
168.379000,0.029105,-0.004299,0.010163,1.219252,0.216786,2.153892
168.401000,0.028567,-0.002768,0.008433,1.216587,0.215542,2.153952
168.421000,0.028527,-0.001189,0.006935,1.214118,0.214411,2.154026
168.442000,0.029808,-0.000136,0.005342,1.211746,0.213497,2.154118
168.461000,0.030555,0.000937,0.004190,1.209576,0.212467,2.154214
168.479000,0.030951,0.002298,0.002655,1.207434,0.211367,2.154372
168.501000,0.030914,0.004319,0.001164,1.204756,0.209780,2.154593
168.521000,0.031099,0.006437,-0.000157,1.202274,0.208296,2.154795
168.539000,0.031170,0.008338,-0.001384,1.200095,0.206875,2.154974
168.561000,0.030613,0.010810,-0.002562,1.197449,0.204869,2.155201
168.579000,0.030217,0.012973,-0.003755,1.195298,0.203174,2.155390
168.601000,0.029999,0.015722,-0.004850,1.192692,0.201083,2.155641
168.621000,0.030052,0.018488,-0.005802,1.190288,0.199179,2.155883
168.639000,0.030000,0.020459,-0.006723,1.188339,0.197378,2.156108
168.659000,0.028940,0.022500,-0.007801,1.186242,0.195043,2.156335
168.679000,0.027242,0.023713,-0.008846,1.184423,0.192455,2.156556
168.701000,0.026368,0.024343,-0.010154,1.182733,0.189798,2.156792
168.721000,0.025793,0.024908,-0.011254,1.181282,0.187416,2.157016
168.739000,0.023874,0.025196,-0.011856,1.180079,0.184870,2.157185
168.761000,0.021189,0.025544,-0.012899,1.178681,0.181656,2.157408
168.779000,0.018868,0.025924,-0.013594,1.177566,0.178970,2.157580
168.801000,0.016186,0.026016,-0.014313,1.176395,0.175696,2.157791
168.821000,0.013524,0.026120,-0.014845,1.175376,0.172659,2.157951
168.839000,0.010768,0.025978,-0.015547,1.174590,0.169817,2.158083
168.861000,0.007764,0.024686,-0.016258,1.174076,0.166546,2.158163
168.881000,0.004883,0.023573,-0.016516,1.173659,0.163554,2.158206
168.901000,0.001057,0.022767,-0.017007,1.173245,0.160330,2.158192
168.921000,-0.002900,0.021964,-0.017549,1.172956,0.157112,2.158186
168.939000,-0.005585,0.021656,-0.017730,1.172667,0.154488,2.158124
168.961000,-0.007828,0.022391,-0.017506,1.172070,0.151614,2.157974
168.979000,-0.010250,0.023460,-0.017488,1.171566,0.149214,2.157788
169.001000,-0.014010,0.025274,-0.017402,1.170926,0.146179,2.157530
169.022000,-0.017768,0.026832,-0.017115,1.170446,0.143334,2.157209
169.039000,-0.020028,0.027764,-0.016737,1.170230,0.141318,2.156917
169.061000,-0.022048,0.028826,-0.016400,1.170094,0.139077,2.156485
