time,RIS_roll [rad],RIS_pitch [rad],RIS_yaw [rad],RIS_x [m],RIS_y [m],RIS_z [m]
122.350000,-0.011731,0.015657,-0.020299,-0.242409,-0.051721,2.064790
122.371000,-0.013069,0.015868,-0.019178,-0.241658,-0.054777,2.064784
122.390000,-0.014254,0.016129,-0.018251,-0.240998,-0.057446,2.064795
122.411000,-0.015377,0.016355,-0.017046,-0.240247,-0.060237,2.064759
122.431000,-0.015949,0.016560,-0.015938,-0.239510,-0.062644,2.064764
122.450000,-0.016511,0.016811,-0.014667,-0.238810,-0.064836,2.064711
122.471000,-0.017448,0.017574,-0.013352,-0.238146,-0.067212,2.064687
122.490000,-0.018411,0.018829,-0.012074,-0.237680,-0.069286,2.064660
122.511000,-0.018933,0.020585,-0.010714,-0.237229,-0.071328,2.064652
122.531000,-0.018777,0.022702,-0.009271,-0.236861,-0.072962,2.064716
122.550000,-0.018435,0.025160,-0.008159,-0.236592,-0.074382,2.064814
122.570000,-0.017819,0.028051,-0.006882,-0.236358,-0.075691,2.064975
122.591000,-0.017014,0.031095,-0.005684,-0.236073,-0.076920,2.065170
122.611000,-0.016523,0.033644,-0.004330,-0.235694,-0.078049,2.065297
122.631000,-0.015985,0.035670,-0.003211,-0.235145,-0.079027,2.065422
122.650000,-0.015040,0.037521,-0.002152,-0.234562,-0.079751,2.065503
122.670000,-0.014562,0.039147,-0.001143,-0.233818,-0.080526,2.065572
122.690000,-0.013795,0.040647,-0.000181,-0.232951,-0.081099,2.065592
122.711000,-0.013311,0.042637,0.000752,-0.232085,-0.081659,2.065632
122.731000,-0.014554,0.044661,0.003672,-0.231268,-0.082721,2.065631
122.750000,-0.015071,0.046662,0.006225,-0.230444,-0.083431,2.065658
122.771000,-0.014841,0.047860,0.007431,-0.229117,-0.083737,2.065653
122.790000,-0.014156,0.049082,0.008128,-0.227888,-0.083788,2.065670
122.811000,-0.013641,0.049770,0.009002,-0.226276,-0.083800,2.065729
122.831000,-0.013029,0.050500,0.009545,-0.224682,-0.083663,2.065770
122.850000,-0.012801,0.050344,0.010105,-0.222868,-0.083553,2.065793
122.870000,-0.011773,0.049975,0.010752,-0.220861,-0.083116,2.065869
122.890000,-0.011317,0.048862,0.011529,-0.218563,-0.082755,2.065944
122.911000,-0.010953,0.047407,0.012201,-0.216024,-0.082247,2.066029
122.931000,-0.011501,0.045643,0.012755,-0.213422,-0.081883,2.066127
122.950000,-0.012396,0.043851,0.013235,-0.210886,-0.081525,2.066230
122.970000,-0.012978,0.041619,0.013585,-0.208036,-0.080951,2.066302
122.990000,-0.013323,0.039161,0.013881,-0.205076,-0.080239,2.066410
123.011000,-0.013147,0.036599,0.014103,-0.201893,-0.079234,2.066545
123.031000,-0.013407,0.034510,0.014065,-0.198903,-0.078311,2.066707
123.050000,-0.013516,0.032726,0.014101,-0.196085,-0.077297,2.066913
123.070000,-0.013641,0.030641,0.014124,-0.193008,-0.076156,2.067158
123.090000,-0.013383,0.028646,0.014097,-0.189932,-0.074847,2.067412
123.110000,-0.012971,0.026950,0.013951,-0.186928,-0.073401,2.067692
123.131000,-0.012784,0.025037,0.013801,-0.183700,-0.071877,2.067965
123.150000,-0.012300,0.023362,0.013714,-0.180820,-0.070282,2.068214
123.171000,-0.012291,0.020912,0.013356,-0.177480,-0.068570,2.068457
123.190000,-0.011635,0.019152,0.013162,-0.174615,-0.066765,2.068659
123.211000,-0.011608,0.016686,0.012821,-0.171312,-0.064899,2.068861
123.231000,-0.011142,0.014624,0.012284,-0.168249,-0.062947,2.069054
123.250000,-0.009835,0.013208,0.012069,-0.165550,-0.060775,2.069234
123.271000,-0.008973,0.011543,0.011592,-0.162576,-0.058441,2.069454
123.290000,-0.008601,0.009634,0.011213,-0.159832,-0.056373,2.069639
123.311000,-0.007898,0.007506,0.011034,-0.156858,-0.053938,2.069838
123.331000,-0.005716,0.005113,0.009214,-0.153927,-0.051048,2.070071
123.350000,-0.003554,0.003040,0.007994,-0.151282,-0.048273,2.070250
123.371000,-0.001856,0.000780,0.007988,-0.148502,-0.045447,2.070388
123.390000,-0.000599,-0.001144,0.008023,-0.146075,-0.042939,2.070540
123.411000,0.000737,-0.002969,0.008204,-0.143579,-0.040109,2.070614
123.431000,0.002001,-0.004451,0.008433,-0.141356,-0.037366,2.070682
123.450000,0.003035,-0.005654,0.008756,-0.139430,-0.034759,2.070679
123.471000,0.003577,-0.007832,0.009045,-0.137184,-0.032008,2.070632
123.490000,0.004836,-0.009721,0.009528,-0.135287,-0.029321,2.070563
123.511000,0.006516,-0.011538,0.010144,-0.133403,-0.026273,2.070452
123.531000,0.007859,-0.013516,0.010855,-0.131671,-0.023422,2.070272
123.551000,0.009242,-0.015664,0.011632,-0.130045,-0.020569,2.070069
123.571000,0.010937,-0.017812,0.012516,-0.128548,-0.017625,2.069848
123.590000,0.012351,-0.019667,0.013466,-0.127332,-0.014894,2.069617
123.611000,0.013739,-0.021921,0.014489,-0.126118,-0.011936,2.069286
123.631000,0.015207,-0.024324,0.015622,-0.125082,-0.009108,2.068966
123.650000,0.016956,-0.026845,0.016614,-0.124184,-0.006323,2.068637
123.671000,0.018043,-0.029648,0.017713,-0.123401,-0.003485,2.068188
123.690000,0.019166,-0.032095,0.018720,-0.122870,-0.000913,2.067795
123.711000,0.020936,-0.034356,0.019939,-0.122595,0.002038,2.067360
123.731000,0.022318,-0.036337,0.021218,-0.122550,0.004747,2.066927
123.750000,0.023310,-0.037951,0.022124,-0.122733,0.007179,2.066526
123.771000,0.024444,-0.039289,0.023112,-0.123259,0.009807,2.066107
123.790000,0.025828,-0.040199,0.024191,-0.123969,0.012269,2.065734
123.811000,0.027255,-0.040696,0.025190,-0.125084,0.014885,2.065338
123.831000,0.028225,-0.040176,0.026250,-0.126635,0.017225,2.064934
123.850000,0.028739,-0.039225,0.026991,-0.128392,0.019264,2.064546
123.870000,0.029426,-0.037855,0.027966,-0.130554,0.021412,2.064131
123.890000,0.030204,-0.036083,0.028796,-0.133013,0.023531,2.063713
123.911000,0.030181,-0.034047,0.029586,-0.135846,0.025478,2.063237
123.931000,0.029993,-0.032551,0.030401,-0.138605,0.027246,2.062753
123.950000,0.030431,-0.031520,0.031166,-0.141273,0.029062,2.062294
123.971000,0.030315,-0.030318,0.032046,-0.144411,0.030851,2.061769
123.990000,0.029852,-0.028823,0.032483,-0.147511,0.032297,2.061353
124.011000,0.029029,-0.026761,0.032936,-0.151230,0.033747,2.060874
124.031000,0.028489,-0.024898,0.033491,-0.154884,0.035138,2.060417
124.050000,0.028025,-0.022898,0.034039,-0.158560,0.036407,2.060016
124.070000,0.027177,-0.021235,0.034625,-0.162433,0.037607,2.059592
124.090000,0.026268,-0.020081,0.035227,-0.166270,0.038737,2.059204
124.111000,0.025624,-0.018849,0.035794,-0.170440,0.039936,2.058787
124.131000,0.025093,-0.017487,0.036289,-0.174544,0.041052,2.058361
124.151000,0.024409,-0.016271,0.036690,-0.178665,0.042079,2.057875
124.171000,0.023591,-0.015072,0.036929,-0.182844,0.043003,2.057365
124.190000,0.022873,-0.013859,0.037251,-0.186888,0.043859,2.056894
124.211000,0.023014,-0.011984,0.037489,-0.191515,0.044991,2.056362
124.231000,0.023404,-0.008884,0.037694,-0.196305,0.046085,2.055889
124.250000,0.022625,-0.004617,0.037659,-0.201218,0.046763,2.055431
124.270000,0.021946,-0.000001,0.037761,-0.206437,0.047470,2.054907
124.290000,0.022334,0.004634,0.037878,-0.211661,0.048451,2.054417
124.311000,0.022701,0.009692,0.037998,-0.217184,0.049386,2.053872
124.331000,0.019615,0.014353,0.041512,-0.222499,0.048988,2.053243
124.350000,0.020148,0.018612,0.041514,-0.227364,0.049751,2.052794
124.370000,0.020988,0.022677,0.041577,-0.232356,0.050573,2.052325
124.390000,0.021848,0.026105,0.041633,-0.237123,0.051339,2.051862
124.413000,0.023672,0.029717,0.041774,-0.242478,0.052390,2.051319
124.431000,0.025062,0.031887,0.041676,-0.246425,0.053158,2.050881
124.450000,0.026271,0.033781,0.041621,-0.250399,0.053855,2.050348
124.470000,0.027376,0.035817,0.041543,-0.254466,0.054466,2.049786
124.490000,0.028761,0.037979,0.041420,-0.258434,0.055099,2.049193
124.511000,0.031098,0.041099,0.041389,-0.262795,0.055973,2.048617
124.531000,0.033448,0.044631,0.041381,-0.266934,0.056786,2.048066
124.550000,0.034504,0.047791,0.041514,-0.270635,0.057166,2.047437
124.571000,0.033312,0.050367,0.041160,-0.274288,0.056962,2.046671
124.590000,0.032119,0.052580,0.040906,-0.277424,0.056718,2.045957
124.611000,0.031871,0.054873,0.041039,-0.280680,0.056672,2.045216
124.631000,0.031447,0.056598,0.041053,-0.283506,0.056502,2.044515
124.650000,0.030228,0.057720,0.040642,-0.285904,0.056054,2.043879
124.671000,0.029663,0.058806,0.040462,-0.288397,0.055674,2.043223
124.690000,0.029451,0.058240,0.040274,-0.290096,0.055376,2.042637
124.711000,0.028952,0.057249,0.039755,-0.291741,0.054918,2.042056
124.731000,0.028491,0.055958,0.039548,-0.293054,0.054461,2.041525
124.750000,0.027321,0.054528,0.039123,-0.294098,0.053802,2.041008
124.770000,0.026026,0.052089,0.038569,-0.294708,0.053018,2.040435
124.790000,0.024693,0.049363,0.038021,-0.295034,0.052149,2.039958
124.811000,0.023294,0.047457,0.037523,-0.295552,0.051237,2.039544
124.831000,0.022154,0.045838,0.037039,-0.295914,0.050414,2.039185
124.850000,0.021069,0.044717,0.036589,-0.296240,0.049601,2.038823
124.870000,0.019779,0.043593,0.036170,-0.296430,0.048713,2.038488
124.890000,0.017974,0.042708,0.035671,-0.296532,0.047716,2.038154
124.911000,0.015465,0.042316,0.035081,-0.296610,0.046524,2.037832
124.931000,0.012765,0.042577,0.034505,-0.296713,0.045322,2.037572
124.950000,0.009461,0.043045,0.034028,-0.296753,0.044001,2.037324
124.970000,0.005738,0.043489,0.033374,-0.296652,0.042622,2.037071
124.990000,0.002168,0.043713,0.032752,-0.296375,0.041327,2.036839
125.011000,-0.001044,0.043927,0.031805,-0.295944,0.040175,2.036626
125.031000,-0.004385,0.044338,0.031061,-0.295495,0.039055,2.036470
125.050000,-0.007502,0.044446,0.030351,-0.294887,0.038062,2.036382
125.071000,-0.010551,0.044508,0.029733,-0.294118,0.037136,2.036330
125.090000,-0.013099,0.044785,0.029091,-0.293386,0.036442,2.036427
125.111000,-0.015938,0.045115,0.028285,-0.292513,0.035776,2.036603
125.131000,-0.018706,0.044539,0.027355,-0.291385,0.035242,2.036840
125.150000,-0.020707,0.043697,0.026357,-0.290177,0.034988,2.037138
125.171000,-0.022850,0.042779,0.025211,-0.288768,0.034833,2.037521
125.190000,-0.024782,0.041762,0.023906,-0.287371,0.034840,2.037943
125.211000,-0.026154,0.040572,0.022339,-0.285743,0.035147,2.038468
125.231000,-0.026943,0.039187,0.020773,-0.284082,0.035735,2.039010
125.250000,-0.027973,0.037567,0.019108,-0.282339,0.036350,2.039582
125.271000,-0.028634,0.035934,0.017068,-0.280403,0.037286,2.040248
125.290000,-0.028705,0.034954,0.014889,-0.278711,0.038382,2.040921
125.311000,-0.028029,0.034399,0.012404,-0.276920,0.039908,2.041685
125.331000,-0.026676,0.034224,0.009779,-0.275259,0.041660,2.042448
125.350000,-0.025113,0.034081,0.007021,-0.273628,0.043464,2.043203
125.371000,-0.022760,0.033696,0.003931,-0.271727,0.045713,2.044051
125.390000,-0.019076,0.032849,-0.000437,-0.269769,0.048362,2.044814
125.411000,-0.015038,0.031790,-0.005294,-0.267549,0.051363,2.045654
125.431000,-0.011885,0.031158,-0.008577,-0.265563,0.053989,2.046416
125.450000,-0.008636,0.030660,-0.011770,-0.263671,0.056663,2.047162
125.471000,-0.005680,0.029699,-0.015736,-0.261457,0.059502,2.047937
125.490000,-0.002685,0.028705,-0.019416,-0.259412,0.062238,2.048574
125.511000,0.000619,0.027347,-0.023695,-0.257039,0.065296,2.049300
125.531000,0.003973,0.026356,-0.027844,-0.254831,0.068293,2.049929
125.550000,0.007183,0.025220,-0.031912,-0.252676,0.071153,2.050518
125.571000,0.011231,0.023799,-0.036410,-0.250219,0.074453,2.051134
125.590000,0.015230,0.022647,-0.040503,-0.248029,0.077496,2.051688
125.611000,0.019396,0.020903,-0.044999,-0.245448,0.080736,2.052314
125.631000,0.023800,0.019431,-0.049387,-0.243009,0.083905,2.052946
125.650000,0.028060,0.018362,-0.053329,-0.240777,0.086904,2.053548
125.671000,0.032185,0.017622,-0.057928,-0.238431,0.090030,2.054169
125.690000,0.034591,0.017317,-0.062198,-0.236413,0.092430,2.054705
125.711000,0.037189,0.017398,-0.066879,-0.234332,0.094978,2.055292
125.731000,0.040740,0.017307,-0.070890,-0.232285,0.097579,2.055839
125.750000,0.044324,0.017176,-0.074416,-0.230324,0.099990,2.056388
125.770000,0.046944,0.017253,-0.077993,-0.228347,0.102140,2.056936
125.790000,0.048997,0.017695,-0.081535,-0.226460,0.104003,2.057477
125.811000,0.051154,0.018822,-0.084925,-0.224686,0.105864,2.058057
125.831000,0.052834,0.019934,-0.088036,-0.223009,0.107410,2.058620
125.850000,0.053798,0.020868,-0.090658,-0.221419,0.108560,2.059124
125.870000,0.054707,0.021690,-0.093054,-0.219756,0.109622,2.059617
125.890000,0.055223,0.021937,-0.095401,-0.217977,0.110421,2.060072
125.911000,0.055612,0.021857,-0.097312,-0.216075,0.111075,2.060450
125.931000,0.055557,0.021440,-0.099062,-0.214230,0.111382,2.060701
125.950000,0.055757,0.020852,-0.100443,-0.212463,0.111550,2.060859
125.970000,0.056603,0.019961,-0.101611,-0.210579,0.111705,2.060962
125.990000,0.057260,0.018193,-0.102600,-0.208520,0.111617,2.060957
126.011000,0.057557,0.016167,-0.103343,-0.206418,0.111243,2.060862
126.031000,0.057250,0.013136,-0.103820,-0.204253,0.110559,2.060664
126.050000,0.057519,0.009614,-0.103961,-0.202042,0.109924,2.060458
126.071000,0.056732,0.006122,-0.104073,-0.199792,0.108798,2.060225
126.090000,0.055302,0.003533,-0.103807,-0.197995,0.107470,2.059978
126.111000,0.053927,0.001215,-0.103644,-0.196206,0.105911,2.059803
126.131000,0.052564,-0.001096,-0.103319,-0.194533,0.104252,2.059690
126.150000,0.051001,-0.003180,-0.103088,-0.193039,0.102477,2.059638
126.171000,0.049296,-0.005169,-0.102788,-0.191490,0.100399,2.059605
126.190000,0.047865,-0.006479,-0.102380,-0.190261,0.098434,2.059659
126.213000,0.045659,-0.007081,-0.101881,-0.189115,0.095828,2.059742
126.231000,0.043390,-0.006535,-0.101269,-0.188582,0.093547,2.059848
126.250000,0.041194,-0.005351,-0.100637,-0.188248,0.091102,2.059937
126.271000,0.039493,-0.003318,-0.099518,-0.188221,0.088489,2.060069
126.290000,0.038510,-0.001529,-0.098502,-0.188287,0.086146,2.060180
126.311000,0.036720,-0.001498,-0.097551,-0.187956,0.083159,2.060289
126.331000,0.036019,-0.002105,-0.096397,-0.187558,0.080404,2.060417
126.350000,0.036785,-0.002403,-0.095320,-0.187298,0.078062,2.060574
126.370000,0.037608,-0.001893,-0.093903,-0.187364,0.075494,2.060732
126.390000,0.037199,-0.001617,-0.092590,-0.187515,0.072486,2.060837
126.411000,0.037322,-0.001932,-0.091030,-0.187589,0.069353,2.060975
126.431000,0.038392,-0.002244,-0.089428,-0.187723,0.066527,2.061160
126.450000,0.038640,-0.002223,-0.087754,-0.188025,0.063588,2.061317
126.470000,0.038088,-0.001558,-0.086055,-0.188639,0.060255,2.061444
126.490000,0.036662,-0.000596,-0.084241,-0.189444,0.056620,2.061506
126.511000,0.035013,0.000015,-0.082115,-0.190312,0.052694,2.061541
126.531000,0.033660,-0.000112,-0.080001,-0.191029,0.048954,2.061582
126.550000,0.032071,-0.000221,-0.077920,-0.191793,0.045279,2.061650
126.571000,0.029939,0.000146,-0.075484,-0.192877,0.041093,2.061778
126.590000,0.027535,0.000720,-0.073131,-0.193997,0.037151,2.061925
126.611000,0.024296,0.001654,-0.070672,-0.195420,0.032611,2.062095
126.631000,0.021449,0.002112,-0.068094,-0.196765,0.028324,2.062210
126.650000,0.018883,0.001832,-0.065550,-0.197940,0.024255,2.062304
126.671000,0.016218,0.001282,-0.062612,-0.199279,0.019809,2.062385
126.690000,0.013350,0.000337,-0.059992,-0.200451,0.015709,2.062443
126.711000,0.009569,-0.000446,-0.056972,-0.201884,0.011086,2.062479
126.731000,0.005674,-0.000750,-0.053890,-0.203449,0.006675,2.062537
126.750000,0.001469,-0.000906,-0.051022,-0.205041,0.002381,2.062582
126.771000,-0.002420,-0.000991,-0.047867,-0.206889,-0.002145,2.062709
126.790000,-0.004568,-0.001470,-0.044776,-0.208494,-0.005839,2.062832
126.811000,-0.006390,-0.001838,-0.041418,-0.210384,-0.009704,2.063001
126.831000,-0.008522,-0.002535,-0.038471,-0.212157,-0.013399,2.063184
126.850000,-0.010406,-0.002939,-0.035527,-0.213956,-0.016787,2.063373
126.871000,-0.012036,-0.002812,-0.032529,-0.216116,-0.020334,2.063669
126.890000,-0.013062,-0.002030,-0.030064,-0.218276,-0.023351,2.064001
126.911000,-0.013294,-0.000446,-0.026940,-0.220911,-0.026404,2.064359
126.931000,-0.012391,0.001587,-0.024278,-0.223579,-0.028935,2.064749
126.950000,-0.011364,0.003982,-0.021575,-0.226266,-0.031260,2.065137
126.971000,-0.009666,0.007319,-0.018926,-0.229482,-0.033608,2.065555
126.990000,-0.008026,0.010155,-0.016545,-0.232347,-0.035607,2.065965
127.011000,-0.006848,0.013139,-0.014395,-0.235528,-0.037929,2.066406
127.031000,-0.005014,0.015593,-0.012383,-0.238464,-0.039878,2.066871
127.050000,-0.003049,0.017808,-0.010537,-0.241250,-0.041613,2.067372
127.070000,-0.001173,0.019977,-0.008930,-0.244172,-0.043482,2.067919
127.090000,0.001425,0.021904,-0.007442,-0.247010,-0.045105,2.068550
127.111000,0.004102,0.023700,-0.005945,-0.249932,-0.046764,2.069220
127.130000,0.006056,0.025063,-0.004879,-0.252502,-0.048372,2.069885
127.150000,0.008619,0.026148,-0.003868,-0.255091,-0.049889,2.070635
127.170000,0.010874,0.027003,-0.002924,-0.257629,-0.051515,2.071395
127.190000,0.013549,0.027506,-0.002235,-0.260026,-0.053024,2.072208
127.211000,0.016148,0.027373,-0.001792,-0.262368,-0.054674,2.073084
127.230000,0.018620,0.027098,-0.001445,-0.264409,-0.056122,2.073882
127.250000,0.020402,0.026638,-0.001336,-0.266461,-0.057879,2.074747
127.271000,0.022450,0.026300,-0.001387,-0.268601,-0.059662,2.075637
127.290000,0.023686,0.026034,-0.001636,-0.270480,-0.061454,2.076435
127.310000,0.024717,0.025896,-0.002091,-0.272433,-0.063428,2.077245
127.331000,0.025698,0.026131,-0.002783,-0.274515,-0.065597,2.078041
127.350000,0.026851,0.026329,-0.003399,-0.276329,-0.067489,2.078687
127.371000,0.027240,0.026676,-0.004078,-0.278298,-0.069861,2.079302
127.390000,0.027386,0.027068,-0.004752,-0.280021,-0.072060,2.079810
127.411000,0.027058,0.027873,-0.005599,-0.281938,-0.074672,2.080330
127.431000,0.026476,0.029121,-0.006419,-0.283817,-0.077294,2.080762
127.450000,0.026329,0.030529,-0.007221,-0.285596,-0.079707,2.081139
127.470000,0.026367,0.032133,-0.008155,-0.287419,-0.082245,2.081450
127.490000,0.026005,0.034038,-0.008944,-0.289269,-0.084939,2.081624
127.511000,0.025223,0.035649,-0.009823,-0.291036,-0.087882,2.081736
127.531000,0.024515,0.036786,-0.010529,-0.292535,-0.090666,2.081696
127.550000,0.023615,0.037763,-0.011426,-0.293851,-0.093358,2.081586
127.570000,0.021735,0.038729,-0.012420,-0.295118,-0.096445,2.081352
127.591000,0.019710,0.040234,-0.013371,-0.296497,-0.099708,2.081095
127.611000,0.017688,0.041890,-0.014589,-0.297735,-0.102861,2.080829
127.631000,0.015855,0.043911,-0.015603,-0.298980,-0.105975,2.080519
127.650000,0.014093,0.045598,-0.016512,-0.299983,-0.108946,2.080235
127.671000,0.011560,0.047319,-0.017471,-0.300904,-0.112361,2.079939
127.690000,0.009870,0.049459,-0.018443,-0.301768,-0.115251,2.079683
127.711000,0.007121,0.051974,-0.019384,-0.302608,-0.118671,2.079401
127.731000,0.004389,0.054667,-0.020501,-0.303335,-0.121940,2.079126
127.750000,0.002068,0.057535,-0.021536,-0.303955,-0.124912,2.078886
127.770000,0.000007,0.060813,-0.022541,-0.304533,-0.127862,2.078578
127.790000,-0.003199,0.063896,-0.023718,-0.304934,-0.131054,2.078187
127.811000,-0.007078,0.066788,-0.024829,-0.305125,-0.134474,2.077732
127.831000,-0.009620,0.068872,-0.025465,-0.304965,-0.137346,2.077233
127.850000,-0.012055,0.070454,-0.026115,-0.304569,-0.140025,2.076720
127.871000,-0.014959,0.071656,-0.026747,-0.303861,-0.142978,2.076069
127.890000,-0.017505,0.071796,-0.027203,-0.302833,-0.145531,2.075374
127.910000,-0.020190,0.071497,-0.027419,-0.301498,-0.148143,2.074616
127.931000,-0.022677,0.070477,-0.027548,-0.299774,-0.150713,2.073719
127.950000,-0.024906,0.068822,-0.027348,-0.297920,-0.152956,2.072892
127.971000,-0.026801,0.066615,-0.026729,-0.295639,-0.155173,2.071939
127.990000,-0.029009,0.063793,-0.026012,-0.293218,-0.157172,2.070998
128.011000,-0.031197,0.060532,-0.025204,-0.290397,-0.159155,2.069935
128.031000,-0.033310,0.057144,-0.023981,-0.287491,-0.160919,2.068911
128.050000,-0.034636,0.054197,-0.022821,-0.284666,-0.162256,2.067936
128.071000,-0.036373,0.051018,-0.021715,-0.281460,-0.163598,2.066839
128.091000,-0.038026,0.047974,-0.020692,-0.278317,-0.164712,2.065763
128.111000,-0.038683,0.044498,-0.019396,-0.274974,-0.165386,2.064714
128.131000,-0.039394,0.040907,-0.018425,-0.271529,-0.165927,2.063683
128.150000,-0.039608,0.037747,-0.017329,-0.268289,-0.166151,2.062721
128.171000,-0.039360,0.033585,-0.015769,-0.264491,-0.166118,2.061724
128.190000,-0.038477,0.029496,-0.014467,-0.260928,-0.165734,2.060827
128.211000,-0.037867,0.025579,-0.012943,-0.257161,-0.165219,2.059903
128.231000,-0.037254,0.021831,-0.011656,-0.253561,-0.164517,2.059063
128.250000,-0.036051,0.018496,-0.010368,-0.250197,-0.163558,2.058330
128.271000,-0.034127,0.015300,-0.008749,-0.246626,-0.162172,2.057584
128.290000,-0.032301,0.012533,-0.007323,-0.243477,-0.160734,2.056895
128.311000,-0.030921,0.008665,-0.005717,-0.239834,-0.159120,2.056149
128.331000,-0.029007,0.005267,-0.004089,-0.236515,-0.157259,2.055502
128.350000,-0.027740,0.002395,-0.002351,-0.233484,-0.155496,2.054895
128.371000,-0.026713,-0.000071,-0.000642,-0.230379,-0.153474,2.054275
128.390000,-0.025349,-0.001673,0.000943,-0.227823,-0.151374,2.053751
128.411000,-0.023691,-0.002777,0.002680,-0.225224,-0.148878,2.053278
128.431000,-0.022373,-0.003301,0.004308,-0.222982,-0.146396,2.052795
128.450000,-0.021658,-0.003648,0.005842,-0.220970,-0.144079,2.052391
128.471000,-0.020806,-0.003244,0.007321,-0.219062,-0.141370,2.051991
128.490000,-0.019625,-0.002503,0.008880,-0.217517,-0.138703,2.051706
128.511000,-0.018568,-0.001554,0.010732,-0.215965,-0.135717,2.051392
128.531000,-0.017572,-0.001423,0.012292,-0.214393,-0.132752,2.051090
128.550000,-0.016070,-0.001134,0.013774,-0.213044,-0.129714,2.050801
128.570000,-0.015098,-0.000969,0.015498,-0.211687,-0.126570,2.050564
128.590000,-0.013972,-0.000627,0.016981,-0.210450,-0.123265,2.050444
128.613000,-0.012810,0.000225,0.018778,-0.209245,-0.119349,2.050431
128.631000,-0.012442,0.001301,0.019760,-0.208472,-0.116307,2.050536
128.650000,-0.011984,0.002924,0.020665,-0.207873,-0.112988,2.050667
128.670000,-0.011755,0.004596,0.021410,-0.207295,-0.109474,2.050864
128.690000,-0.011314,0.006190,0.021948,-0.206764,-0.105809,2.051138
128.711000,-0.010313,0.008370,0.022339,-0.206418,-0.101724,2.051488
128.731000,-0.010060,0.010469,0.022696,-0.206142,-0.097953,2.051900
128.750000,-0.009487,0.012690,0.022994,-0.205993,-0.094210,2.052292
128.771000,-0.008239,0.015198,0.023219,-0.205899,-0.089853,2.052797
128.790000,-0.007070,0.017402,0.023369,-0.205856,-0.085837,2.053214
128.810000,-0.006100,0.019339,0.023490,-0.205749,-0.081669,2.053672
128.831000,-0.003840,0.021170,0.023694,-0.205663,-0.076917,2.054091
128.850000,-0.002241,0.021723,0.023846,-0.205323,-0.072665,2.054427
128.871000,-0.000722,0.022456,0.024020,-0.205022,-0.067999,2.054792
128.890000,-0.002152,0.023587,0.027466,-0.204987,-0.064738,2.055058
128.910000,-0.000908,0.024789,0.027535,-0.204840,-0.060233,2.055452
128.931000,-0.000443,0.026012,0.027476,-0.204630,-0.055701,2.055917
128.950000,0.001139,0.027669,0.027448,-0.204577,-0.051238,2.056361
128.971000,0.002933,0.029727,0.027372,-0.204579,-0.046309,2.056859
128.990000,0.004423,0.031044,0.027145,-0.204428,-0.041895,2.057296
129.010000,0.006412,0.031891,0.027017,-0.204132,-0.037101,2.057709
129.031000,0.008101,0.032107,0.026627,-0.203640,-0.032136,2.058160
129.050000,0.009024,0.032377,0.026187,-0.203207,-0.027790,2.058594
129.071000,0.010043,0.032737,0.025680,-0.202723,-0.022980,2.059126
129.093000,0.011016,0.032603,0.025203,-0.202044,-0.018019,2.059755
129.110000,0.012257,0.032804,0.024884,-0.201565,-0.014070,2.060311
129.131000,0.013879,0.033408,0.024468,-0.201025,-0.009248,2.061071
129.150000,0.015364,0.033970,0.024238,-0.200499,-0.004926,2.061862
129.171000,0.017372,0.034791,0.024002,-0.199915,-0.000093,2.062786
129.190000,0.018879,0.035702,0.023799,-0.199390,0.004142,2.063653
129.211000,0.020855,0.036778,0.023439,-0.198802,0.008844,2.064612
129.231000,0.022749,0.036826,0.022951,-0.197993,0.013259,2.065414
129.250000,0.024798,0.036334,0.022514,-0.197051,0.017471,2.066167
129.271000,0.026749,0.035985,0.022138,-0.196038,0.021965,2.066990
129.290000,0.028139,0.035849,0.021471,-0.195117,0.025876,2.067684
129.311000,0.029494,0.035790,0.020906,-0.194120,0.030079,2.068413
129.331000,0.030712,0.034556,0.020290,-0.192814,0.034002,2.069070
129.350000,0.031733,0.033480,0.019655,-0.191597,0.037622,2.069712
129.371000,0.032014,0.032470,0.018767,-0.190272,0.041298,2.070421
129.390000,0.032443,0.031657,0.017996,-0.189104,0.044574,2.071067
129.411000,0.033383,0.029452,0.017072,-0.187482,0.048262,2.071735
129.431000,0.033426,0.026707,0.016338,-0.185760,0.051440,2.072331
129.450000,0.033432,0.024757,0.015572,-0.184322,0.054378,2.072892
129.471000,0.032628,0.021966,0.014781,-0.182546,0.057348,2.073476
129.490000,0.031552,0.019398,0.014006,-0.180962,0.059851,2.073950
129.510000,0.030566,0.016598,0.013098,-0.179294,0.062473,2.074437
129.531000,0.028800,0.013055,0.012025,-0.177412,0.064879,2.074906
129.550000,0.029523,0.010017,0.009862,-0.175739,0.067695,2.075363
129.571000,0.030607,0.007171,0.007460,-0.174109,0.070824,2.075816
129.590000,0.028973,0.003648,0.006748,-0.172512,0.072740,2.076091
129.611000,0.027975,-0.000187,0.005993,-0.170854,0.075025,2.076367
129.631000,0.027213,-0.003762,0.005328,-0.169391,0.077191,2.076526
129.650000,0.025664,-0.007330,0.004396,-0.168019,0.078982,2.076636
129.671000,0.024229,-0.010863,0.003260,-0.166697,0.080971,2.076728
129.690000,0.022725,-0.013059,0.002355,-0.165853,0.082639,2.076806
129.710000,0.021882,-0.014587,0.001371,-0.165236,0.084568,2.076954
129.731000,0.021003,-0.015576,0.000463,-0.164855,0.086522,2.077127
129.750000,0.020401,-0.015908,-0.000491,-0.164756,0.088321,2.077259
129.771000,0.019351,-0.015256,-0.001548,-0.165058,0.090177,2.077393
129.790000,0.017911,-0.014397,-0.002583,-0.165521,0.091685,2.077493
129.810000,0.016375,-0.013657,-0.003815,-0.166067,0.093245,2.077567
129.831000,0.015771,-0.012666,-0.004893,-0.166840,0.095110,2.077606
129.850000,0.015531,-0.011748,-0.005897,-0.167660,0.096849,2.077635
129.871000,0.014967,-0.010652,-0.007143,-0.168715,0.098697,2.077616
129.890000,0.014131,-0.009297,-0.008127,-0.169874,0.100248,2.077600
129.911000,0.013843,-0.007204,-0.009192,-0.171397,0.102115,2.077639
129.931000,0.014041,-0.004520,-0.010126,-0.173130,0.103976,2.077653
129.950000,0.014434,-0.001910,-0.011024,-0.174866,0.105752,2.077719
129.971000,0.015019,0.001037,-0.012008,-0.176918,0.107741,2.077766
129.990000,0.015518,0.003143,-0.012742,-0.178735,0.109491,2.077793
130.011000,0.016326,0.005135,-0.013567,-0.180756,0.111500,2.077813
130.031000,0.016356,0.006617,-0.014297,-0.182680,0.113199,2.077804
130.050000,0.016948,0.007948,-0.015196,-0.184539,0.114950,2.077824
130.071000,0.017938,0.009710,-0.016138,-0.186707,0.116962,2.077914
130.090000,0.018267,0.011597,-0.017239,-0.188798,0.118600,2.077937
130.110000,0.018715,0.013648,-0.018509,-0.191044,0.120331,2.077962
130.131000,0.019673,0.015285,-0.019749,-0.193309,0.122250,2.078011
130.150000,0.020554,0.016459,-0.020825,-0.195310,0.123969,2.078087
130.171000,0.021278,0.018130,-0.022204,-0.197648,0.125801,2.078128
130.190000,0.021260,0.019468,-0.023345,-0.199736,0.127275,2.078170
130.211000,0.021656,0.021500,-0.024750,-0.202183,0.129030,2.078258
130.231000,0.021256,0.023708,-0.026277,-0.204594,0.130428,2.078346
130.250000,0.021748,0.025789,-0.027811,-0.206887,0.131966,2.078439
130.271000,0.022236,0.027176,-0.029210,-0.209123,0.133566,2.078550
130.290000,0.022904,0.028133,-0.030730,-0.211166,0.135083,2.078567
130.311000,0.023297,0.028817,-0.032210,-0.213298,0.136621,2.078581
130.331000,0.023960,0.029887,-0.033718,-0.215439,0.138149,2.078612
130.350000,0.024016,0.030307,-0.035028,-0.217265,0.139411,2.078604
130.371000,0.024123,0.031129,-0.036794,-0.219335,0.140795,2.078601
130.390000,0.024609,0.032422,-0.038227,-0.221301,0.142102,2.078597
130.411000,0.025181,0.034317,-0.039845,-0.223581,0.143523,2.078592
130.430000,0.024860,0.035461,-0.041231,-0.225440,0.144513,2.078598
130.450000,0.025580,0.036548,-0.042564,-0.227358,0.145777,2.078598
130.470000,0.026435,0.037142,-0.043929,-0.229087,0.147014,2.078636
130.490000,0.027025,0.037862,-0.045289,-0.230814,0.148124,2.078662
130.511000,0.027645,0.038889,-0.046795,-0.232648,0.149217,2.078652
130.531000,0.028564,0.039718,-0.048246,-0.234273,0.150292,2.078665
130.550000,0.029232,0.040422,-0.049671,-0.235736,0.151184,2.078666
130.550000,0.029232,0.040422,-0.049671,-0.235736,0.151184,2.078666
130.590000,0.031095,0.042912,-0.052542,-0.238841,0.153081,2.078740
130.610000,0.031407,0.044271,-0.054040,-0.240336,0.153770,2.078728
130.631000,0.031771,0.045627,-0.055644,-0.241828,0.154476,2.078681
130.650000,0.032203,0.046502,-0.057329,-0.243011,0.155092,2.078640
130.671000,0.032185,0.047229,-0.059038,-0.244177,0.155569,2.078569
130.690000,0.032193,0.048240,-0.060500,-0.245258,0.156009,2.078525
130.710000,0.031655,0.049411,-0.062195,-0.246345,0.156228,2.078458
130.731000,0.031045,0.050410,-0.063961,-0.247341,0.156377,2.078390
130.750000,0.030574,0.050924,-0.065817,-0.248067,0.156491,2.078315
130.771000,0.029872,0.050775,-0.067523,-0.248660,0.156471,2.078120
130.790000,0.029398,0.050018,-0.069175,-0.248978,0.156419,2.077884
130.811000,0.028891,0.048681,-0.070562,-0.249112,0.156282,2.077602
130.831000,0.028479,0.047960,-0.071990,-0.249300,0.156146,2.077278
130.850000,0.027899,0.047550,-0.073273,-0.249459,0.155904,2.076988
130.871000,0.027247,0.047249,-0.074832,-0.249624,0.155599,2.076601
130.890000,0.026592,0.045966,-0.076045,-0.249449,0.155247,2.076204
130.910000,0.026228,0.044742,-0.077469,-0.249231,0.154960,2.075730
130.931000,0.025073,0.043421,-0.079015,-0.248953,0.154373,2.075179
130.950000,0.024881,0.042334,-0.080024,-0.248680,0.154031,2.074661
130.971000,0.024018,0.040377,-0.081139,-0.248111,0.153448,2.074070
130.990000,0.022796,0.038947,-0.082300,-0.247655,0.152774,2.073547
131.010000,0.022071,0.037928,-0.083199,-0.247214,0.152202,2.073010
131.031000,0.021187,0.037423,-0.084219,-0.246810,0.151521,2.072531
131.050000,0.020002,0.037529,-0.084793,-0.246558,0.150763,2.072111
131.071000,0.018981,0.037720,-0.085314,-0.246239,0.149970,2.071622
131.090000,0.018277,0.037462,-0.085785,-0.245798,0.149292,2.071181
131.111000,0.017506,0.037106,-0.085958,-0.245216,0.148512,2.070711
131.131000,0.016752,0.037078,-0.086188,-0.244704,0.147738,2.070287
131.150000,0.016338,0.037292,-0.086415,-0.244233,0.147080,2.069930
131.171000,0.016170,0.037589,-0.086334,-0.243706,0.146364,2.069492
131.190000,0.016313,0.037510,-0.086279,-0.243069,0.145750,2.069122
131.210000,0.016910,0.037569,-0.086129,-0.242397,0.145209,2.068738
131.231000,0.017695,0.038006,-0.085595,-0.241770,0.144650,2.068311
131.250000,0.018214,0.038120,-0.085364,-0.241067,0.144097,2.067953
131.271000,0.018966,0.038485,-0.084817,-0.240297,0.143507,2.067547
131.290000,0.019315,0.039129,-0.084157,-0.239678,0.142870,2.067179
131.311000,0.019811,0.039381,-0.083700,-0.238805,0.142170,2.066754
131.331000,0.020660,0.039575,-0.083097,-0.237932,0.141568,2.066366
131.350000,0.021427,0.039278,-0.082319,-0.236957,0.140988,2.065992
131.371000,0.021549,0.039041,-0.081535,-0.235879,0.140117,2.065649
131.390000,0.022112,0.039058,-0.080533,-0.234936,0.139432,2.065382
131.410000,0.022394,0.038668,-0.079564,-0.233782,0.138600,2.065192
131.431000,0.022583,0.038180,-0.078510,-0.232526,0.137649,2.065018
131.450000,0.023201,0.038049,-0.077477,-0.231433,0.136884,2.064932
131.471000,0.023088,0.037321,-0.076541,-0.230069,0.135797,2.064842
131.490000,0.023368,0.036308,-0.075503,-0.228729,0.134868,2.064776
131.510000,0.023666,0.034987,-0.074402,-0.227256,0.133884,2.064751
131.531000,0.023532,0.032991,-0.073418,-0.225550,0.132657,2.064723
131.550000,0.024006,0.031087,-0.072260,-0.223995,0.131649,2.064720
131.571000,0.024782,0.028300,-0.070968,-0.222075,0.130555,2.064760
131.590000,0.025327,0.025954,-0.069990,-0.220366,0.129469,2.064832
131.611000,0.026257,0.024183,-0.068918,-0.218712,0.128317,2.064966
131.631000,0.026985,0.022350,-0.067934,-0.217103,0.127143,2.065089
131.650000,0.027691,0.020358,-0.067034,-0.215502,0.125987,2.065232
131.671000,0.028509,0.018377,-0.065974,-0.213835,0.124707,2.065368
131.690000,0.028779,0.016422,-0.065119,-0.212308,0.123370,2.065480
131.710000,0.029293,0.014830,-0.064324,-0.210852,0.122010,2.065566
131.731000,0.029543,0.013645,-0.063555,-0.209466,0.120478,2.065646
131.750000,0.029172,0.012989,-0.062849,-0.208340,0.118893,2.065690
131.771000,0.028856,0.012989,-0.062131,-0.207317,0.117140,2.065737
131.790000,0.028678,0.013502,-0.061199,-0.206582,0.115553,2.065752
131.811000,0.027902,0.013526,-0.060409,-0.205665,0.113609,2.065732
131.831000,0.027586,0.013597,-0.059603,-0.204844,0.111830,2.065681
131.850000,0.027307,0.014146,-0.058856,-0.204200,0.110111,2.065647
131.873000,0.026507,0.015250,-0.058000,-0.203630,0.107864,2.065593
131.890000,0.025919,0.015914,-0.057383,-0.203188,0.106142,2.065570
131.911000,0.025611,0.016477,-0.056842,-0.202648,0.104093,2.065541
131.931000,0.025179,0.016594,-0.056112,-0.202089,0.102065,2.065471
131.950000,0.024740,0.016521,-0.055537,-0.201532,0.100108,2.065433
131.971000,0.024219,0.017070,-0.054862,-0.201134,0.097952,2.065354
131.990000,0.022869,0.017688,-0.054338,-0.200842,0.095721,2.065288
132.011000,0.021993,0.018648,-0.053677,-0.200613,0.093421,2.065272
132.031000,0.021176,0.019545,-0.052993,-0.200424,0.091195,2.065260
132.050000,0.019980,0.020268,-0.052450,-0.200246,0.088968,2.065235
132.071000,0.019118,0.020895,-0.051496,-0.200063,0.086589,2.065191
132.090000,0.018459,0.020778,-0.050675,-0.199748,0.084440,2.065106
132.110000,0.017645,0.020799,-0.049706,-0.199478,0.082133,2.065004
132.131000,0.017127,0.021381,-0.048532,-0.199349,0.079781,2.064887
132.150000,0.016116,0.022042,-0.047533,-0.199266,0.077538,2.064795
132.171000,0.014280,0.023149,-0.046523,-0.199286,0.074871,2.064719
132.190000,0.013160,0.024227,-0.045541,-0.199315,0.072631,2.064635
132.211000,0.011453,0.025162,-0.044676,-0.199313,0.070025,2.064546
132.230000,0.010401,0.025658,-0.043780,-0.199219,0.067784,2.064432
132.250000,0.009520,0.026410,-0.042973,-0.199189,0.065509,2.064333
132.271000,0.008519,0.027264,-0.042023,-0.199196,0.063097,2.064224
132.290000,0.007980,0.027623,-0.041160,-0.199092,0.061006,2.064107
132.311000,0.007565,0.027716,-0.040109,-0.198886,0.058747,2.064005
132.331000,0.007367,0.028485,-0.039255,-0.198890,0.056676,2.063917
132.350000,0.006987,0.028944,-0.038548,-0.198804,0.054651,2.063842
132.371000,0.007754,0.029244,-0.037557,-0.198639,0.052725,2.063786
132.391000,0.008370,0.029513,-0.036780,-0.198459,0.050880,2.063772
132.410000,0.008391,0.029743,-0.036101,-0.198253,0.048963,2.063785
132.431000,0.009575,0.030732,-0.035122,-0.198221,0.047210,2.063822
132.450000,0.009678,0.030991,-0.034662,-0.198016,0.045380,2.063876
132.471000,0.009854,0.030967,-0.034299,-0.197712,0.043392,2.063919
132.490000,0.010909,0.030923,-0.033841,-0.197399,0.041828,2.064056
132.510000,0.011330,0.031027,-0.033520,-0.197096,0.039956,2.064257
132.531000,0.012563,0.030925,-0.033263,-0.196677,0.038164,2.064556
132.550000,0.014715,0.031047,-0.032834,-0.196318,0.036779,2.064903
132.571000,0.016781,0.031641,-0.032178,-0.196045,0.035179,2.065267
132.590000,0.017705,0.031367,-0.031830,-0.195583,0.033473,2.065586
132.610000,0.019394,0.030988,-0.031192,-0.195042,0.031856,2.065932
132.631000,0.020929,0.030760,-0.030661,-0.194494,0.030059,2.066350
132.650000,0.022135,0.030932,-0.030121,-0.194092,0.028367,2.066725
132.671000,0.023616,0.031009,-0.029777,-0.193642,0.026526,2.067109
132.690000,0.024301,0.029805,-0.029554,-0.192897,0.024648,2.067423
132.710000,0.025435,0.028845,-0.029373,-0.192181,0.022766,2.067792
132.731000,0.026136,0.027999,-0.029378,-0.191414,0.020646,2.068310
132.750000,0.026311,0.027716,-0.029379,-0.190840,0.018587,2.068792
132.771000,0.026369,0.027604,-0.029538,-0.190299,0.016248,2.069295
132.790000,0.025583,0.026731,-0.029873,-0.189650,0.013863,2.069727
132.811000,0.025024,0.025390,-0.030423,-0.188848,0.011266,2.070180
132.831000,0.024793,0.023781,-0.030841,-0.188000,0.008806,2.070660
132.850000,0.024558,0.022030,-0.031437,-0.187132,0.006415,2.071150
132.873000,0.024439,0.020846,-0.032286,-0.186341,0.003502,2.071784
132.890000,0.023800,0.019677,-0.032889,-0.185729,0.001178,2.072208
132.910000,0.022750,0.017551,-0.033799,-0.184825,-0.001636,2.072686
132.931000,0.021827,0.015531,-0.034877,-0.183982,-0.004534,2.073195
132.950000,0.020037,0.013854,-0.036059,-0.183290,-0.007427,2.073652
132.971000,0.018143,0.012296,-0.037446,-0.182606,-0.010651,2.074238
132.990000,0.017245,0.011401,-0.038513,-0.182154,-0.013387,2.074826
133.010000,0.016174,0.010628,-0.039707,-0.181752,-0.016293,2.075473
133.031000,0.013977,0.009755,-0.041081,-0.181425,-0.019664,2.076161
133.050000,0.012861,0.008472,-0.042303,-0.181033,-0.022465,2.076802
133.071000,0.011370,0.006831,-0.043691,-0.180608,-0.025664,2.077503
133.090000,0.009979,0.005796,-0.044828,-0.180403,-0.028593,2.078147
133.111000,0.009140,0.005121,-0.046199,-0.180331,-0.031643,2.078865
133.131000,0.008478,0.004453,-0.047489,-0.180359,-0.034506,2.079485
133.150000,0.007395,0.003255,-0.048641,-0.180301,-0.037321,2.080043
133.171000,0.006334,0.002093,-0.049994,-0.180371,-0.040342,2.080617
133.190000,0.004430,0.001019,-0.051228,-0.180515,-0.043283,2.081098
133.211000,0.002413,0.000285,-0.052554,-0.180858,-0.046449,2.081667
133.231000,0.000800,-0.000093,-0.053807,-0.181328,-0.049315,2.082186
133.250000,-0.001488,-0.000385,-0.055065,-0.181889,-0.052230,2.082695
133.271000,-0.002975,-0.000473,-0.056477,-0.182649,-0.055119,2.083237
133.290000,-0.003613,-0.000824,-0.057752,-0.183353,-0.057495,2.083704
133.311000,-0.004835,-0.001412,-0.059240,-0.184197,-0.060201,2.084165
133.331000,-0.005917,-0.001937,-0.060384,-0.185087,-0.062670,2.084572
133.350000,-0.006792,-0.002298,-0.061613,-0.186069,-0.064894,2.084896
133.370000,-0.008052,-0.002782,-0.062972,-0.187171,-0.067235,2.085173
133.390000,-0.008921,-0.002960,-0.064247,-0.188425,-0.069362,2.085419
133.411000,-0.010425,-0.002776,-0.065697,-0.189951,-0.071672,2.085595
133.430000,-0.011512,-0.002336,-0.066996,-0.191491,-0.073583,2.085736
133.450000,-0.012278,-0.002048,-0.068388,-0.193131,-0.075423,2.085864
133.471000,-0.012878,-0.001861,-0.069646,-0.194929,-0.077211,2.085940
133.490000,-0.013593,-0.001697,-0.070784,-0.196637,-0.078793,2.086035
133.510000,-0.013737,-0.001179,-0.071732,-0.198581,-0.080190,2.086103
133.530000,-0.013691,0.000003,-0.072585,-0.200789,-0.081414,2.086144
133.550000,-0.014470,0.001355,-0.073674,-0.203157,-0.082745,2.086123
133.571000,-0.015497,0.002229,-0.074881,-0.205605,-0.084093,2.086054
133.590000,-0.015367,0.002421,-0.075737,-0.207742,-0.084930,2.085952
133.611000,-0.015817,0.001578,-0.076589,-0.209879,-0.085912,2.085813
133.631000,-0.015966,0.001408,-0.077546,-0.212150,-0.086619,2.085647
133.650000,-0.016310,0.001848,-0.078223,-0.214534,-0.087255,2.085477
133.671000,-0.016543,0.002500,-0.078826,-0.217245,-0.087777,2.085274
133.690000,-0.017050,0.003542,-0.079629,-0.219885,-0.088242,2.085118
133.710000,-0.017271,0.004749,-0.080207,-0.222748,-0.088555,2.084956
133.731000,-0.016521,0.005986,-0.080595,-0.225794,-0.088512,2.084800
133.750000,-0.016006,0.006812,-0.081045,-0.228530,-0.088435,2.084643
133.770000,-0.015740,0.007608,-0.081314,-0.231459,-0.088349,2.084489
133.790000,-0.014426,0.008532,-0.081560,-0.234469,-0.087896,2.084320
133.810000,-0.012864,0.009097,-0.081631,-0.237395,-0.087271,2.084169
133.810000,-0.012864,0.009097,-0.081631,-0.237395,-0.087271,2.084169
133.850000,-0.011249,0.011207,-0.082043,-0.243633,-0.086140,2.083815
133.873000,-0.009860,0.013066,-0.082312,-0.247423,-0.085159,2.083637
133.893000,-0.009131,0.014522,-0.082472,-0.250702,-0.084347,2.083475
133.910000,-0.008080,0.015991,-0.082424,-0.253526,-0.083429,2.083354
133.931000,-0.007551,0.018368,-0.082660,-0.257184,-0.082425,2.083208
133.950000,-0.007551,0.020792,-0.082847,-0.260563,-0.081536,2.083044
133.971000,-0.007382,0.023474,-0.082987,-0.264269,-0.080403,2.082843
133.990000,-0.007607,0.025895,-0.083084,-0.267635,-0.079427,2.082617
134.010000,-0.007610,0.028456,-0.083029,-0.271160,-0.078283,2.082401
134.031000,-0.006918,0.030987,-0.082985,-0.274775,-0.076827,2.082155
134.050000,-0.006716,0.032857,-0.082917,-0.277913,-0.075559,2.081894
134.071000,-0.006367,0.034815,-0.082887,-0.281324,-0.074077,2.081583
134.090000,-0.005816,0.036411,-0.082837,-0.284309,-0.072611,2.081311
134.110000,-0.005470,0.037899,-0.082730,-0.287337,-0.071106,2.081087
134.131000,-0.004474,0.039793,-0.082653,-0.290533,-0.069305,2.080866
134.150000,-0.003370,0.041296,-0.082483,-0.293305,-0.067591,2.080671
134.171000,-0.002426,0.042176,-0.082320,-0.296128,-0.065754,2.080439
134.190000,-0.001041,0.042295,-0.081906,-0.298451,-0.063907,2.080224
134.211000,0.000009,0.042109,-0.081261,-0.300871,-0.061967,2.080036
134.231000,0.001047,0.042226,-0.080749,-0.303178,-0.060078,2.079924
134.250000,0.002204,0.042197,-0.080125,-0.305253,-0.058227,2.079869
134.271000,0.003737,0.041429,-0.079541,-0.307289,-0.056107,2.079905
134.290000,0.005441,0.040098,-0.078963,-0.308897,-0.054102,2.079993
134.311000,0.006906,0.038485,-0.078128,-0.310608,-0.052005,2.080104
134.331000,0.008224,0.036681,-0.077224,-0.312118,-0.050017,2.080275
134.350000,0.009485,0.034593,-0.076383,-0.313396,-0.048130,2.080445
134.350000,0.009485,0.034593,-0.076383,-0.313396,-0.048130,2.080445
134.390000,0.011472,0.029495,-0.074445,-0.315761,-0.044297,2.080887
134.410000,0.012527,0.027347,-0.073578,-0.316972,-0.042373,2.081187
134.431000,0.013873,0.024863,-0.072713,-0.318144,-0.040326,2.081535
134.450000,0.014868,0.022380,-0.071753,-0.319103,-0.038546,2.081877
134.471000,0.015879,0.020243,-0.070676,-0.320307,-0.036615,2.082303
134.490000,0.016707,0.018428,-0.069779,-0.321397,-0.034884,2.082693
134.510000,0.017227,0.016807,-0.068783,-0.322601,-0.033169,2.083089
134.530000,0.017711,0.015479,-0.068047,-0.323836,-0.031473,2.083488
134.550000,0.018253,0.014621,-0.067167,-0.325162,-0.029780,2.083891
134.571000,0.018567,0.014501,-0.066261,-0.326768,-0.028096,2.084340
134.591000,0.018734,0.014841,-0.065348,-0.328404,-0.026543,2.084747
134.611000,0.018980,0.015331,-0.064471,-0.330053,-0.024989,2.085158
134.630000,0.019000,0.016003,-0.063789,-0.331662,-0.023588,2.085522
134.651000,0.019221,0.017196,-0.063020,-0.333557,-0.022031,2.085910
134.671000,0.019926,0.018557,-0.062317,-0.335392,-0.020451,2.086270
134.691000,0.020590,0.020057,-0.061701,-0.337260,-0.018920,2.086631
134.711000,0.020877,0.021817,-0.061182,-0.339206,-0.017535,2.086974
134.730000,0.021312,0.023472,-0.060642,-0.341021,-0.016204,2.087321
134.750000,0.022198,0.025071,-0.060091,-0.342856,-0.014759,2.087650
134.770000,0.022628,0.026348,-0.059529,-0.344597,-0.013501,2.087857
134.790000,0.023059,0.027626,-0.058966,-0.346338,-0.012243,2.088065
134.810000,0.023489,0.028903,-0.058404,-0.348079,-0.010984,2.088273
134.830000,0.023732,0.029916,-0.057766,-0.349698,-0.009854,2.088430
134.850000,0.024237,0.031005,-0.057188,-0.351265,-0.008686,2.088541
134.871000,0.024120,0.032439,-0.056618,-0.352940,-0.007673,2.088623
134.891000,0.023213,0.034226,-0.055981,-0.354595,-0.006964,2.088658
134.911000,0.023001,0.036233,-0.055293,-0.356206,-0.006142,2.088705
134.930000,0.023230,0.038192,-0.054645,-0.357667,-0.005264,2.088739
134.950000,0.022957,0.040314,-0.053939,-0.359132,-0.004559,2.088756
134.971000,0.022583,0.042783,-0.053213,-0.360653,-0.003897,2.088767
134.991000,0.022694,0.045103,-0.052554,-0.361991,-0.003203,2.088784
135.011000,0.022080,0.046976,-0.051869,-0.363148,-0.002756,2.088738
135.030000,0.022235,0.048452,-0.051156,-0.364058,-0.002142,2.088646
135.050000,0.022246,0.049845,-0.050510,-0.364860,-0.001562,2.088540
135.071000,0.021209,0.051385,-0.049797,-0.365638,-0.001285,2.088359
135.091000,0.020569,0.053444,-0.049042,-0.366426,-0.000936,2.088159
135.110000,0.019634,0.054820,-0.048549,-0.366914,-0.000763,2.087951
135.130000,0.019126,0.055827,-0.048032,-0.367193,-0.000484,2.087670
135.150000,0.018985,0.056334,-0.047504,-0.367226,-0.000164,2.087375
135.171000,0.018283,0.055987,-0.046960,-0.366914,0.000006,2.086944
135.191000,0.017908,0.055977,-0.046446,-0.366572,0.000237,2.086540
135.210000,0.017144,0.055991,-0.045986,-0.366130,0.000323,2.086158
135.230000,0.016061,0.055554,-0.045502,-0.365398,0.000318,2.085749
135.250000,0.015619,0.055202,-0.045130,-0.364564,0.000467,2.085405
135.270000,0.014999,0.054279,-0.044755,-0.363450,0.000511,2.085057
135.291000,0.014777,0.053153,-0.044462,-0.362122,0.000628,2.084697
135.310000,0.014992,0.051959,-0.044027,-0.360763,0.000822,2.084379
135.330000,0.014986,0.050565,-0.043775,-0.359175,0.000967,2.084057
135.350000,0.014853,0.049158,-0.043514,-0.357469,0.001061,2.083730
135.371000,0.014553,0.047700,-0.043192,-0.355594,0.001101,2.083358
135.393000,0.014418,0.045858,-0.043036,-0.353415,0.001197,2.082967
135.410000,0.014241,0.044451,-0.042916,-0.351655,0.001238,2.082643
135.430000,0.014014,0.042740,-0.042684,-0.349500,0.001274,2.082217
135.450000,0.013906,0.041004,-0.042668,-0.347239,0.001330,2.081788
135.471000,0.013825,0.039375,-0.042642,-0.344834,0.001380,2.081313
135.491000,0.013597,0.037596,-0.042535,-0.342436,0.001381,2.080804
135.510000,0.013827,0.035604,-0.042510,-0.339985,0.001519,2.080341
135.530000,0.013591,0.033785,-0.042527,-0.337422,0.001504,2.079847
135.550000,0.013268,0.032414,-0.042483,-0.334928,0.001478,2.079380
135.571000,0.013126,0.031547,-0.042629,-0.332358,0.001522,2.078938
135.591000,0.012714,0.031133,-0.042805,-0.329977,0.001480,2.078491
135.611000,0.012179,0.031030,-0.042933,-0.327656,0.001400,2.078052
135.630000,0.012003,0.030673,-0.043229,-0.325353,0.001420,2.077610
135.650000,0.011305,0.029965,-0.043300,-0.322828,0.001293,2.077079
135.671000,0.011016,0.029525,-0.043406,-0.320214,0.001336,2.076480
135.691000,0.010333,0.029174,-0.043608,-0.317690,0.001262,2.075843
135.710000,0.009413,0.029306,-0.043769,-0.315418,0.001117,2.075213
135.730000,0.008725,0.029596,-0.043928,-0.313013,0.001050,2.074499
135.750000,0.008251,0.029693,-0.044318,-0.310518,0.001052,2.073826
135.771000,0.007686,0.030502,-0.044499,-0.308086,0.001035,2.073080
135.791000,0.007195,0.031286,-0.044526,-0.305746,0.001077,2.072279
135.810000,0.006161,0.031821,-0.044757,-0.303456,0.001000,2.071502
135.830000,0.005527,0.032287,-0.044886,-0.300992,0.001094,2.070629
135.850000,0.004697,0.032734,-0.045296,-0.298500,0.001135,2.069798
135.871000,0.004112,0.033432,-0.045686,-0.295912,0.001271,2.068973
135.891000,0.003771,0.034224,-0.045980,-0.293491,0.001472,2.068139
135.910000,0.003466,0.033707,-0.046401,-0.290848,0.001653,2.067316
135.930000,0.003895,0.032995,-0.046586,-0.288000,0.002064,2.066452
135.950000,0.004074,0.032454,-0.046661,-0.285198,0.002445,2.065605
135.971000,0.003620,0.031753,-0.046945,-0.282191,0.002732,2.064715
135.993000,0.003541,0.031426,-0.047225,-0.279110,0.003169,2.063832
136.011000,0.003428,0.031179,-0.047394,-0.276593,0.003541,2.063127
136.030000,0.003565,0.030517,-0.047733,-0.273810,0.004007,2.062424
136.050000,0.004513,0.029801,-0.048054,-0.270859,0.004747,2.061681
136.071000,0.004841,0.028909,-0.048536,-0.267706,0.005361,2.060931
136.091000,0.005400,0.028444,-0.048800,-0.264807,0.006066,2.060270
136.111000,0.005440,0.027542,-0.048939,-0.261797,0.006671,2.059619
136.130000,0.005558,0.026731,-0.049132,-0.258948,0.007315,2.059041
136.150000,0.005443,0.025774,-0.049371,-0.255919,0.007978,2.058422
136.171000,0.004966,0.024818,-0.049620,-0.252763,0.008578,2.057810
136.191000,0.005092,0.024263,-0.049785,-0.249874,0.009366,2.057209
136.211000,0.004694,0.023091,-0.050023,-0.246838,0.010013,2.056590
136.230000,0.005103,0.021838,-0.050170,-0.243907,0.010858,2.056009
136.250000,0.005445,0.020741,-0.050277,-0.240891,0.011724,2.055456
136.271000,0.005779,0.019842,-0.050411,-0.237796,0.012624,2.054925
136.291000,0.006676,0.019299,-0.050246,-0.234955,0.013672,2.054505
136.310000,0.007236,0.018516,-0.050047,-0.232215,0.014587,2.054146
136.330000,0.008189,0.017491,-0.049984,-0.229290,0.015679,2.053835
136.350000,0.009189,0.016490,-0.049765,-0.226409,0.016804,2.053562
136.371000,0.009675,0.015448,-0.049672,-0.223421,0.017829,2.053360
136.391000,0.010967,0.014743,-0.049534,-0.220675,0.019031,2.053254
136.411000,0.012208,0.014414,-0.049268,-0.218071,0.020245,2.053205
136.430000,0.012566,0.014014,-0.049137,-0.215634,0.021185,2.053180
136.450000,0.013532,0.013547,-0.048868,-0.213112,0.022329,2.053178
136.471000,0.014568,0.012266,-0.048770,-0.210277,0.023513,2.053245
136.491000,0.015733,0.011259,-0.048723,-0.207669,0.024683,2.053350
136.510000,0.016746,0.010989,-0.048313,-0.205428,0.025731,2.053473
136.530000,0.018400,0.011089,-0.048063,-0.203214,0.026979,2.053648
136.550000,0.019566,0.010597,-0.047608,-0.200924,0.028057,2.053800
136.571000,0.021114,0.009586,-0.047213,-0.198459,0.029248,2.054016
136.591000,0.022312,0.008809,-0.046456,-0.196228,0.030295,2.054253
136.611000,0.023306,0.008077,-0.046003,-0.194075,0.031225,2.054557
136.630000,0.024633,0.007478,-0.045165,-0.192107,0.032179,2.054890
136.650000,0.025513,0.006561,-0.044634,-0.190037,0.032986,2.055239
136.671000,0.026681,0.005549,-0.043978,-0.187911,0.033804,2.055619
136.691000,0.028823,0.004894,-0.043176,-0.186037,0.034794,2.056001
136.710000,0.030327,0.004259,-0.042611,-0.184329,0.035515,2.056361
136.730000,0.032023,0.003348,-0.041883,-0.182520,0.036214,2.056787
136.750000,0.034281,0.002662,-0.041133,-0.180849,0.037016,2.057217
136.771000,0.035467,0.001806,-0.040518,-0.179174,0.037484,2.057567
136.791000,0.036431,0.001211,-0.039972,-0.177721,0.037789,2.057945
136.811000,0.037511,0.000842,-0.039445,-0.176376,0.038042,2.058365
136.830000,0.038081,0.000637,-0.039034,-0.175209,0.038061,2.058785
136.850000,0.038965,0.000546,-0.038545,-0.174100,0.038051,2.059247
136.871000,0.039833,0.000077,-0.038050,-0.172919,0.037944,2.059749
136.891000,0.039887,-0.000387,-0.037691,-0.171891,0.037492,2.060273
136.910000,0.040548,-0.000328,-0.037280,-0.171104,0.037160,2.060828
136.930000,0.040605,-0.000422,-0.037037,-0.170332,0.036527,2.061473
136.950000,0.040392,-0.000803,-0.036719,-0.169574,0.035714,2.062118
136.971000,0.040562,-0.001028,-0.036457,-0.168912,0.034862,2.062853
136.991000,0.039887,-0.001487,-0.036254,-0.168312,0.033705,2.063598
137.010000,0.039315,-0.001862,-0.036102,-0.167861,0.032528,2.064337
137.030000,0.038821,-0.002105,-0.035887,-0.167503,0.031224,2.065195
137.050000,0.037985,-0.002641,-0.035749,-0.167146,0.029730,2.066028
137.071000,0.036853,-0.003296,-0.035582,-0.166853,0.028013,2.066960
137.091000,0.035763,-0.003620,-0.035602,-0.166749,0.026300,2.067893
137.110000,0.034092,-0.004194,-0.035740,-0.166687,0.024397,2.068762
137.130000,0.032812,-0.004549,-0.035756,-0.166803,0.022417,2.069664
137.150000,0.031875,-0.005234,-0.035867,-0.166919,0.020489,2.070529
137.171000,0.030168,-0.006501,-0.036123,-0.166995,0.018202,2.071430
137.191000,0.028354,-0.007394,-0.036118,-0.167304,0.015957,2.072193
137.210000,0.025917,-0.008638,-0.036334,-0.167581,0.013604,2.072913
137.230000,0.023248,-0.009718,-0.036625,-0.168017,0.011100,2.073597
137.250000,0.020451,-0.010656,-0.036908,-0.168593,0.008555,2.074227
137.271000,0.017190,-0.011471,-0.037360,-0.169317,0.005760,2.074914
137.291000,0.014511,-0.011856,-0.037886,-0.170203,0.003196,2.075481
137.311000,0.011678,-0.011727,-0.038316,-0.171347,0.000575,2.075976
137.330000,0.008599,-0.011539,-0.038860,-0.172511,-0.001998,2.076378
137.350000,0.005579,-0.011186,-0.039324,-0.173841,-0.004592,2.076746
137.371000,0.002663,-0.010331,-0.039923,-0.175499,-0.007277,2.077097
137.390000,0.000139,-0.009691,-0.040234,-0.177012,-0.009597,2.077354
137.410000,-0.002864,-0.008530,-0.040854,-0.178824,-0.012096,2.077564
137.430000,-0.005486,-0.007038,-0.041685,-0.180815,-0.014457,2.077734
137.451000,-0.007625,-0.005213,-0.042407,-0.183054,-0.016713,2.077864
137.471000,-0.009233,-0.003493,-0.043123,-0.185233,-0.018698,2.077965
137.490000,-0.010500,-0.001894,-0.043799,-0.187343,-0.020451,2.078030
137.510000,-0.011891,-0.000101,-0.044342,-0.189659,-0.022219,2.078025
137.530000,-0.013359,0.001854,-0.044995,-0.192082,-0.023880,2.077966
137.551000,-0.015056,0.003880,-0.045675,-0.194636,-0.025569,2.077859
137.571000,-0.016240,0.006259,-0.046256,-0.197199,-0.026955,2.077802
137.590000,-0.016918,0.008941,-0.047003,-0.199767,-0.028065,2.077729
137.611000,-0.017250,0.012383,-0.047650,-0.202742,-0.029076,2.077632
137.630000,-0.017123,0.015633,-0.048033,-0.205473,-0.029775,2.077520
137.650000,-0.017342,0.018794,-0.048632,-0.208291,-0.030504,2.077322
137.671000,-0.016911,0.021566,-0.048964,-0.211086,-0.030952,2.077042
137.690000,-0.016715,0.023939,-0.049240,-0.213558,-0.031320,2.076703
137.710000,-0.016972,0.026531,-0.049480,-0.216140,-0.031677,2.076377
137.730000,-0.016964,0.029559,-0.049847,-0.218749,-0.031837,2.076034
137.751000,-0.016132,0.033327,-0.050131,-0.221583,-0.031648,2.075613
137.771000,-0.015456,0.037122,-0.050420,-0.224261,-0.031410,2.075279
137.790000,-0.015009,0.040518,-0.050761,-0.226680,-0.031175,2.074968
137.810000,-0.013175,0.043658,-0.050941,-0.229044,-0.030469,2.074592
137.830000,-0.011429,0.045809,-0.051067,-0.231069,-0.029711,2.074152
137.851000,-0.009873,0.048293,-0.051136,-0.233183,-0.028902,2.073671
137.871000,-0.008521,0.050367,-0.050985,-0.235048,-0.028054,2.073169
137.890000,-0.007716,0.051427,-0.050869,-0.236483,-0.027310,2.072694
137.910000,-0.006324,0.052651,-0.050646,-0.237906,-0.026273,2.072162
137.930000,-0.005547,0.053520,-0.050577,-0.239125,-0.025332,2.071604
137.951000,-0.004321,0.054014,-0.050168,-0.240173,-0.024163,2.071020
137.971000,-0.003431,0.053454,-0.049930,-0.240793,-0.023053,2.070463
137.990000,-0.002558,0.052987,-0.049676,-0.241317,-0.021920,2.069895
138.011000,-0.001945,0.052014,-0.049248,-0.241657,-0.020673,2.069218
138.030000,-0.001557,0.050496,-0.048947,-0.241670,-0.019555,2.068638
138.051000,-0.000254,0.049123,-0.048317,-0.241598,-0.018039,2.068025
138.071000,0.000967,0.048468,-0.047988,-0.241546,-0.016534,2.067507
138.090000,0.001856,0.048370,-0.047668,-0.241527,-0.015146,2.067035
138.111000,0.002947,0.048572,-0.047296,-0.241478,-0.013572,2.066498
138.130000,0.004534,0.048430,-0.046818,-0.241206,-0.011977,2.066082
138.151000,0.006359,0.047829,-0.046391,-0.240681,-0.010174,2.065609
138.171000,0.007667,0.046858,-0.045766,-0.239981,-0.008567,2.065202
138.190000,0.009422,0.046117,-0.045052,-0.239298,-0.006854,2.064800
138.210000,0.009832,0.044259,-0.044637,-0.238244,-0.005420,2.064364
138.230000,0.010412,0.042425,-0.043991,-0.237137,-0.003875,2.063919
138.251000,0.010336,0.040156,-0.043611,-0.235801,-0.002424,2.063487
138.271000,0.010367,0.037820,-0.043231,-0.234389,-0.001011,2.063102
138.290000,0.010762,0.035970,-0.042822,-0.233079,0.000455,2.062774
138.311000,0.010329,0.033846,-0.042653,-0.231543,0.001859,2.062433
138.331000,0.010194,0.031687,-0.042394,-0.230018,0.003289,2.062087
138.351000,0.010126,0.028849,-0.042021,-0.228298,0.004747,2.061711
138.370000,0.009463,0.025701,-0.041759,-0.226508,0.006005,2.061369
138.390000,0.008995,0.023082,-0.041575,-0.224770,0.007411,2.061018
138.410000,0.008554,0.021111,-0.041218,-0.223167,0.008849,2.060689
138.430000,0.007838,0.019513,-0.041043,-0.221600,0.010226,2.060438
138.451000,0.007030,0.018323,-0.041029,-0.220052,0.011626,2.060229
138.471000,0.007109,0.017743,-0.040947,-0.218705,0.013172,2.060061
138.490000,0.007815,0.017533,-0.040847,-0.217506,0.014802,2.059896
138.511000,0.008757,0.017254,-0.040811,-0.216196,0.016619,2.059694
138.530000,0.009225,0.016152,-0.040766,-0.214779,0.018122,2.059547
138.551000,0.010814,0.015141,-0.040702,-0.213258,0.020096,2.059453
138.551000,0.010814,0.015141,-0.040702,-0.213258,0.020096,2.059453
138.590000,0.013140,0.015230,-0.040309,-0.211046,0.023622,2.059206
138.611000,0.013420,0.014951,-0.040383,-0.209805,0.025257,2.059016
138.630000,0.014260,0.014770,-0.040401,-0.208738,0.026875,2.058832
138.651000,0.015095,0.013881,-0.040348,-0.207415,0.028579,2.058656
138.671000,0.016712,0.013145,-0.040338,-0.206188,0.030411,2.058517
138.690000,0.017639,0.012669,-0.040500,-0.205110,0.031967,2.058445
138.710000,0.018332,0.012392,-0.040631,-0.204052,0.033506,2.058394
138.730000,0.019358,0.012516,-0.040639,-0.203114,0.035113,2.058385
138.751000,0.020195,0.012860,-0.040756,-0.202216,0.036684,2.058402
138.771000,0.020464,0.012809,-0.040800,-0.201311,0.038002,2.058522
138.790000,0.021270,0.012779,-0.040935,-0.200470,0.039368,2.058744
138.810000,0.021598,0.012553,-0.041066,-0.199581,0.040613,2.059013
138.830000,0.021788,0.012608,-0.041175,-0.198804,0.041781,2.059346
138.851000,0.022162,0.012357,-0.041342,-0.197954,0.042998,2.059730
138.871000,0.022446,0.011681,-0.041531,-0.197100,0.044053,2.060140
138.890000,0.023183,0.010876,-0.041776,-0.196277,0.045106,2.060589
138.910000,0.024267,0.009764,-0.041976,-0.195371,0.046254,2.061077
138.930000,0.024991,0.008642,-0.042245,-0.194553,0.047195,2.061594
138.951000,0.026252,0.007258,-0.042281,-0.193691,0.048249,2.062171
138.971000,0.027357,0.005345,-0.042231,-0.192746,0.049170,2.062738
138.990000,0.028299,0.003641,-0.042168,-0.191924,0.049979,2.063235
139.010000,0.029120,0.002464,-0.041973,-0.191297,0.050715,2.063772
139.030000,0.029918,0.001414,-0.041990,-0.190759,0.051379,2.064269
139.051000,0.030678,0.000247,-0.041879,-0.190241,0.051977,2.064778
139.071000,0.031742,-0.000851,-0.041902,-0.189833,0.052574,2.065251
139.090000,0.032413,-0.002170,-0.041764,-0.189440,0.053005,2.065658
139.110000,0.032744,-0.003463,-0.041711,-0.189143,0.053305,2.066043
139.130000,0.032973,-0.004688,-0.041722,-0.188958,0.053511,2.066374
139.151000,0.032683,-0.006037,-0.041606,-0.188841,0.053497,2.066723
139.171000,0.032917,-0.007141,-0.041477,-0.188871,0.053537,2.067060
139.190000,0.032886,-0.008647,-0.041293,-0.188836,0.053456,2.067341
139.210000,0.032557,-0.009695,-0.041182,-0.189036,0.053228,2.067636
139.230000,0.032394,-0.010219,-0.040943,-0.189458,0.052984,2.067923
139.251000,0.032312,-0.010114,-0.040850,-0.190166,0.052671,2.068194
139.271000,0.032059,-0.010193,-0.040822,-0.190854,0.052251,2.068455
139.290000,0.031931,-0.009883,-0.040838,-0.191670,0.051828,2.068675
139.310000,0.031681,-0.009054,-0.041019,-0.192744,0.051277,2.068910
139.330000,0.031582,-0.007854,-0.041243,-0.194006,0.050658,2.069116
139.351000,0.032069,-0.006213,-0.041515,-0.195501,0.050109,2.069334
139.371000,0.032061,-0.004698,-0.041791,-0.196989,0.049385,2.069511
139.390000,0.031599,-0.003105,-0.042048,-0.198523,0.048504,2.069695
139.411000,0.031661,-0.000972,-0.042196,-0.200391,0.047644,2.069877
139.430000,0.031315,0.000600,-0.042410,-0.202039,0.046716,2.069981
139.451000,0.030506,0.002164,-0.042985,-0.203884,0.045528,2.070012
139.471000,0.029763,0.003868,-0.043151,-0.205754,0.044346,2.070000
139.490000,0.028798,0.005412,-0.043643,-0.207564,0.043109,2.069967
139.510000,0.028026,0.006708,-0.043999,-0.209400,0.041802,2.069897
139.510000,0.028026,0.006708,-0.043999,-0.209400,0.041802,2.069897
139.551000,0.026219,0.010625,-0.044479,-0.213585,0.038872,2.069656
139.571000,0.024978,0.012379,-0.044834,-0.215633,0.037293,2.069493
139.591000,0.024038,0.014261,-0.044978,-0.217693,0.035746,2.069344
139.611000,0.023095,0.016290,-0.045350,-0.219777,0.034174,2.069228
139.630000,0.021715,0.018182,-0.045753,-0.221743,0.032533,2.069077
139.651000,0.020606,0.020223,-0.046327,-0.223912,0.030791,2.068847
139.671000,0.019474,0.021942,-0.046901,-0.225901,0.029090,2.068623
139.690000,0.018427,0.023691,-0.047257,-0.227804,0.027449,2.068390
139.711000,0.017551,0.025524,-0.047555,-0.229858,0.025685,2.068076
139.730000,0.016457,0.027096,-0.047680,-0.231649,0.023999,2.067784
139.753000,0.015464,0.029320,-0.047783,-0.233812,0.022016,2.067410
139.771000,0.014976,0.031257,-0.047874,-0.235497,0.020534,2.067084
139.790000,0.014045,0.033216,-0.047880,-0.237228,0.018862,2.066706
139.811000,0.013177,0.034979,-0.048021,-0.238944,0.017053,2.066279
139.830000,0.012457,0.036549,-0.048113,-0.240428,0.015454,2.065870
139.851000,0.011179,0.038134,-0.048292,-0.241967,0.013567,2.065391
139.871000,0.010088,0.039432,-0.048383,-0.243292,0.011857,2.064925
139.890000,0.008941,0.040184,-0.048319,-0.244354,0.010174,2.064457
139.910000,0.007973,0.040884,-0.048126,-0.245391,0.008476,2.063947
139.930000,0.007111,0.041398,-0.047885,-0.246289,0.006841,2.063477
139.951000,0.006155,0.041436,-0.047679,-0.247011,0.005133,2.062931
139.971000,0.005104,0.041265,-0.047419,-0.247552,0.003521,2.062443
139.990000,0.003863,0.041136,-0.047255,-0.247975,0.001931,2.061968
140.010000,0.003178,0.041271,-0.046893,-0.248370,0.000441,2.061473
140.030000,0.002919,0.041378,-0.046594,-0.248641,-0.000928,2.061004
140.051000,0.002852,0.041524,-0.046308,-0.248793,-0.002314,2.060558
140.071000,0.003075,0.042045,-0.045887,-0.248934,-0.003532,2.060131
140.093000,0.003534,0.042435,-0.045071,-0.248934,-0.004794,2.059661
140.111000,0.003290,0.042317,-0.044472,-0.248726,-0.005927,2.059258
140.130000,0.002855,0.042465,-0.043749,-0.248514,-0.007147,2.058849
140.151000,0.003247,0.042526,-0.042722,-0.248173,-0.008273,2.058383
140.171000,0.003582,0.041761,-0.041781,-0.247512,-0.009286,2.057919
140.190000,0.003460,0.041256,-0.040893,-0.246871,-0.010346,2.057444
140.210000,0.003163,0.040988,-0.039869,-0.246201,-0.011451,2.056871
140.230000,0.003355,0.039982,-0.039011,-0.245254,-0.012385,2.056302
140.251000,0.003631,0.038485,-0.037740,-0.244051,-0.013315,2.055670
140.271000,0.003744,0.037169,-0.036286,-0.242867,-0.014221,2.055131
140.290000,0.003611,0.035855,-0.034939,-0.241659,-0.015121,2.054645
140.310000,0.004066,0.034519,-0.033241,-0.240315,-0.015860,2.054113
140.330000,0.004431,0.033198,-0.031482,-0.238914,-0.016595,2.053612
140.351000,0.004502,0.031689,-0.029836,-0.237314,-0.017428,2.053061
140.371000,0.005123,0.030788,-0.028262,-0.235888,-0.018041,2.052535
140.390000,0.005815,0.030123,-0.026642,-0.234526,-0.018562,2.052042
140.410000,0.006183,0.029406,-0.025008,-0.233035,-0.019217,2.051526
140.430000,0.007295,0.028622,-0.023264,-0.231476,-0.019675,2.051029
140.451000,0.008579,0.027772,-0.021305,-0.229784,-0.020072,2.050492
140.471000,0.009245,0.027203,-0.019579,-0.228196,-0.020603,2.049991
140.490000,0.010233,0.027081,-0.017725,-0.226791,-0.021004,2.049515
140.510000,0.011173,0.026799,-0.016056,-0.225239,-0.021445,2.049004
140.533000,0.012615,0.025900,-0.014044,-0.223269,-0.021890,2.048371
140.551000,0.014069,0.024990,-0.012264,-0.221639,-0.022168,2.047833
140.571000,0.015016,0.024330,-0.010636,-0.219889,-0.022650,2.047188
140.590000,0.016055,0.024054,-0.009188,-0.218303,-0.023063,2.046597
140.611000,0.017253,0.023927,-0.007749,-0.216552,-0.023483,2.045960
140.630000,0.017693,0.023935,-0.006571,-0.214957,-0.024055,2.045441
140.651000,0.018007,0.024376,-0.005334,-0.213313,-0.024719,2.044950
140.671000,0.017609,0.024759,-0.004423,-0.211709,-0.025541,2.044590
140.690000,0.017489,0.024789,-0.003633,-0.210091,-0.026278,2.044304
140.711000,0.017352,0.024408,-0.002844,-0.208178,-0.027104,2.044055
140.730000,0.016853,0.024116,-0.002452,-0.206466,-0.027995,2.043879
140.750000,0.016465,0.023441,-0.002048,-0.204573,-0.028914,2.043761
140.771000,0.015902,0.022126,-0.001815,-0.202432,-0.029943,2.043710
140.790000,0.015328,0.020643,-0.001587,-0.200422,-0.030898,2.043697
140.811000,0.014478,0.018880,-0.001569,-0.198170,-0.032020,2.043754
140.830000,0.013658,0.017147,-0.001667,-0.196094,-0.033082,2.043813
140.851000,0.012811,0.015054,-0.001666,-0.193769,-0.034215,2.043912
140.871000,0.011169,0.013034,-0.001980,-0.191553,-0.035542,2.044056
140.890000,0.010338,0.011381,-0.002276,-0.189523,-0.036610,2.044224
140.910000,0.009640,0.009842,-0.002843,-0.187452,-0.037712,2.044438
140.930000,0.008906,0.008133,-0.003496,-0.185338,-0.038822,2.044619
140.951000,0.007862,0.006655,-0.004283,-0.183233,-0.040072,2.044828
140.971000,0.007225,0.005475,-0.005061,-0.181298,-0.041153,2.045007
140.990000,0.007092,0.004701,-0.005781,-0.179579,-0.042060,2.045213
141.011000,0.006927,0.003916,-0.006673,-0.177734,-0.043052,2.045495
141.030000,0.006446,0.003371,-0.007658,-0.176123,-0.044036,2.045801
141.051000,0.006176,0.003169,-0.008664,-0.174513,-0.045048,2.046193
141.071000,0.005948,0.002801,-0.009693,-0.172976,-0.045974,2.046563
141.090000,0.005559,0.002123,-0.010833,-0.171472,-0.046882,2.046949
141.111000,0.005612,0.001716,-0.012085,-0.169966,-0.047721,2.047414
141.130000,0.005312,0.001496,-0.013346,-0.168675,-0.048528,2.047875
141.151000,0.004441,0.001335,-0.014706,-0.167312,-0.049526,2.048368
141.171000,0.003519,0.001416,-0.015962,-0.166130,-0.050436,2.048855
141.190000,0.002329,0.001597,-0.017306,-0.165064,-0.051351,2.049357
141.211000,0.001116,0.002014,-0.018694,-0.163986,-0.052292,2.049914
141.230000,-0.000020,0.002617,-0.019956,-0.163127,-0.053093,2.050453
141.251000,-0.002031,0.003000,-0.021388,-0.162155,-0.054137,2.051019
141.271000,-0.003435,0.003517,-0.022813,-0.161341,-0.054933,2.051506
141.290000,-0.004722,0.003831,-0.024068,-0.160596,-0.055634,2.051906
141.310000,-0.006337,0.003375,-0.025329,-0.159638,-0.056373,2.052285
141.330000,-0.007996,0.003397,-0.026348,-0.158882,-0.057045,2.052630
141.351000,-0.010312,0.003757,-0.027533,-0.158243,-0.057809,2.052918
141.371000,-0.012556,0.003722,-0.028489,-0.157589,-0.058459,2.053125
141.390000,-0.014382,0.003510,-0.029263,-0.156968,-0.058939,2.053267
141.410000,-0.016121,0.003591,-0.030067,-0.156432,-0.059267,2.053380
141.430000,-0.018143,0.003647,-0.030957,-0.155927,-0.059580,2.053443
141.451000,-0.019831,0.004041,-0.031655,-0.155539,-0.059679,2.053412
141.471000,-0.021260,0.004487,-0.032391,-0.155204,-0.059614,2.053373
141.490000,-0.022602,0.005089,-0.033134,-0.154983,-0.059459,2.053338
141.510000,-0.023494,0.005613,-0.033543,-0.154766,-0.059037,2.053349
141.530000,-0.023834,0.006063,-0.033986,-0.154573,-0.058333,2.053324
141.551000,-0.025016,0.006309,-0.034301,-0.154367,-0.057649,2.053287
141.571000,-0.026080,0.006648,-0.034585,-0.154260,-0.056833,2.053216
141.591000,-0.026623,0.006913,-0.034855,-0.154177,-0.055722,2.053086
141.611000,-0.027142,0.006594,-0.035181,-0.153977,-0.054480,2.052921
141.630000,-0.027383,0.006297,-0.035160,-0.153845,-0.053067,2.052693
141.651000,-0.027463,0.005872,-0.035336,-0.153756,-0.051344,2.052423
141.671000,-0.027115,0.004889,-0.035272,-0.153577,-0.049441,2.052092
141.690000,-0.027003,0.003733,-0.034927,-0.153387,-0.047565,2.051746
141.710000,-0.026156,0.002807,-0.034722,-0.153315,-0.045221,2.051343
141.730000,-0.025668,0.001457,-0.034417,-0.153187,-0.042851,2.050923
141.751000,-0.024572,0.000081,-0.033883,-0.153151,-0.040030,2.050465
141.771000,-0.023578,-0.001538,-0.033424,-0.153094,-0.037204,2.049995
141.790000,-0.022571,-0.003114,-0.032919,-0.153123,-0.034395,2.049511
141.810000,-0.020762,-0.005564,-0.032184,-0.153031,-0.031103,2.049005
141.830000,-0.018901,-0.008717,-0.031507,-0.152833,-0.027664,2.048526
141.851000,-0.017098,-0.011674,-0.030893,-0.152811,-0.023958,2.048026
141.871000,-0.015426,-0.014255,-0.030274,-0.152916,-0.020319,2.047613
141.890000,-0.013761,-0.016472,-0.029819,-0.153108,-0.016727,2.047234
141.911000,-0.012020,-0.018441,-0.029257,-0.153503,-0.012704,2.046793
141.930000,-0.010066,-0.019599,-0.028713,-0.154092,-0.008867,2.046382
141.951000,-0.007584,-0.020668,-0.028201,-0.154801,-0.004474,2.045926
141.971000,-0.004890,-0.020724,-0.027368,-0.155800,-0.000139,2.045485
141.990000,-0.001936,-0.019580,-0.026397,-0.157125,0.004143,2.045087
142.011000,0.000303,-0.016827,-0.025409,-0.159054,0.008668,2.044641
142.030000,0.002340,-0.013430,-0.024263,-0.161104,0.012775,2.044280
142.051000,0.005491,-0.009270,-0.022772,-0.163510,0.017599,2.043882
142.071000,0.008326,-0.004869,-0.021287,-0.165989,0.022144,2.043588
142.090000,0.011253,-0.000214,-0.019690,-0.168524,0.026515,2.043313
142.110000,0.014889,0.004915,-0.018019,-0.171300,0.031232,2.043083
142.130000,0.018722,0.010282,-0.016081,-0.174174,0.035976,2.042882
142.150000,0.022379,0.015947,-0.014038,-0.177175,0.040646,2.042707
142.171000,0.025658,0.021655,-0.011968,-0.180248,0.045349,2.042594
142.190000,0.028176,0.026622,-0.009988,-0.182967,0.049429,2.042498
142.210000,0.031238,0.031614,-0.007993,-0.185694,0.053776,2.042507
142.230000,0.034463,0.036774,-0.005852,-0.188409,0.058075,2.042567
142.251000,0.037734,0.042674,-0.003436,-0.191358,0.062490,2.042635
142.271000,0.036334,0.048032,0.002104,-0.194176,0.065071,2.042560
142.290000,0.038078,0.053075,0.004193,-0.196629,0.068518,2.042678
142.310000,0.041233,0.058577,0.007258,-0.199299,0.072451,2.042910
142.330000,0.043521,0.062785,0.009804,-0.201358,0.075912,2.043109
142.351000,0.045574,0.066475,0.012477,-0.203172,0.079325,2.043358
142.371000,0.047548,0.070046,0.015118,-0.204803,0.082417,2.043605
142.390000,0.048969,0.072576,0.017547,-0.206005,0.085145,2.043829
142.411000,0.050535,0.074401,0.020159,-0.206917,0.088006,2.044063
142.430000,0.051674,0.075979,0.022432,-0.207570,0.090369,2.044349
142.451000,0.052835,0.077295,0.025015,-0.207986,0.092757,2.044685
142.471000,0.054429,0.077736,0.027640,-0.208041,0.094993,2.044957
142.490000,0.055192,0.076867,0.030050,-0.207602,0.096806,2.045134
142.510000,0.055446,0.076109,0.032816,-0.207027,0.098435,2.045252
142.530000,0.054688,0.074775,0.035385,-0.206121,0.099671,2.045343
142.551000,0.053676,0.072502,0.038232,-0.204797,0.100777,2.045333
142.571000,0.052347,0.069199,0.040801,-0.203035,0.101623,2.045297
142.590000,0.050690,0.066337,0.043157,-0.201301,0.102197,2.045268
142.610000,0.048432,0.063174,0.045462,-0.199246,0.102534,2.045240
142.630000,0.046129,0.060384,0.047792,-0.197174,0.102677,2.045251
142.651000,0.044102,0.057234,0.050358,-0.194801,0.102759,2.045336
142.671000,0.042060,0.053414,0.052693,-0.192236,0.102682,2.045398
142.690000,0.040018,0.049321,0.054737,-0.189616,0.102520,2.045433
142.711000,0.037108,0.044379,0.056751,-0.186532,0.102070,2.045436
142.730000,0.034494,0.039743,0.058439,-0.183648,0.101610,2.045421
142.751000,0.031535,0.034066,0.060127,-0.180279,0.100999,2.045372
142.771000,0.028981,0.028190,0.061575,-0.176930,0.100430,2.045293
142.790000,0.026591,0.022609,0.062670,-0.173754,0.099852,2.045194
142.811000,0.023337,0.016103,0.063813,-0.170151,0.099003,2.045083
142.830000,0.020591,0.010553,0.064591,-0.166971,0.098240,2.045055
142.851000,0.017426,0.004619,0.065312,-0.163422,0.097233,2.045095
142.871000,0.014754,-0.000519,0.065917,-0.160240,0.096320,2.045191
142.890000,0.012349,-0.004681,0.066808,-0.157582,0.095463,2.045352
142.910000,0.009689,-0.008937,0.067295,-0.154882,0.094545,2.045540
142.930000,0.007157,-0.013385,0.067517,-0.152235,0.093633,2.045704
142.951000,0.005255,-0.018188,0.067634,-0.149578,0.092894,2.045899
142.971000,0.003739,-0.022446,0.067460,-0.147285,0.092249,2.046087
142.990000,0.002701,-0.026434,0.067411,-0.145279,0.091780,2.046240
143.010000,0.001035,-0.030522,0.067244,-0.143350,0.091157,2.046398
143.030000,-0.000591,-0.034148,0.066943,-0.141714,0.090580,2.046538
143.051000,-0.002147,-0.037244,0.066421,-0.140381,0.090090,2.046654
143.071000,-0.003925,-0.040099,0.065688,-0.139330,0.089616,2.046692
143.093000,-0.006725,-0.043091,0.064690,-0.138458,0.088972,2.046681
143.110000,-0.009390,-0.045094,0.063938,-0.138028,0.088405,2.046618
143.130000,-0.011857,-0.047017,0.062933,-0.137885,0.087932,2.046526
143.151000,-0.013381,-0.048670,0.061807,-0.138042,0.087782,2.046436
143.171000,-0.014478,-0.049568,0.060690,-0.138620,0.087757,2.046363
143.190000,-0.015131,-0.049800,0.059669,-0.139547,0.087898,2.046312
143.211000,-0.015113,-0.049320,0.058349,-0.141036,0.088371,2.046284
143.230000,-0.015328,-0.048452,0.057163,-0.142708,0.088824,2.046225
143.251000,-0.015845,-0.046766,0.055179,-0.144992,0.089309,2.046179
143.271000,-0.016398,-0.045133,0.053519,-0.147403,0.089812,2.046124
143.290000,-0.015768,-0.043768,0.051936,-0.149857,0.090700,2.046068
143.310000,-0.014708,-0.042080,0.050141,-0.152749,0.091828,2.046006
143.330000,-0.011882,-0.040888,0.045708,-0.155600,0.093635,2.045972
143.351000,-0.011100,-0.038834,0.043584,-0.159116,0.094903,2.045921
143.371000,-0.010273,-0.036602,0.041558,-0.162705,0.096213,2.045901
143.390000,-0.008877,-0.033936,0.039665,-0.166436,0.097713,2.045891
143.410000,-0.007111,-0.030391,0.037780,-0.170726,0.099482,2.045920
143.430000,-0.005532,-0.026626,0.035866,-0.175210,0.101289,2.045974
143.451000,-0.004110,-0.021989,0.033541,-0.180270,0.103202,2.046110
143.471000,-0.002521,-0.017886,0.031306,-0.185131,0.105143,2.046305
143.490000,-0.000348,-0.014342,0.029139,-0.189774,0.107177,2.046595
143.510000,0.002652,-0.010864,0.026913,-0.194697,0.109589,2.046990
143.530000,0.005260,-0.007289,0.024677,-0.199737,0.111942,2.047385
143.551000,0.007918,-0.003127,0.022386,-0.205194,0.114453,2.047802
143.571000,0.010830,0.000971,0.020174,-0.210454,0.117037,2.048232
143.590000,0.013074,0.005090,0.018308,-0.215548,0.119376,2.048639
143.611000,0.015027,0.009931,0.016093,-0.221265,0.121868,2.049102
143.630000,0.016982,0.014331,0.014160,-0.226410,0.124178,2.049511
143.651000,0.019829,0.019358,0.012141,-0.232151,0.126952,2.049964
143.671000,0.021924,0.023770,0.010095,-0.237473,0.129425,2.050376
143.690000,0.024105,0.027902,0.008030,-0.242493,0.131810,2.050758
143.711000,0.027105,0.032224,0.005972,-0.247956,0.134584,2.051220
143.730000,0.029112,0.035215,0.003970,-0.252597,0.136884,2.051644
143.751000,0.031645,0.038378,0.001948,-0.257626,0.139434,2.052097
143.771000,0.034504,0.041270,0.000167,-0.262280,0.141911,2.052612
143.790000,0.036866,0.043641,-0.001539,-0.266487,0.144115,2.053104
143.811000,0.039292,0.046181,-0.003215,-0.271007,0.146445,2.053616
143.830000,0.041487,0.048517,-0.004789,-0.274975,0.148504,2.054075
143.850000,0.043031,0.050520,-0.006496,-0.278904,0.150419,2.054543
143.871000,0.044925,0.052438,-0.008277,-0.282802,0.152429,2.055021
143.890000,0.046707,0.054479,-0.009778,-0.286248,0.154155,2.055463
143.911000,0.048302,0.057148,-0.011424,-0.290028,0.155857,2.055862
143.930000,0.049276,0.059374,-0.012940,-0.293242,0.157196,2.056180
143.951000,0.050307,0.061195,-0.014403,-0.296452,0.158561,2.056502
143.971000,0.051019,0.062979,-0.015673,-0.299386,0.159685,2.056760
143.990000,0.051411,0.063922,-0.016700,-0.301811,0.160596,2.057041
144.011000,0.051348,0.064624,-0.017900,-0.304222,0.161371,2.057310
144.030000,0.051283,0.065282,-0.018865,-0.306264,0.161984,2.057559
144.051000,0.050377,0.065779,-0.020039,-0.308257,0.162298,2.057832
144.071000,0.049729,0.066198,-0.020915,-0.309963,0.162565,2.058063
144.090000,0.048781,0.066981,-0.021875,-0.311499,0.162625,2.058310
144.111000,0.047748,0.068048,-0.022985,-0.313063,0.162552,2.058562
144.130000,0.047174,0.068360,-0.023578,-0.314138,0.162456,2.058767
144.151000,0.046491,0.068375,-0.024294,-0.315039,0.162238,2.058929
144.171000,0.045628,0.068774,-0.024802,-0.315805,0.161845,2.059040
144.190000,0.044615,0.069134,-0.025239,-0.316382,0.161359,2.059099
144.211000,0.043235,0.069872,-0.025719,-0.316895,0.160630,2.059243
144.230000,0.042396,0.070820,-0.025854,-0.317256,0.159983,2.059411
144.251000,0.041406,0.072253,-0.026157,-0.317576,0.159111,2.059637
144.271000,0.040435,0.072944,-0.026464,-0.317515,0.158196,2.059829
144.290000,0.039436,0.072906,-0.026522,-0.317137,0.157200,2.060014
144.311000,0.038816,0.073155,-0.026850,-0.316589,0.156158,2.060223
144.330000,0.037307,0.073154,-0.027102,-0.315916,0.154875,2.060429
144.351000,0.036462,0.072926,-0.027261,-0.314921,0.153569,2.060674
144.371000,0.035943,0.072024,-0.027309,-0.313606,0.152325,2.060953
144.390000,0.034932,0.071290,-0.027570,-0.312246,0.150927,2.061247
144.411000,0.034380,0.070686,-0.027691,-0.310615,0.149415,2.061645
144.430000,0.034543,0.069882,-0.027841,-0.308886,0.148143,2.062063
144.451000,0.034134,0.068927,-0.027999,-0.306831,0.146480,2.062541
144.470000,0.033961,0.067965,-0.028200,-0.304801,0.144957,2.063016
144.490000,0.034193,0.066875,-0.028393,-0.302518,0.143387,2.063558
144.510000,0.034243,0.065286,-0.028632,-0.299932,0.141659,2.064111
144.530000,0.034424,0.063778,-0.028612,-0.297234,0.139888,2.064678
144.553000,0.034420,0.062031,-0.028715,-0.293936,0.137723,2.065406
144.571000,0.034316,0.060554,-0.028690,-0.291196,0.135974,2.065977
144.590000,0.033765,0.058934,-0.028735,-0.288223,0.133935,2.066629
144.611000,0.033208,0.056930,-0.028721,-0.284751,0.131635,2.067333
144.630000,0.032721,0.054988,-0.028685,-0.281469,0.129481,2.068013
144.651000,0.032347,0.052896,-0.028474,-0.277765,0.127075,2.068773
144.670000,0.031632,0.050750,-0.028566,-0.274247,0.124744,2.069459
144.690000,0.031244,0.048811,-0.028775,-0.270544,0.122336,2.070195
144.711000,0.030674,0.046578,-0.028866,-0.266528,0.119691,2.070965
144.730000,0.030393,0.044318,-0.028915,-0.262771,0.117295,2.071685
144.750000,0.030409,0.042194,-0.029025,-0.258822,0.114804,2.072458
144.771000,0.029885,0.039723,-0.028942,-0.254606,0.111968,2.073238
144.790000,0.029737,0.036967,-0.028911,-0.250595,0.109469,2.073929
144.811000,0.029426,0.034007,-0.028978,-0.246154,0.106604,2.074705
144.830000,0.028957,0.031453,-0.028831,-0.242166,0.103925,2.075403
144.851000,0.028372,0.028550,-0.028763,-0.237714,0.100919,2.076195
144.871000,0.027781,0.025716,-0.028880,-0.233475,0.097997,2.076926
144.890000,0.027521,0.023200,-0.029052,-0.229477,0.095255,2.077670
144.911000,0.027234,0.020435,-0.029310,-0.225062,0.092185,2.078508
144.931000,0.026994,0.018005,-0.029701,-0.220972,0.089242,2.079272
144.951000,0.026331,0.015235,-0.029877,-0.216839,0.086180,2.080007
144.971000,0.025480,0.012360,-0.030071,-0.212730,0.083038,2.080717
144.990000,0.024607,0.009786,-0.030462,-0.208941,0.080017,2.081371
145.010000,0.023530,0.006942,-0.030620,-0.204952,0.076804,2.082028
145.030000,0.022069,0.004323,-0.030853,-0.201073,0.073461,2.082653
145.050000,0.020992,0.002281,-0.031087,-0.197411,0.070225,2.083249
145.071000,0.019307,0.000574,-0.031519,-0.193767,0.066664,2.083824
145.090000,0.017881,-0.000635,-0.032027,-0.190620,0.063469,2.084308
145.111000,0.016740,-0.001886,-0.032356,-0.187248,0.060032,2.084824
145.130000,0.015567,-0.002697,-0.032516,-0.184365,0.056875,2.085266
145.150000,0.014569,-0.003179,-0.032702,-0.181508,0.053613,2.085707
145.150000,0.014569,-0.003179,-0.032702,-0.181508,0.053613,2.085707
145.190000,0.012419,-0.003697,-0.033218,-0.176230,0.047107,2.086481
145.210000,0.011309,-0.004241,-0.033400,-0.173683,0.043864,2.086817
145.230000,0.010272,-0.004770,-0.033552,-0.171245,0.040672,2.087130
145.250000,0.009029,-0.004897,-0.033634,-0.169002,0.037474,2.087431
145.271000,0.007525,-0.004484,-0.033877,-0.166909,0.034102,2.087716
145.290000,0.006421,-0.004167,-0.033792,-0.165125,0.031138,2.087945
145.311000,0.005356,-0.004330,-0.033675,-0.163106,0.027936,2.088211
145.330000,0.004636,-0.004175,-0.033726,-0.161433,0.025125,2.088403
145.350000,0.004030,-0.003593,-0.033375,-0.159906,0.022246,2.088552
145.371000,0.003219,-0.003200,-0.033162,-0.158343,0.019201,2.088668
145.390000,0.003354,-0.002773,-0.032725,-0.157062,0.016743,2.088742
145.411000,0.002834,-0.002834,-0.032206,-0.155644,0.013911,2.088773
145.430000,0.002598,-0.003079,-0.031747,-0.154413,0.011471,2.088760
145.450000,0.002120,-0.003635,-0.030996,-0.153151,0.008935,2.088656
145.471000,0.000938,-0.004356,-0.030549,-0.151918,0.006172,2.088476
145.490000,0.000364,-0.004757,-0.029909,-0.150943,0.003886,2.088282
145.511000,-0.000508,-0.004919,-0.029429,-0.150054,0.001359,2.088064
145.530000,-0.001175,-0.004907,-0.028955,-0.149362,-0.000829,2.087834
145.551000,-0.001210,-0.004669,-0.028360,-0.148740,-0.002991,2.087557
145.571000,-0.001485,-0.004095,-0.027900,-0.148325,-0.005063,2.087277
145.590000,-0.001160,-0.003511,-0.027319,-0.148035,-0.006818,2.086986
145.611000,-0.000895,-0.003103,-0.026471,-0.147736,-0.008697,2.086632
145.630000,-0.001212,-0.002669,-0.025845,-0.147594,-0.010461,2.086285
145.651000,-0.001619,-0.002151,-0.024960,-0.147545,-0.012342,2.085817
145.671000,-0.002170,-0.002007,-0.024163,-0.147480,-0.014079,2.085338
145.690000,-0.002461,-0.001725,-0.023288,-0.147521,-0.015593,2.084849
145.711000,-0.002863,-0.001018,-0.022223,-0.147746,-0.017238,2.084315
145.730000,-0.002968,0.000128,-0.021430,-0.148154,-0.018572,2.083847
145.750000,-0.003160,0.001541,-0.020602,-0.148692,-0.019946,2.083355
145.771000,-0.003453,0.002955,-0.019746,-0.149351,-0.021382,2.082838
145.790000,-0.002448,0.003620,-0.018957,-0.149823,-0.022293,2.082426
145.811000,-0.001142,0.004228,-0.018079,-0.150366,-0.023204,2.082012
145.830000,-0.000413,0.005254,-0.017300,-0.151060,-0.024058,2.081650
145.851000,0.000420,0.006649,-0.016696,-0.151935,-0.024921,2.081267
145.871000,0.001114,0.007965,-0.015889,-0.152817,-0.025731,2.080906
145.890000,0.002303,0.009174,-0.015165,-0.153690,-0.026313,2.080554
145.911000,0.003530,0.010196,-0.014575,-0.154611,-0.026914,2.080180
145.930000,0.004750,0.011164,-0.014116,-0.155516,-0.027388,2.079835
145.951000,0.006172,0.011866,-0.013604,-0.156475,-0.027842,2.079439
145.971000,0.007390,0.012125,-0.013182,-0.157311,-0.028233,2.079036
145.990000,0.008093,0.012401,-0.012552,-0.158137,-0.028657,2.078637
146.011000,0.008520,0.012991,-0.012256,-0.159130,-0.029119,2.078178
146.030000,0.008762,0.013890,-0.011946,-0.160136,-0.029528,2.077773
146.051000,0.008769,0.015157,-0.011700,-0.161324,-0.030027,2.077343
146.071000,0.009360,0.016616,-0.011312,-0.162510,-0.030317,2.076989
146.090000,0.010231,0.018278,-0.011150,-0.163720,-0.030471,2.076664
146.111000,0.010513,0.019657,-0.010996,-0.164977,-0.030806,2.076295
146.130000,0.011519,0.020681,-0.010828,-0.166020,-0.030878,2.075969
146.151000,0.012518,0.021789,-0.010674,-0.167156,-0.030969,2.075588
146.151000,0.012518,0.021789,-0.010674,-0.167156,-0.030969,2.075588
146.190000,0.013399,0.024635,-0.010305,-0.169448,-0.031258,2.074805
146.211000,0.013302,0.026136,-0.010204,-0.170660,-0.031479,2.074327
146.230000,0.013060,0.027427,-0.010128,-0.171724,-0.031669,2.073898
146.251000,0.012619,0.028785,-0.010197,-0.172871,-0.031899,2.073369
146.271000,0.012181,0.029833,-0.010151,-0.173907,-0.032102,2.072840
146.290000,0.011917,0.030145,-0.010114,-0.174681,-0.032247,2.072302
146.311000,0.011826,0.030537,-0.009990,-0.175538,-0.032366,2.071697
146.330000,0.011846,0.030752,-0.009932,-0.176255,-0.032428,2.071137
146.350000,0.011729,0.030657,-0.009849,-0.176903,-0.032493,2.070537
146.371000,0.011382,0.030299,-0.009565,-0.177484,-0.032578,2.069889
146.391000,0.011031,0.030221,-0.009555,-0.178046,-0.032613,2.069349
146.411000,0.010591,0.030510,-0.009380,-0.178661,-0.032690,2.068852
146.430000,0.010634,0.031124,-0.009109,-0.179291,-0.032602,2.068448
146.451000,0.010364,0.031809,-0.009011,-0.179933,-0.032562,2.068068
146.471000,0.010007,0.032124,-0.008918,-0.180445,-0.032524,2.067724
146.491000,0.010213,0.032349,-0.008797,-0.180888,-0.032314,2.067467
146.510000,0.010114,0.032384,-0.008800,-0.181201,-0.032185,2.067222
146.530000,0.010118,0.032881,-0.008860,-0.181616,-0.032014,2.067015
146.551000,0.010901,0.033163,-0.008659,-0.181953,-0.031592,2.066847
146.571000,0.011173,0.032789,-0.008667,-0.182072,-0.031293,2.066709
146.590000,0.011654,0.032655,-0.008551,-0.182203,-0.030892,2.066612
146.611000,0.011440,0.032349,-0.008593,-0.182260,-0.030596,2.066533
146.630000,0.010924,0.032202,-0.008517,-0.182313,-0.030385,2.066453
146.650000,0.010795,0.032050,-0.008353,-0.182318,-0.030004,2.066420
146.671000,0.010586,0.031824,-0.008365,-0.182214,-0.029634,2.066445
146.690000,0.010774,0.032214,-0.008318,-0.182250,-0.029219,2.066498
146.711000,0.012338,0.032729,-0.007931,-0.182256,-0.028398,2.066573
146.730000,0.013754,0.032971,-0.007728,-0.182162,-0.027669,2.066646
146.750000,0.014631,0.032962,-0.007479,-0.181933,-0.027052,2.066741
146.771000,0.016200,0.033399,-0.007108,-0.181779,-0.026197,2.066849
146.790000,0.016879,0.033397,-0.006407,-0.181513,-0.025590,2.066929
146.811000,0.017304,0.033343,-0.005868,-0.181150,-0.024970,2.067031
146.830000,0.017896,0.033355,-0.005287,-0.180780,-0.024379,2.067174
146.850000,0.018367,0.033315,-0.004544,-0.180330,-0.023790,2.067405
146.871000,0.018924,0.033620,-0.003759,-0.179913,-0.023183,2.067688
146.890000,0.019986,0.033627,-0.002999,-0.179434,-0.022494,2.067980
146.911000,0.020677,0.033229,-0.002366,-0.178765,-0.021893,2.068320
146.930000,0.021540,0.032703,-0.001622,-0.178108,-0.021308,2.068643
146.951000,0.022463,0.031987,-0.000949,-0.177316,-0.020699,2.069019
146.971000,0.023245,0.031050,-0.000095,-0.176441,-0.020144,2.069370
146.990000,0.023653,0.030161,0.000751,-0.175578,-0.019727,2.069729
147.011000,0.024307,0.029874,0.001712,-0.174760,-0.019239,2.070177
147.030000,0.024707,0.029777,0.002673,-0.174020,-0.018873,2.070594
147.050000,0.024552,0.029465,0.003605,-0.173165,-0.018657,2.070997
147.071000,0.024750,0.029368,0.004511,-0.172270,-0.018375,2.071452
147.090000,0.025371,0.029421,0.005475,-0.171476,-0.018061,2.071913
147.111000,0.025726,0.028912,0.006592,-0.170425,-0.017832,2.072454
147.130000,0.026168,0.028659,0.007390,-0.169515,-0.017636,2.072919
147.151000,0.026334,0.028081,0.008496,-0.168433,-0.017550,2.073406
147.171000,0.026936,0.027028,0.009483,-0.167280,-0.017378,2.073820
147.190000,0.027112,0.025542,0.010567,-0.166058,-0.017356,2.074134
147.211000,0.027231,0.024012,0.011806,-0.164752,-0.017374,2.074454
147.230000,0.026629,0.022251,0.012868,-0.163489,-0.017584,2.074674
147.251000,0.026149,0.020110,0.014094,-0.162058,-0.017779,2.074913
147.271000,0.025360,0.018136,0.015155,-0.160712,-0.018064,2.075143
147.290000,0.024474,0.016228,0.016206,-0.159458,-0.018391,2.075332
147.311000,0.023592,0.013652,0.017520,-0.157965,-0.018743,2.075544
147.330000,0.022775,0.011308,0.018606,-0.156642,-0.019098,2.075714
147.351000,0.021977,0.009156,0.019814,-0.155327,-0.019459,2.075891
147.371000,0.020582,0.007591,0.020782,-0.154240,-0.019968,2.076034
147.390000,0.019249,0.006330,0.021787,-0.153304,-0.020481,2.076149
147.411000,0.018286,0.004660,0.023063,-0.152226,-0.020882,2.076282
147.430000,0.016990,0.003486,0.024056,-0.151367,-0.021356,2.076376
147.450000,0.015675,0.002873,0.025154,-0.150681,-0.021832,2.076464
147.471000,0.014002,0.002618,0.026399,-0.150124,-0.022391,2.076552
147.490000,0.012529,0.002658,0.027371,-0.149735,-0.022899,2.076605
147.511000,0.011469,0.002736,0.028615,-0.149351,-0.023317,2.076702
147.530000,0.010894,0.003236,0.029968,-0.149162,-0.023620,2.076781
147.551000,0.007395,0.004299,0.034867,-0.149253,-0.024995,2.076763
147.571000,0.007073,0.005463,0.036261,-0.149327,-0.025196,2.076870
147.590000,0.006176,0.006558,0.037643,-0.149428,-0.025552,2.076935
147.611000,0.005552,0.007957,0.039311,-0.149642,-0.025816,2.077022
147.630000,0.005014,0.009191,0.040825,-0.149864,-0.026036,2.077118
147.651000,0.004608,0.010528,0.042554,-0.150146,-0.026204,2.077195
147.671000,0.004135,0.011845,0.043978,-0.150457,-0.026357,2.077282
147.690000,0.003778,0.013170,0.045275,-0.150816,-0.026456,2.077337
147.711000,0.003905,0.015338,0.046924,-0.151543,-0.026362,2.077427
147.730000,0.003956,0.016672,0.048293,-0.152046,-0.026274,2.077473
147.751000,0.004083,0.017520,0.049755,-0.152398,-0.026167,2.077514
147.770000,0.003949,0.017925,0.050969,-0.152645,-0.026072,2.077534
147.790000,0.003437,0.018074,0.052313,-0.152866,-0.026020,2.077539
147.811000,0.003081,0.018211,0.053614,-0.153119,-0.025839,2.077519
147.830000,0.002536,0.018635,0.054693,-0.153450,-0.025719,2.077443
147.850000,0.001974,0.018948,0.055833,-0.153772,-0.025514,2.077321
147.871000,0.001292,0.019124,0.056885,-0.154044,-0.025269,2.077175
147.890000,0.001068,0.019497,0.057682,-0.154374,-0.024868,2.077011
147.911000,0.000592,0.020029,0.058369,-0.154770,-0.024475,2.076783
147.930000,0.000615,0.020107,0.058999,-0.155043,-0.023930,2.076536
147.951000,0.000543,0.019857,0.059646,-0.155257,-0.023273,2.076222
147.971000,0.000106,0.019788,0.060113,-0.155537,-0.022678,2.075874
147.990000,-0.000433,0.019746,0.060413,-0.155779,-0.022081,2.075547
148.011000,-0.001010,0.019929,0.060817,-0.156091,-0.021359,2.075171
148.030000,-0.001584,0.020436,0.061082,-0.156470,-0.020681,2.074800
148.050000,-0.001845,0.020633,0.061205,-0.156768,-0.019791,2.074467
148.071000,-0.001603,0.020925,0.061438,-0.157097,-0.018673,2.074125
148.093000,-0.001786,0.021557,0.061323,-0.157513,-0.017558,2.073829
148.110000,-0.001440,0.022121,0.061125,-0.157868,-0.016554,2.073599
148.130000,-0.000440,0.022386,0.060983,-0.158196,-0.015171,2.073341
148.151000,0.000635,0.022354,0.060482,-0.158448,-0.013671,2.073051
148.171000,0.001834,0.022757,0.059992,-0.158833,-0.012160,2.072708
148.190000,0.002651,0.022438,0.059360,-0.159024,-0.010744,2.072384
148.211000,0.003988,0.021510,0.058597,-0.159128,-0.009022,2.071992
148.230000,0.005392,0.020431,0.057827,-0.159165,-0.007364,2.071653
148.250000,0.006288,0.019318,0.056758,-0.159225,-0.005753,2.071271
148.271000,0.007757,0.017938,0.055484,-0.159235,-0.003864,2.070868
148.290000,0.008944,0.016356,0.054187,-0.159154,-0.002142,2.070479
148.310000,0.009727,0.014713,0.052567,-0.159077,-0.000417,2.070059
148.330000,0.010284,0.013914,0.050605,-0.159222,0.001241,2.069662
148.350000,0.010738,0.012762,0.048617,-0.159169,0.002818,2.069246
148.371000,0.011701,0.011723,0.046343,-0.159124,0.004621,2.068856
148.390000,0.012575,0.011502,0.044330,-0.159339,0.006286,2.068551
148.411000,0.013816,0.011758,0.041912,-0.159694,0.008215,2.068217
148.430000,0.014966,0.012831,0.039733,-0.160257,0.009979,2.067937
148.450000,0.015621,0.014100,0.037465,-0.160921,0.011718,2.067573
148.471000,0.015064,0.014324,0.034811,-0.161319,0.013248,2.067143
148.490000,0.014706,0.015048,0.032326,-0.161869,0.014663,2.066722
148.511000,0.015029,0.016139,0.029576,-0.162564,0.016424,2.066265
148.530000,0.015591,0.017050,0.026959,-0.163170,0.018040,2.065845
148.550000,0.016221,0.018218,0.024179,-0.163855,0.019718,2.065427
148.571000,0.017081,0.019688,0.021236,-0.164647,0.021499,2.065020
148.590000,0.017814,0.020510,0.018541,-0.165240,0.023085,2.064647
148.611000,0.018821,0.021045,0.015449,-0.165801,0.024888,2.064278
148.630000,0.019467,0.021306,0.012396,-0.166261,0.026425,2.063916
148.651000,0.019932,0.021755,0.008985,-0.166849,0.028067,2.063553
148.671000,0.021988,0.022198,0.003854,-0.167343,0.030180,2.063277
148.690000,0.023499,0.022198,-0.000545,-0.167722,0.031994,2.063016
148.711000,0.024359,0.022198,-0.003988,-0.168199,0.033599,2.062682
148.730000,0.025510,0.022394,-0.007157,-0.168666,0.035096,2.062414
148.751000,0.026575,0.022753,-0.010777,-0.169226,0.036631,2.062112
148.771000,0.028019,0.023151,-0.014086,-0.169772,0.038142,2.061854
148.790000,0.029647,0.023220,-0.017319,-0.170198,0.039597,2.061642
148.811000,0.031406,0.023592,-0.020896,-0.170713,0.041132,2.061446
148.830000,0.032876,0.024452,-0.024179,-0.171317,0.042416,2.061290
148.850000,0.034478,0.025075,-0.027494,-0.171877,0.043672,2.061203
148.871000,0.036417,0.026109,-0.031121,-0.172555,0.044985,2.061170
148.890000,0.037943,0.026841,-0.034337,-0.173119,0.046016,2.061153
148.911000,0.039897,0.027052,-0.037976,-0.173589,0.047144,2.061214
148.930000,0.041299,0.027121,-0.041224,-0.173986,0.047986,2.061284
148.951000,0.042196,0.027239,-0.044730,-0.174430,0.048669,2.061383
148.971000,0.042672,0.027842,-0.048057,-0.174967,0.049159,2.061508
148.990000,0.042371,0.028221,-0.051329,-0.175435,0.049332,2.061606
149.011000,0.042104,0.028594,-0.054318,-0.175947,0.049454,2.061721
149.030000,0.041622,0.028681,-0.057203,-0.176317,0.049408,2.061858
149.050000,0.040648,0.029173,-0.060093,-0.176823,0.049151,2.062030
149.071000,0.039069,0.029393,-0.062901,-0.177284,0.048613,2.062208
149.090000,0.038210,0.029093,-0.065530,-0.177537,0.048204,2.062378
149.111000,0.036751,0.028970,-0.068148,-0.177892,0.047552,2.062564
149.130000,0.034610,0.028880,-0.070242,-0.178244,0.046647,2.062743
149.151000,0.032898,0.028643,-0.072441,-0.178557,0.045762,2.063014
149.171000,0.031005,0.028676,-0.074315,-0.178891,0.044744,2.063263
149.190000,0.029424,0.028957,-0.076060,-0.179265,0.043780,2.063456
149.211000,0.027541,0.028862,-0.077912,-0.179571,0.042627,2.063687
149.230000,0.026250,0.028653,-0.079292,-0.179803,0.041600,2.063927
149.251000,0.024883,0.028211,-0.080457,-0.180008,0.040441,2.064195
149.271000,0.023250,0.027624,-0.081607,-0.180152,0.039213,2.064489
149.290000,0.022154,0.027191,-0.082520,-0.180314,0.038149,2.064751
149.311000,0.020264,0.026485,-0.083302,-0.180465,0.036786,2.064987
149.330000,0.018407,0.025512,-0.084027,-0.180496,0.035491,2.065197
149.351000,0.017122,0.024378,-0.084599,-0.180530,0.034236,2.065419
149.370000,0.015335,0.022880,-0.084915,-0.180457,0.032902,2.065583
149.390000,0.014482,0.021492,-0.085391,-0.180396,0.031734,2.065789
149.411000,0.013868,0.020225,-0.085572,-0.180396,0.030591,2.065947
149.430000,0.012831,0.018629,-0.085829,-0.180301,0.029392,2.066100
149.450000,0.012433,0.017296,-0.085941,-0.180300,0.028326,2.066236
149.471000,0.012240,0.015810,-0.085924,-0.180294,0.027285,2.066388
149.491000,0.011384,0.014356,-0.085864,-0.180311,0.026121,2.066549
149.511000,0.011008,0.013203,-0.085542,-0.180412,0.025122,2.066701
149.530000,0.010261,0.012172,-0.085166,-0.180553,0.024099,2.066862
149.551000,0.008885,0.011156,-0.084916,-0.180808,0.022840,2.067029
149.571000,0.008377,0.010433,-0.084184,-0.181147,0.021911,2.067182
149.590000,0.007896,0.009530,-0.083727,-0.181417,0.021052,2.067315
149.611000,0.006988,0.008755,-0.083069,-0.181832,0.020010,2.067420
149.630000,0.006816,0.008355,-0.082363,-0.182332,0.019237,2.067526
149.651000,0.007202,0.008121,-0.081409,-0.182973,0.018537,2.067603
149.671000,0.007786,0.007903,-0.080405,-0.183630,0.017949,2.067644
149.690000,0.007843,0.007477,-0.079197,-0.184256,0.017287,2.067613
149.710000,0.008206,0.007401,-0.077755,-0.185064,0.016705,2.067562
149.730000,0.008097,0.007002,-0.076197,-0.185841,0.016050,2.067405
149.750000,0.007549,0.006657,-0.074528,-0.186724,0.015304,2.067214
149.771000,0.007327,0.006353,-0.072821,-0.187707,0.014679,2.066963
149.791000,0.006640,0.005827,-0.071081,-0.188635,0.013968,2.066674
149.814000,0.006732,0.005689,-0.068831,-0.189885,0.013399,2.066287
149.830000,0.006998,0.005782,-0.067195,-0.190830,0.013083,2.066024
149.850000,0.006819,0.005948,-0.064987,-0.192077,0.012567,2.065650
149.871000,0.006875,0.006239,-0.062333,-0.193481,0.012157,2.065195
149.890000,0.006902,0.006279,-0.059872,-0.194736,0.011842,2.064778
149.910000,0.006469,0.006404,-0.057274,-0.196141,0.011446,2.064281
149.930000,0.006006,0.006799,-0.054667,-0.197686,0.011082,2.063777
149.951000,0.005761,0.006819,-0.051878,-0.199278,0.010797,2.063210
149.971000,0.005962,0.006693,-0.049228,-0.200797,0.010667,2.062633
149.990000,0.006158,0.006630,-0.046410,-0.202308,0.010560,2.062048
150.011000,0.006314,0.006828,-0.043405,-0.204109,0.010473,2.061363
150.030000,0.006710,0.006863,-0.040509,-0.205736,0.010492,2.060687
150.050000,0.006545,0.006795,-0.037421,-0.207466,0.010408,2.059886
150.071000,0.006649,0.007343,-0.034207,-0.209465,0.010422,2.059054
150.090000,0.006921,0.008450,-0.031482,-0.211480,0.010507,2.058280
150.111000,0.007191,0.009817,-0.028275,-0.213792,0.010634,2.057406
150.130000,0.007309,0.010796,-0.025403,-0.215851,0.010720,2.056628
150.150000,0.007935,0.011825,-0.022376,-0.218079,0.010964,2.055784
150.171000,0.008468,0.012148,-0.019119,-0.220244,0.011206,2.054953
150.190000,0.008863,0.012760,-0.016156,-0.222309,0.011414,2.054246
150.211000,0.009376,0.014107,-0.012917,-0.224827,0.011737,2.053452
150.230000,0.009070,0.015239,-0.010276,-0.227089,0.011836,2.052750
150.250000,0.009319,0.016637,-0.007386,-0.229545,0.012112,2.052017
150.271000,0.009732,0.017976,-0.004317,-0.232109,0.012450,2.051263
150.290000,0.009376,0.019064,-0.001870,-0.234396,0.012528,2.050621
150.311000,0.009999,0.020597,0.000871,-0.237026,0.012861,2.049970
150.330000,0.011718,0.022251,0.003462,-0.239461,0.013475,2.049412
150.351000,0.013051,0.024265,0.005989,-0.242203,0.014004,2.048833
150.371000,0.013600,0.026095,0.008445,-0.244793,0.014315,2.048305
150.390000,0.014864,0.027436,0.010644,-0.247172,0.014827,2.047763
150.411000,0.015644,0.027805,0.013273,-0.249496,0.015216,2.047145
150.430000,0.016774,0.028487,0.015344,-0.251701,0.015658,2.046632
150.450000,0.017999,0.029283,0.017664,-0.254051,0.016126,2.046075
150.471000,0.018826,0.029287,0.019691,-0.256267,0.016463,2.045503
150.490000,0.020370,0.029284,0.021615,-0.258241,0.016963,2.045037
150.511000,0.021712,0.029892,0.023362,-0.260533,0.017382,2.044584
150.530000,0.022489,0.030811,0.024707,-0.262689,0.017592,2.044190
150.551000,0.023925,0.031257,0.026171,-0.264883,0.017957,2.043770
150.571000,0.025052,0.031227,0.027452,-0.266856,0.018195,2.043257
150.590000,0.026004,0.030831,0.028552,-0.268613,0.018365,2.042758
150.611000,0.027346,0.030444,0.029699,-0.270550,0.018587,2.042187
150.630000,0.028053,0.029842,0.030747,-0.272220,0.018592,2.041631
150.651000,0.029024,0.029298,0.031855,-0.274069,0.018576,2.041034
150.671000,0.029827,0.028329,0.032651,-0.275696,0.018492,2.040397
150.691000,0.030184,0.027069,0.033273,-0.277208,0.018265,2.039746
150.711000,0.030402,0.026087,0.034002,-0.278820,0.017930,2.039031
150.730000,0.030595,0.024812,0.034591,-0.280217,0.017575,2.038393
150.751000,0.030829,0.023649,0.035285,-0.281801,0.017107,2.037708
150.771000,0.030850,0.023137,0.035934,-0.283425,0.016525,2.037107
150.790000,0.030348,0.022924,0.036557,-0.285024,0.015758,2.036557
150.811000,0.029473,0.022444,0.037247,-0.286709,0.014803,2.035997
150.830000,0.028423,0.021881,0.037884,-0.288183,0.013816,2.035505
150.851000,0.027076,0.021217,0.038457,-0.289757,0.012680,2.034999
150.870000,0.025168,0.020972,0.038679,-0.291247,0.011476,2.034559
150.890000,0.022603,0.020839,0.038976,-0.292763,0.010048,2.034172
150.911000,0.019976,0.021263,0.039161,-0.294443,0.008495,2.033886
150.930000,0.017999,0.022612,0.039376,-0.296212,0.007166,2.033626
150.951000,0.016133,0.024781,0.039535,-0.298326,0.005767,2.033386
150.970000,0.014688,0.027260,0.039550,-0.300366,0.004566,2.033231
150.991000,0.012033,0.029783,0.039419,-0.302513,0.002907,2.033154
151.011000,0.010774,0.030802,0.039712,-0.304191,0.001609,2.033165
151.030000,0.010879,0.031131,0.040009,-0.305600,0.000710,2.033282
151.051000,0.011147,0.032115,0.040400,-0.307283,-0.000275,2.033537
151.071000,0.010206,0.033640,0.040673,-0.308981,-0.001536,2.033890
151.090000,0.006207,0.034929,0.044615,-0.310622,-0.003831,2.034146
151.111000,0.006144,0.035784,0.044953,-0.312094,-0.004810,2.034681
151.130000,0.005849,0.036553,0.045395,-0.313335,-0.005758,2.035241
151.151000,0.005914,0.037490,0.045988,-0.314678,-0.006696,2.035949
151.171000,0.005945,0.038193,0.046643,-0.315849,-0.007575,2.036709
151.190000,0.005708,0.038622,0.047310,-0.316832,-0.008480,2.037463
151.210000,0.006217,0.039106,0.047924,-0.317789,-0.009190,2.038387
151.230000,0.006542,0.039835,0.048559,-0.318686,-0.009970,2.039380
151.251000,0.006903,0.041002,0.049215,-0.319610,-0.010811,2.040561
151.271000,0.007731,0.042705,0.049659,-0.320515,-0.011438,2.041762
151.290000,0.008486,0.044844,0.050010,-0.321412,-0.012019,2.042988
151.311000,0.009197,0.047695,0.050405,-0.322426,-0.012645,2.044434
151.330000,0.009177,0.050422,0.050794,-0.323260,-0.013386,2.045775
151.351000,0.008822,0.053321,0.050911,-0.324042,-0.014232,2.047281
151.371000,0.008917,0.056125,0.051275,-0.324786,-0.014834,2.048784
151.390000,0.009015,0.058073,0.051522,-0.325198,-0.015342,2.050188
151.411000,0.007753,0.059052,0.051578,-0.325089,-0.016322,2.051669
151.430000,0.007279,0.060447,0.051443,-0.325011,-0.016982,2.053063
151.451000,0.006265,0.061860,0.051204,-0.324745,-0.017839,2.054603
151.471000,0.005465,0.062992,0.050933,-0.324274,-0.018581,2.056105
151.490000,0.004815,0.064153,0.050592,-0.323718,-0.019262,2.057575
151.511000,0.003762,0.064984,0.050112,-0.322868,-0.020037,2.059205
151.530000,0.003081,0.064954,0.049548,-0.321803,-0.020623,2.060650
151.550000,0.002860,0.063958,0.049006,-0.320327,-0.021084,2.062145
151.571000,0.003249,0.063185,0.048129,-0.318670,-0.021383,2.063704
151.591000,0.003451,0.062534,0.047251,-0.316971,-0.021725,2.065126
151.611000,0.004173,0.062068,0.046458,-0.315165,-0.021915,2.066538
151.630000,0.005037,0.061774,0.045619,-0.313382,-0.021998,2.067763
151.650000,0.005093,0.060683,0.044574,-0.311170,-0.022266,2.068926
151.671000,0.005529,0.059619,0.043507,-0.308736,-0.022417,2.070057
151.690000,0.006368,0.058806,0.042475,-0.306474,-0.022409,2.071067
151.711000,0.006863,0.057626,0.041133,-0.303765,-0.022480,2.072133
151.730000,0.007401,0.056743,0.040074,-0.301293,-0.022493,2.073044
151.751000,0.007680,0.055072,0.038404,-0.298267,-0.022552,2.073935
151.771000,0.007647,0.052457,0.036968,-0.294986,-0.022763,2.074655
151.790000,0.008155,0.049223,0.035711,-0.291626,-0.022817,2.075272
151.811000,0.008609,0.045984,0.034437,-0.288005,-0.022804,2.075900
151.830000,0.008844,0.043525,0.033131,-0.284809,-0.022775,2.076426
151.851000,0.008448,0.040579,0.031652,-0.281169,-0.022894,2.076931
151.871000,0.008115,0.037361,0.030376,-0.277596,-0.022979,2.077344
151.890000,0.008185,0.034083,0.029195,-0.274135,-0.022908,2.077662
151.911000,0.009509,0.029783,0.026179,-0.270063,-0.022352,2.077956
151.930000,0.010640,0.026141,0.023920,-0.266460,-0.021899,2.078168
151.951000,0.010087,0.022283,0.022617,-0.262568,-0.022023,2.078320
151.971000,0.009881,0.019175,0.021402,-0.258997,-0.022067,2.078430
151.990000,0.010173,0.016744,0.020196,-0.255764,-0.021981,2.078487
152.011000,0.010510,0.014200,0.019181,-0.252270,-0.021865,2.078478
152.030000,0.010296,0.011810,0.018125,-0.249130,-0.021857,2.078446
152.051000,0.010537,0.009515,0.016917,-0.245799,-0.021707,2.078421
152.071000,0.010737,0.007675,0.015672,-0.242740,-0.021566,2.078442
152.090000,0.010723,0.006751,0.014427,-0.240092,-0.021452,2.078462
152.111000,0.010422,0.006623,0.012954,-0.237485,-0.021404,2.078439
152.130000,0.010328,0.006469,0.011440,-0.235165,-0.021295,2.078413
152.151000,0.010930,0.005915,0.009924,-0.232595,-0.021016,2.078315
152.171000,0.011699,0.005035,0.008497,-0.230125,-0.020702,2.078178
152.190000,0.012406,0.005043,0.007247,-0.228084,-0.020415,2.078013
152.211000,0.012628,0.005145,0.005826,-0.225928,-0.020234,2.077790
152.230000,0.013047,0.005689,0.004528,-0.224159,-0.020009,2.077586
152.251000,0.013005,0.006193,0.003054,-0.222270,-0.019883,2.077278
152.271000,0.013243,0.006778,0.001619,-0.220573,-0.019667,2.076985
152.290000,0.013565,0.007445,0.000083,-0.219089,-0.019425,2.076665
152.311000,0.013442,0.007793,-0.001708,-0.217417,-0.019294,2.076274
152.330000,0.013398,0.008189,-0.003350,-0.216024,-0.019172,2.075895
152.351000,0.013810,0.008296,-0.004988,-0.214489,-0.018917,2.075451
152.371000,0.014391,0.008291,-0.006518,-0.213071,-0.018608,2.075063
152.390000,0.014481,0.008514,-0.008009,-0.211856,-0.018415,2.074692
152.411000,0.013845,0.009046,-0.009711,-0.210691,-0.018407,2.074267
152.430000,0.013426,0.009533,-0.011172,-0.209697,-0.018350,2.073931
152.451000,0.013680,0.009993,-0.012565,-0.208621,-0.018101,2.073632
152.470000,0.013691,0.010863,-0.013893,-0.207834,-0.017940,2.073365
152.490000,0.013282,0.011814,-0.015330,-0.207120,-0.017918,2.073071
152.511000,0.014006,0.011685,-0.016799,-0.206173,-0.017604,2.072752
152.530000,0.014608,0.010795,-0.017933,-0.205169,-0.017383,2.072473
152.550000,0.015397,0.010655,-0.019211,-0.204389,-0.017088,2.072177
152.571000,0.015516,0.011244,-0.020582,-0.203789,-0.016973,2.071898
152.590000,0.015781,0.012209,-0.021656,-0.203442,-0.016833,2.071633
152.611000,0.016042,0.012833,-0.022548,-0.203039,-0.016699,2.071379
152.630000,0.016602,0.012535,-0.023571,-0.202477,-0.016553,2.071169
152.651000,0.017646,0.012847,-0.024198,-0.202122,-0.016249,2.070900
152.671000,0.017645,0.012748,-0.025285,-0.201733,-0.016238,2.070595
152.690000,0.017805,0.012748,-0.026212,-0.201459,-0.016190,2.070281
152.711000,0.018482,0.013060,-0.027050,-0.201262,-0.016019,2.069952
152.730000,0.018503,0.013513,-0.027811,-0.201155,-0.016056,2.069661
152.751000,0.018341,0.014632,-0.028358,-0.201237,-0.016124,2.069349
152.771000,0.018153,0.016052,-0.028943,-0.201444,-0.016204,2.069060
152.791000,0.017259,0.017470,-0.029340,-0.201731,-0.016469,2.068777
152.811000,0.016497,0.018398,-0.029899,-0.201906,-0.016713,2.068532
152.830000,0.015911,0.019487,-0.030422,-0.202151,-0.016912,2.068362
152.850000,0.014914,0.020912,-0.030840,-0.202518,-0.017245,2.068220
152.871000,0.014426,0.022214,-0.031432,-0.202860,-0.017446,2.068105
152.890000,0.013880,0.023478,-0.031720,-0.203237,-0.017652,2.068042
152.911000,0.012854,0.024277,-0.032365,-0.203537,-0.017975,2.067942
152.930000,0.011851,0.024659,-0.032907,-0.203742,-0.018292,2.067865
152.951000,0.011153,0.025511,-0.033278,-0.204094,-0.018506,2.067822
152.971000,0.009899,0.026188,-0.033955,-0.204389,-0.018871,2.067797
152.990000,0.009255,0.026993,-0.034479,-0.204725,-0.019085,2.067785
153.011000,0.008872,0.027707,-0.034974,-0.205044,-0.019235,2.067758
153.030000,0.008158,0.028194,-0.035396,-0.205304,-0.019460,2.067726
153.050000,0.007611,0.028459,-0.035738,-0.205547,-0.019619,2.067631
153.071000,0.007304,0.028022,-0.036083,-0.205596,-0.019685,2.067543
153.090000,0.006852,0.027959,-0.036368,-0.205740,-0.019788,2.067479
153.111000,0.006377,0.028483,-0.036583,-0.206044,-0.019852,2.067432
153.130000,0.006013,0.029474,-0.036977,-0.206449,-0.019873,2.067389
153.151000,0.005623,0.030185,-0.037339,-0.206811,-0.019879,2.067301
153.174000,0.005802,0.029910,-0.037619,-0.206903,-0.019681,2.067217
153.190000,0.005562,0.029833,-0.037856,-0.207005,-0.019639,2.067148
153.211000,0.005192,0.029989,-0.037859,-0.207209,-0.019582,2.067094
153.230000,0.005484,0.030216,-0.037761,-0.207401,-0.019352,2.067035
153.251000,0.005305,0.029889,-0.037591,-0.207480,-0.019223,2.066924
153.271000,0.005557,0.029651,-0.037331,-0.207594,-0.018951,2.066787
153.290000,0.005505,0.029152,-0.037098,-0.207646,-0.018757,2.066606
153.311000,0.005926,0.028173,-0.036847,-0.207608,-0.018380,2.066398
153.330000,0.006446,0.026984,-0.036514,-0.207507,-0.017997,2.066220
153.350000,0.007005,0.025757,-0.036211,-0.207425,-0.017581,2.066076
153.371000,0.007515,0.024623,-0.035872,-0.207404,-0.017080,2.065903
153.390000,0.007039,0.023446,-0.035642,-0.207374,-0.016810,2.065696
153.411000,0.006796,0.022073,-0.035190,-0.207348,-0.016400,2.065492
153.430000,0.006312,0.020652,-0.034883,-0.207295,-0.016057,2.065309
153.451000,0.005815,0.019397,-0.034794,-0.207361,-0.015664,2.065077
153.471000,0.006084,0.018401,-0.034718,-0.207466,-0.015068,2.064861
153.490000,0.006140,0.017634,-0.034896,-0.207650,-0.014523,2.064605
153.511000,0.006450,0.016830,-0.034970,-0.207928,-0.013879,2.064305
153.530000,0.007256,0.015636,-0.035367,-0.208093,-0.013116,2.064060
153.550000,0.008580,0.014347,-0.035718,-0.208296,-0.012190,2.063835
153.571000,0.009582,0.013378,-0.036008,-0.208656,-0.011301,2.063625
153.590000,0.010097,0.012862,-0.036371,-0.209117,-0.010571,2.063481
153.611000,0.011106,0.012810,-0.036962,-0.209820,-0.009605,2.063308
153.630000,0.011619,0.012306,-0.037515,-0.210375,-0.008817,2.063158
153.651000,0.012501,0.011933,-0.038168,-0.211079,-0.007863,2.063002
153.671000,0.013175,0.011964,-0.038780,-0.211906,-0.006969,2.062893
153.690000,0.013686,0.012147,-0.039477,-0.212747,-0.006169,2.062847
153.711000,0.014791,0.012883,-0.040170,-0.213842,-0.005140,2.062854
153.730000,0.015672,0.014037,-0.040926,-0.214982,-0.004245,2.062914
153.751000,0.015893,0.015560,-0.041952,-0.216409,-0.003484,2.062952
153.771000,0.016662,0.016150,-0.042632,-0.217610,-0.002650,2.063012
153.790000,0.018268,0.016153,-0.043274,-0.218633,-0.001653,2.063089
153.811000,0.018965,0.016570,-0.044072,-0.219944,-0.000863,2.063140
153.830000,0.019523,0.017023,-0.044781,-0.221159,-0.000176,2.063224
153.853000,0.020303,0.017878,-0.045721,-0.222762,0.000656,2.063342
153.871000,0.020690,0.018464,-0.046434,-0.224045,0.001254,2.063444
153.890000,0.020860,0.019015,-0.047236,-0.225396,0.001811,2.063578
153.911000,0.020721,0.019954,-0.047911,-0.226996,0.002298,2.063707
153.930000,0.020512,0.020955,-0.048667,-0.228531,0.002704,2.063838
153.951000,0.020483,0.021773,-0.049362,-0.230161,0.003174,2.063960
153.971000,0.020378,0.022379,-0.050020,-0.231687,0.003574,2.064067
153.990000,0.020077,0.023041,-0.050497,-0.233155,0.003882,2.064166
154.011000,0.019692,0.024007,-0.050933,-0.234834,0.004214,2.064293
154.031000,0.018712,0.025447,-0.051255,-0.236573,0.004364,2.064457
154.051000,0.017308,0.027086,-0.051657,-0.238367,0.004421,2.064609
154.071000,0.015742,0.028388,-0.051800,-0.240068,0.004424,2.064798
154.091000,0.014715,0.029585,-0.051747,-0.241720,0.004547,2.065030
154.111000,0.013289,0.030888,-0.051927,-0.243383,0.004546,2.065297
154.130000,0.012086,0.032359,-0.052093,-0.245010,0.004549,2.065561
154.151000,0.011462,0.033946,-0.051952,-0.246760,0.004715,2.065878
154.171000,0.010795,0.034936,-0.051893,-0.248245,0.004810,2.066153
154.190000,0.010664,0.035816,-0.051587,-0.249605,0.005006,2.066438
154.211000,0.010802,0.037205,-0.051162,-0.251192,0.005301,2.066777
154.230000,0.010459,0.038005,-0.050876,-0.252479,0.005415,2.067081
154.251000,0.010738,0.038924,-0.050153,-0.253890,0.005729,2.067428
154.271000,0.010824,0.039159,-0.049495,-0.255018,0.005962,2.067747
154.290000,0.011187,0.039266,-0.048918,-0.255995,0.006243,2.068077
154.311000,0.011841,0.039867,-0.048162,-0.257151,0.006609,2.068419
154.330000,0.012062,0.040176,-0.047537,-0.258069,0.006807,2.068736
154.351000,0.013262,0.040711,-0.046666,-0.259064,0.007249,2.069132
154.371000,0.014472,0.040980,-0.045973,-0.259879,0.007678,2.069493
154.390000,0.014985,0.041151,-0.045323,-0.260615,0.007941,2.069807
154.411000,0.015471,0.041056,-0.044358,-0.261316,0.008192,2.070120
154.430000,0.015791,0.040493,-0.043639,-0.261785,0.008429,2.070412
154.450000,0.016029,0.039762,-0.042834,-0.262186,0.008607,2.070726
154.471000,0.016120,0.039368,-0.042067,-0.262643,0.008758,2.071002
154.490000,0.016222,0.039251,-0.041476,-0.263078,0.008914,2.071262
154.511000,0.016455,0.038776,-0.040782,-0.263390,0.009091,2.071564
154.530000,0.016403,0.038475,-0.040236,-0.263638,0.009191,2.071834
154.550000,0.015937,0.038249,-0.039816,-0.263915,0.009168,2.072104
154.571000,0.015682,0.037597,-0.039519,-0.264047,0.009185,2.072394
154.590000,0.015693,0.037063,-0.039178,-0.264121,0.009272,2.072658
154.610000,0.015143,0.036448,-0.038979,-0.264180,0.009166,2.072899
154.630000,0.015056,0.035483,-0.038586,-0.264074,0.009147,2.073156
154.650000,0.015745,0.034716,-0.038009,-0.263955,0.009324,2.073462
154.671000,0.015404,0.034197,-0.037513,-0.263882,0.009193,2.073750
154.690000,0.015128,0.033859,-0.037136,-0.263796,0.009066,2.074021
154.711000,0.015882,0.033856,-0.036705,-0.263740,0.009184,2.074315
154.730000,0.016243,0.033727,-0.036353,-0.263613,0.009152,2.074565
154.750000,0.016690,0.034007,-0.036094,-0.263562,0.009132,2.074785
154.771000,0.017285,0.033839,-0.035872,-0.263372,0.009107,2.074873
154.790000,0.017815,0.033330,-0.035860,-0.263058,0.009092,2.074959
154.811000,0.018131,0.033520,-0.035640,-0.262884,0.008999,2.075040
154.830000,0.017982,0.033473,-0.035448,-0.262655,0.008782,2.075114
154.850000,0.018180,0.033222,-0.035361,-0.262296,0.008638,2.075283
154.871000,0.018281,0.033744,-0.035429,-0.262090,0.008428,2.075386
154.890000,0.018096,0.033979,-0.035489,-0.261836,0.008119,2.075459
154.911000,0.018485,0.033479,-0.035512,-0.261329,0.007913,2.075532
154.931000,0.018884,0.032921,-0.035496,-0.260783,0.007700,2.075632
154.951000,0.019181,0.032921,-0.035862,-0.260347,0.007451,2.075748
154.971000,0.019053,0.033161,-0.036295,-0.259968,0.007019,2.075832
154.990000,0.019287,0.033270,-0.036601,-0.259543,0.006657,2.075920
155.011000,0.020018,0.033069,-0.037081,-0.258939,0.006374,2.075986
155.030000,0.020129,0.032930,-0.037601,-0.258390,0.005940,2.075981
155.050000,0.020335,0.033023,-0.038116,-0.257832,0.005488,2.075938
155.071000,0.020342,0.033261,-0.038587,-0.257223,0.004973,2.075877
155.090000,0.019807,0.033950,-0.039166,-0.256794,0.004337,2.075802
155.111000,0.019135,0.034498,-0.039902,-0.256225,0.003616,2.075684
155.130000,0.018450,0.034537,-0.040591,-0.255592,0.002924,2.075576
155.150000,0.017776,0.034651,-0.041399,-0.254914,0.002175,2.075460
155.171000,0.016689,0.034405,-0.042467,-0.254072,0.001304,2.075344
155.190000,0.015971,0.034628,-0.043202,-0.253437,0.000550,2.075246
155.211000,0.015122,0.033964,-0.044500,-0.252462,-0.000316,2.075162
155.230000,0.014577,0.033404,-0.045643,-0.251580,-0.001064,2.075071
155.250000,0.014154,0.032596,-0.046810,-0.250584,-0.001859,2.075005
155.271000,0.013667,0.031492,-0.047771,-0.249439,-0.002693,2.074949
155.290000,0.013193,0.030585,-0.048939,-0.248418,-0.003493,2.074877
155.311000,0.012643,0.029209,-0.050184,-0.247200,-0.004351,2.074818
155.330000,0.011993,0.027740,-0.051341,-0.246062,-0.005173,2.074754
155.350000,0.011367,0.025962,-0.052432,-0.244811,-0.005993,2.074684
155.371000,0.010241,0.024111,-0.053811,-0.243479,-0.006969,2.074647
155.390000,0.009406,0.022723,-0.055044,-0.242377,-0.007814,2.074610
155.411000,0.008704,0.020757,-0.056241,-0.241036,-0.008668,2.074626
155.430000,0.007807,0.019260,-0.057506,-0.239920,-0.009480,2.074631
155.451000,0.006890,0.017805,-0.058742,-0.238773,-0.010325,2.074597
155.471000,0.005628,0.016028,-0.059898,-0.237599,-0.011188,2.074566
155.490000,0.004667,0.014756,-0.060952,-0.236604,-0.011928,2.074517
155.511000,0.004018,0.013774,-0.061883,-0.235634,-0.012628,2.074472
155.530000,0.003034,0.013079,-0.062597,-0.234824,-0.013303,2.074422
155.551000,0.001673,0.012671,-0.063441,-0.234069,-0.014098,2.074370
155.571000,0.001093,0.012643,-0.064017,-0.233485,-0.014623,2.074335
155.590000,0.000387,0.012305,-0.064564,-0.232859,-0.015175,2.074359
155.611000,-0.000386,0.012156,-0.064992,-0.232327,-0.015761,2.074388
155.630000,-0.000446,0.011678,-0.065215,-0.231790,-0.016097,2.074432
155.650000,-0.000499,0.010836,-0.065570,-0.231157,-0.016442,2.074494
155.671000,-0.000410,0.010693,-0.065747,-0.230749,-0.016702,2.074560
155.690000,-0.000689,0.010696,-0.065881,-0.230456,-0.016987,2.074641
155.711000,-0.000749,0.010547,-0.066128,-0.230121,-0.017180,2.074720
155.730000,-0.000992,0.010430,-0.065938,-0.229879,-0.017344,2.074774
155.750000,-0.001587,0.010472,-0.065950,-0.229747,-0.017546,2.074845
155.771000,-0.001852,0.010484,-0.065859,-0.229617,-0.017600,2.074946
155.791000,-0.002111,0.010564,-0.065606,-0.229537,-0.017621,2.075081
155.811000,-0.002312,0.010989,-0.065456,-0.229563,-0.017583,2.075292
155.830000,-0.002202,0.011754,-0.065189,-0.229703,-0.017427,2.075525
155.851000,-0.001910,0.012842,-0.064817,-0.229977,-0.017161,2.075786
155.871000,-0.001824,0.013430,-0.064350,-0.230125,-0.016915,2.076084
155.890000,-0.001429,0.014354,-0.063816,-0.230407,-0.016545,2.076277
155.910000,-0.001300,0.015128,-0.063094,-0.230681,-0.016211,2.076468
155.930000,-0.000614,0.015698,-0.062325,-0.230898,-0.015638,2.076656
155.951000,-0.000435,0.016307,-0.061694,-0.231180,-0.015114,2.076764
155.971000,-0.000551,0.017025,-0.061132,-0.231505,-0.014603,2.076798
155.990000,-0.000848,0.017677,-0.060536,-0.231805,-0.014120,2.076798
156.011000,-0.000789,0.018642,-0.059736,-0.232182,-0.013455,2.076787
156.030000,-0.000359,0.019982,-0.058932,-0.232649,-0.012668,2.076764
156.051000,-0.000489,0.021259,-0.057977,-0.233124,-0.011949,2.076735
156.071000,-0.000277,0.022437,-0.056851,-0.233569,-0.011100,2.076682
156.090000,-0.000522,0.023271,-0.055924,-0.233910,-0.010398,2.076690
156.111000,-0.000487,0.024246,-0.054759,-0.234286,-0.009478,2.076722
156.130000,-0.000776,0.025091,-0.053597,-0.234628,-0.008679,2.076744
156.151000,-0.001500,0.025569,-0.052561,-0.234838,-0.007861,2.076785
156.171000,-0.001437,0.026705,-0.051382,-0.235193,-0.006846,2.076878
156.190000,-0.001254,0.028064,-0.050129,-0.235570,-0.005799,2.077015
156.211000,-0.001733,0.028953,-0.048945,-0.235815,-0.004800,2.077188
156.230000,-0.001676,0.029920,-0.047682,-0.236059,-0.003700,2.077317
156.250000,-0.002190,0.030310,-0.046372,-0.236165,-0.002632,2.077422
156.271000,-0.003115,0.030103,-0.045106,-0.236072,-0.001549,2.077557
156.290000,-0.003465,0.030073,-0.043908,-0.236024,-0.000392,2.077679
156.311000,-0.004462,0.029366,-0.042850,-0.235776,0.000796,2.077811
156.330000,-0.004963,0.028589,-0.041861,-0.235476,0.002000,2.077972
156.350000,-0.004669,0.028099,-0.040798,-0.235232,0.003574,2.078128
156.371000,-0.004819,0.027001,-0.039867,-0.234764,0.005139,2.078378
156.390000,-0.004374,0.026046,-0.039000,-0.234359,0.006712,2.078634
156.414000,-0.003429,0.024379,-0.037717,-0.233713,0.008861,2.078965
156.430000,-0.003205,0.022999,-0.037019,-0.233188,0.010248,2.079195
156.450000,-0.002443,0.021674,-0.036050,-0.232621,0.012141,2.079464
156.471000,-0.001546,0.020658,-0.035055,-0.232083,0.014215,2.079791
156.490000,-0.001114,0.019622,-0.034402,-0.231533,0.016045,2.080110
156.511000,-0.000531,0.018692,-0.033622,-0.230969,0.018132,2.080434
156.530000,0.000346,0.018130,-0.033151,-0.230532,0.020110,2.080747
156.551000,0.001799,0.017380,-0.032668,-0.229976,0.022481,2.081120
156.571000,0.003027,0.016640,-0.032346,-0.229439,0.024715,2.081535
156.590000,0.004142,0.015880,-0.031948,-0.228913,0.026823,2.081953
156.611000,0.005672,0.015075,-0.031656,-0.228366,0.029243,2.082344
156.630000,0.007063,0.014020,-0.031362,-0.227804,0.031482,2.082711
156.650000,0.008634,0.013194,-0.031270,-0.227286,0.033896,2.083078
156.671000,0.009863,0.012420,-0.031026,-0.226809,0.036315,2.083435
156.690000,0.010951,0.010968,-0.030708,-0.226187,0.038534,2.083776
156.711000,0.011898,0.009734,-0.030473,-0.225618,0.040936,2.084211
156.730000,0.012502,0.009037,-0.030456,-0.225264,0.043049,2.084608
156.751000,0.012794,0.008173,-0.030445,-0.224867,0.045279,2.085115
156.771000,0.013232,0.007256,-0.030510,-0.224499,0.047449,2.085589
156.790000,0.013487,0.006392,-0.030584,-0.224165,0.049435,2.086068
156.811000,0.014496,0.005508,-0.030636,-0.223813,0.051811,2.086658
156.830000,0.015535,0.005002,-0.030906,-0.223582,0.053979,2.087183
156.851000,0.016313,0.004737,-0.031228,-0.223456,0.056228,2.087808
156.871000,0.017366,0.004998,-0.031408,-0.223517,0.058473,2.088420
156.890000,0.018007,0.005669,-0.031714,-0.223718,0.060474,2.089003
156.911000,0.018682,0.006074,-0.031960,-0.223869,0.062700,2.089631
156.930000,0.019256,0.006240,-0.032033,-0.223987,0.064682,2.090164
156.951000,0.019687,0.006905,-0.032351,-0.224300,0.066749,2.090753
156.971000,0.020143,0.007586,-0.032471,-0.224665,0.068682,2.091274
156.990000,0.020597,0.007972,-0.032844,-0.224974,0.070489,2.091759
157.011000,0.021266,0.008334,-0.033157,-0.225372,0.072468,2.092264
157.030000,0.021817,0.008309,-0.033240,-0.225709,0.074194,2.092722
157.051000,0.022412,0.007868,-0.033495,-0.225994,0.076050,2.093234
157.071000,0.022796,0.007495,-0.033638,-0.226289,0.077764,2.093716
157.090000,0.022684,0.007442,-0.033876,-0.226696,0.079217,2.094188
157.111000,0.022571,0.007582,-0.034055,-0.227218,0.080838,2.094640
157.130000,0.022225,0.007696,-0.034259,-0.227698,0.082154,2.095071
157.151000,0.021937,0.008073,-0.034626,-0.228318,0.083561,2.095586
157.171000,0.022280,0.008410,-0.034936,-0.228893,0.085028,2.096093
157.190000,0.022567,0.009030,-0.035340,-0.229546,0.086339,2.096574
157.211000,0.022395,0.009635,-0.035992,-0.230270,0.087592,2.097096
157.230000,0.022662,0.010295,-0.036447,-0.231010,0.088794,2.097575
157.251000,0.022920,0.010323,-0.036936,-0.231612,0.090037,2.098116
157.270000,0.022743,0.010399,-0.037271,-0.232220,0.091020,2.098572
157.290000,0.022587,0.010587,-0.037695,-0.232897,0.092015,2.099063
157.311000,0.022497,0.010459,-0.038361,-0.233509,0.093067,2.099510
157.330000,0.021945,0.010337,-0.038672,-0.234077,0.093854,2.099903
157.351000,0.021107,0.010420,-0.039259,-0.234736,0.094633,2.100351
157.371000,0.020202,0.010628,-0.039764,-0.235355,0.095331,2.100768
157.390000,0.019784,0.011197,-0.040382,-0.236061,0.096087,2.101150
157.411000,0.019166,0.011826,-0.041019,-0.236802,0.096840,2.101549
157.430000,0.018368,0.012317,-0.041737,-0.237433,0.097387,2.101883
157.450000,0.017919,0.012795,-0.042233,-0.238073,0.098014,2.102156
157.471000,0.018283,0.013136,-0.042776,-0.238661,0.098857,2.102381
157.490000,0.018716,0.013645,-0.043067,-0.239218,0.099628,2.102510
157.511000,0.018218,0.014148,-0.043527,-0.239812,0.100176,2.102577
157.530000,0.017829,0.014276,-0.043821,-0.240282,0.100657,2.102627
157.550000,0.017864,0.014242,-0.044097,-0.240700,0.101275,2.102581
157.571000,0.017962,0.014231,-0.044525,-0.241124,0.101861,2.102452
157.593000,0.018424,0.013855,-0.044841,-0.241452,0.102548,2.102174
157.614000,0.018341,0.013136,-0.045097,-0.241676,0.103014,2.101816
157.630000,0.018434,0.012153,-0.045270,-0.241709,0.103383,2.101479
157.650000,0.018773,0.011070,-0.045199,-0.241767,0.103895,2.100947
157.671000,0.018722,0.010069,-0.045242,-0.241835,0.104277,2.100332
157.690000,0.018832,0.009340,-0.045115,-0.241914,0.104656,2.099707
157.711000,0.019082,0.008752,-0.044658,-0.242060,0.105047,2.098972
157.730000,0.019906,0.008679,-0.044307,-0.242288,0.105614,2.098240
157.751000,0.020043,0.008984,-0.043724,-0.242621,0.105996,2.097404
157.771000,0.020060,0.009610,-0.043130,-0.243060,0.106321,2.096556
157.790000,0.020075,0.010087,-0.042384,-0.243446,0.106576,2.095771
157.811000,0.020535,0.010454,-0.041527,-0.243848,0.106978,2.094873
157.830000,0.020502,0.010164,-0.040440,-0.244061,0.107218,2.094041
157.850000,0.020006,0.009495,-0.039410,-0.244155,0.107385,2.093136
157.871000,0.019277,0.008760,-0.038442,-0.244228,0.107490,2.092210
157.890000,0.018289,0.008313,-0.037270,-0.244348,0.107493,2.091379
157.911000,0.017275,0.007997,-0.036078,-0.244504,0.107528,2.090522
157.930000,0.016561,0.008100,-0.034890,-0.244732,0.107623,2.089777
157.950000,0.015813,0.008676,-0.033300,-0.245123,0.107739,2.088998
157.971000,0.014691,0.009422,-0.031806,-0.245568,0.107797,2.088202
157.990000,0.012803,0.009788,-0.030252,-0.245920,0.107629,2.087461
158.011000,0.010879,0.009340,-0.028384,-0.246066,0.107503,2.086676
158.030000,0.009644,0.008915,-0.026632,-0.246198,0.107541,2.085981
158.050000,0.008355,0.008492,-0.024911,-0.246402,0.107571,2.085259
158.071000,0.007325,0.007519,-0.023078,-0.246437,0.107706,2.084524
158.090000,0.006437,0.006574,-0.021286,-0.246471,0.107816,2.083887
158.111000,0.005975,0.005096,-0.019362,-0.246392,0.108048,2.083183
158.130000,0.005865,0.003967,-0.017454,-0.246397,0.108364,2.082630
158.151000,0.006216,0.002770,-0.015423,-0.246386,0.108897,2.081982
158.171000,0.006053,0.001958,-0.013162,-0.246498,0.109280,2.081247
158.190000,0.005817,0.001281,-0.011169,-0.246633,0.109680,2.080523
158.211000,0.005552,0.000777,-0.008997,-0.246875,0.110127,2.079729
158.230000,0.005922,0.000362,-0.006958,-0.247154,0.110690,2.079053
158.251000,0.007322,-0.000427,-0.004637,-0.247417,0.111590,2.078378
158.271000,0.008466,-0.001336,-0.002620,-0.247707,0.112379,2.077795
158.290000,0.009581,-0.002689,-0.000723,-0.247893,0.113124,2.077267
158.311000,0.012012,-0.004796,0.001371,-0.247973,0.114232,2.076792
158.330000,0.014659,-0.006529,0.003185,-0.248129,0.115302,2.076416
158.351000,0.017915,-0.008293,0.005162,-0.248395,0.116560,2.076059
158.371000,0.020780,-0.009649,0.007065,-0.248763,0.117710,2.075747
158.390000,0.022979,-0.010566,0.008754,-0.249287,0.118673,2.075460
158.411000,0.024836,-0.011318,0.010433,-0.249978,0.119603,2.075198
158.430000,0.025788,-0.011651,0.011737,-0.250775,0.120198,2.075027
158.451000,0.026675,-0.011909,0.012982,-0.251743,0.120765,2.074895
158.471000,0.027765,-0.012231,0.014262,-0.252711,0.121359,2.074862
158.491000,0.028992,-0.012507,0.015499,-0.253759,0.121880,2.074933
158.510000,0.030422,-0.012579,0.016494,-0.254856,0.122390,2.075039
158.530000,0.032081,-0.012637,0.017394,-0.256048,0.122902,2.075149
158.551000,0.033563,-0.012538,0.018343,-0.257393,0.123303,2.075283
158.571000,0.034747,-0.012196,0.018962,-0.258784,0.123570,2.075414
158.590000,0.035150,-0.011559,0.019544,-0.260223,0.123591,2.075527
158.610000,0.034837,-0.010415,0.020021,-0.261922,0.123381,2.075671
158.630000,0.034020,-0.009070,0.020351,-0.263683,0.122963,2.075820
158.651000,0.033577,-0.007499,0.020883,-0.265640,0.122578,2.075960
158.671000,0.033616,-0.006115,0.021361,-0.267539,0.122283,2.076124
158.690000,0.032888,-0.005254,0.021720,-0.269260,0.121715,2.076260
158.711000,0.032089,-0.004355,0.022169,-0.271162,0.121009,2.076507
158.731000,0.031652,-0.002954,0.022463,-0.273129,0.120349,2.076846
158.751000,0.031343,-0.001221,0.022843,-0.275205,0.119623,2.077195
158.771000,0.031322,0.000796,0.023266,-0.277363,0.118902,2.077528
158.790000,0.031121,0.003119,0.023570,-0.279528,0.118118,2.077894
158.811000,0.030531,0.006209,0.023862,-0.282090,0.117085,2.078308
158.830000,0.029467,0.008545,0.024086,-0.284260,0.115924,2.078654
158.850000,0.028969,0.010659,0.024391,-0.286432,0.114822,2.079015
158.871000,0.028292,0.013195,0.024958,-0.288807,0.113602,2.079417
158.890000,0.026551,0.015448,0.025378,-0.290915,0.112171,2.079776
158.911000,0.024932,0.018071,0.025897,-0.293261,0.110609,2.080188
158.930000,0.023994,0.020269,0.026426,-0.295291,0.109277,2.080525
158.951000,0.023216,0.022728,0.027071,-0.297496,0.107802,2.080897
158.971000,0.022603,0.025006,0.027957,-0.299557,0.106389,2.081292
158.990000,0.022123,0.026821,0.028761,-0.301338,0.105078,2.081668
159.011000,0.021011,0.028550,0.029745,-0.303138,0.103485,2.082065
159.030000,0.017843,0.030349,0.032230,-0.304764,0.101332,2.082354
159.050000,0.014058,0.032678,0.035084,-0.306496,0.098917,2.082691
159.071000,0.011567,0.035697,0.036057,-0.308262,0.096930,2.083148
159.090000,0.009627,0.038815,0.036762,-0.309833,0.095224,2.083671
159.111000,0.007821,0.042908,0.037807,-0.311582,0.093466,2.084334
159.130000,0.006422,0.047097,0.038899,-0.313129,0.091996,2.085031
159.150000,0.004356,0.052228,0.039810,-0.314783,0.090308,2.085851
159.171000,0.001482,0.058340,0.040656,-0.316541,0.088338,2.086794
159.190000,-0.000364,0.063997,0.041700,-0.317994,0.086787,2.087795
159.211000,-0.001178,0.069811,0.043127,-0.319330,0.085460,2.088961
159.230000,-0.002957,0.073804,0.044313,-0.319983,0.084027,2.089999
159.250000,-0.004643,0.077493,0.045566,-0.320354,0.082632,2.091067
159.271000,-0.005556,0.082234,0.047828,-0.320919,0.081471,2.092243
159.290000,-0.006599,0.085192,0.048918,-0.320705,0.080392,2.093310
159.310000,-0.007515,0.087641,0.049982,-0.320125,0.079360,2.094448
159.330000,-0.007515,0.089160,0.050997,-0.319100,0.078671,2.095572
159.350000,-0.007760,0.089659,0.052049,-0.317572,0.078024,2.096643
159.371000,-0.007897,0.090256,0.053004,-0.315759,0.077509,2.097752
159.390000,-0.008440,0.089829,0.053885,-0.313618,0.077046,2.098721
159.411000,-0.008927,0.089053,0.054764,-0.310942,0.076712,2.099743
159.430000,-0.009878,0.087785,0.055620,-0.308152,0.076412,2.100642
159.450000,-0.010796,0.086051,0.056520,-0.304900,0.076198,2.101538
159.471000,-0.011254,0.083505,0.057446,-0.301060,0.076260,2.102426
159.490000,-0.011879,0.080765,0.057913,-0.297263,0.076351,2.103199
159.513000,-0.011657,0.076710,0.058857,-0.292253,0.076797,2.104130
159.530000,-0.010815,0.073372,0.059135,-0.288303,0.077393,2.104827
159.551000,-0.009807,0.069102,0.059512,-0.283200,0.078185,2.105669
159.571000,-0.008380,0.065025,0.059573,-0.278186,0.079140,2.106469
159.590000,-0.006534,0.060879,0.059634,-0.273210,0.080239,2.107184
159.611000,-0.004344,0.055432,0.059697,-0.267344,0.081589,2.107840
159.630000,-0.002226,0.050346,0.059194,-0.261802,0.082908,2.108355
159.650000,-0.000350,0.044937,0.058495,-0.255820,0.084221,2.108840
159.671000,0.002107,0.039753,0.058196,-0.249653,0.085849,2.109296
159.690000,0.003902,0.034922,0.058218,-0.243929,0.087249,2.109648
159.711000,0.005820,0.029813,0.057803,-0.237613,0.088846,2.109976
159.730000,0.007661,0.025458,0.057279,-0.231910,0.090342,2.110308
159.751000,0.010105,0.021142,0.057000,-0.225694,0.092106,2.110695
159.771000,0.012602,0.017331,0.056846,-0.219820,0.093830,2.111038
159.790000,0.014795,0.014397,0.056692,-0.214403,0.095424,2.111354
159.811000,0.017047,0.011581,0.056203,-0.208512,0.097117,2.111657
159.830000,0.019258,0.009067,0.055882,-0.203191,0.098683,2.111915
159.851000,0.021896,0.006354,0.055536,-0.197376,0.100438,2.112159
159.871000,0.024118,0.003611,0.055188,-0.191841,0.102020,2.112377
159.890000,0.026451,0.001545,0.054957,-0.186760,0.103551,2.112583
159.911000,0.028697,-0.000562,0.054896,-0.181268,0.105110,2.112787
159.930000,0.030241,-0.002457,0.054587,-0.176358,0.106371,2.112939
159.951000,0.031432,-0.004306,0.054621,-0.171045,0.107555,2.113059
159.971000,0.032482,-0.005690,0.054139,-0.166165,0.108597,2.113164
159.990000,0.033593,-0.006855,0.053883,-0.161619,0.109538,2.113266
160.011000,0.034933,-0.007617,0.053568,-0.156839,0.110545,2.113346
160.030000,0.035381,-0.007916,0.053210,-0.152682,0.111163,2.113422
160.050000,0.036190,-0.007770,0.052776,-0.148512,0.111851,2.113407
160.071000,0.036719,-0.007551,0.052240,-0.144241,0.112351,2.113296
160.090000,0.036889,-0.007382,0.051538,-0.140451,0.112666,2.113144
160.111000,0.037102,-0.006881,0.050793,-0.136464,0.112955,2.112908
160.130000,0.037206,-0.006241,0.050308,-0.132993,0.113128,2.112693
160.150000,0.036366,-0.005434,0.049591,-0.129453,0.112954,2.112446
160.171000,0.035565,-0.004110,0.048671,-0.125960,0.112725,2.112219
160.193000,0.034945,-0.001933,0.047619,-0.122614,0.112395,2.112023
160.211000,0.034667,-0.000088,0.047085,-0.119968,0.112077,2.111879
160.230000,0.034542,0.001843,0.046069,-0.117223,0.111746,2.111802
160.251000,0.034077,0.004102,0.045020,-0.114317,0.111184,2.111671
160.271000,0.033951,0.006155,0.043913,-0.111602,0.110637,2.111645
160.290000,0.033592,0.008078,0.042689,-0.109093,0.109991,2.111614
160.311000,0.032725,0.009894,0.041283,-0.106341,0.109112,2.111552
160.330000,0.031393,0.010965,0.039968,-0.103751,0.108099,2.111487
160.351000,0.030427,0.011309,0.038803,-0.100777,0.107074,2.111373
160.371000,0.029509,0.011061,0.037183,-0.097879,0.106044,2.111268
160.390000,0.028301,0.010525,0.035658,-0.095115,0.104920,2.111145
160.411000,0.027317,0.009495,0.033841,-0.092047,0.103727,2.110967
160.430000,0.026399,0.008161,0.032114,-0.089227,0.102595,2.110805
160.451000,0.025117,0.006314,0.030065,-0.086094,0.101238,2.110634
160.471000,0.024136,0.004498,0.027948,-0.083178,0.099996,2.110525
160.491000,0.022971,0.002323,0.025680,-0.080234,0.098664,2.110466
160.513000,0.022126,-0.000608,0.023259,-0.076949,0.097307,2.110408
160.530000,0.021308,-0.003118,0.021279,-0.074402,0.096193,2.110407
160.551000,0.020081,-0.006205,0.018925,-0.071352,0.094706,2.110473
160.571000,0.019235,-0.008726,0.016540,-0.068664,0.093345,2.110605
160.590000,0.018596,-0.010562,0.014124,-0.066337,0.092089,2.110767
160.611000,0.017715,-0.012478,0.011307,-0.063859,0.090568,2.110971
160.630000,0.017506,-0.014277,0.008831,-0.061684,0.089320,2.111197
160.650000,0.017693,-0.015958,0.006170,-0.059544,0.088093,2.111453
160.671000,0.017374,-0.017167,0.003493,-0.057569,0.086632,2.111749
160.690000,0.017091,-0.017963,0.000950,-0.055923,0.085306,2.112055
160.710000,0.018272,-0.018358,-0.003125,-0.054354,0.084397,2.112440
160.730000,0.019422,-0.018179,-0.007311,-0.053061,0.083456,2.112864
160.751000,0.018724,-0.017744,-0.010141,-0.051933,0.081890,2.113283
160.771000,0.017889,-0.016915,-0.013014,-0.051103,0.080319,2.113663
160.790000,0.017507,-0.015943,-0.015467,-0.050498,0.078906,2.114073
160.811000,0.017502,-0.015132,-0.018123,-0.049883,0.077469,2.114530
160.830000,0.016529,-0.014684,-0.020661,-0.049380,0.075895,2.114916
160.850000,0.015975,-0.014203,-0.022945,-0.048983,0.074397,2.115361
160.871000,0.015464,-0.013796,-0.025367,-0.048647,0.072908,2.115850
160.890000,0.014200,-0.013264,-0.027799,-0.048505,0.071323,2.116312
160.911000,0.013523,-0.012649,-0.030216,-0.048496,0.069740,2.116894
160.930000,0.013471,-0.012312,-0.032434,-0.048524,0.068480,2.117454
160.950000,0.013177,-0.012281,-0.035035,-0.048590,0.067050,2.118070
160.971000,0.013657,-0.012157,-0.037659,-0.048765,0.065798,2.118682
160.990000,0.014181,-0.011767,-0.039900,-0.049082,0.064702,2.119229
161.011000,0.014745,-0.011325,-0.042398,-0.049536,0.063522,2.119802
161.030000,0.015142,-0.010898,-0.044489,-0.050007,0.062437,2.120282
161.050000,0.015637,-0.010022,-0.046871,-0.050706,0.061334,2.120779
161.071000,0.016222,-0.009047,-0.049229,-0.051504,0.060192,2.121266
161.090000,0.017091,-0.008094,-0.051205,-0.052342,0.059241,2.121665
161.111000,0.018761,-0.006745,-0.053358,-0.053402,0.058362,2.122100
161.130000,0.020405,-0.005542,-0.055193,-0.054438,0.057589,2.122454
161.150000,0.021930,-0.004513,-0.057318,-0.055535,0.056712,2.122778
161.171000,0.023904,-0.003713,-0.059231,-0.056687,0.055854,2.123059
161.190000,0.026146,-0.002899,-0.060751,-0.057798,0.055188,2.123248
161.211000,0.028057,-0.002108,-0.062417,-0.059050,0.054272,2.123397
161.230000,0.030017,-0.001376,-0.064117,-0.060217,0.053470,2.123454
161.250000,0.032703,-0.000365,-0.065546,-0.061539,0.052767,2.123489
161.271000,0.034527,0.000901,-0.067180,-0.063036,0.051717,2.123466
161.290000,0.035391,0.001925,-0.068734,-0.064398,0.050524,2.123381
161.311000,0.036762,0.003523,-0.070208,-0.066107,0.049263,2.123306
161.330000,0.037994,0.004775,-0.071425,-0.067609,0.048069,2.123224
161.350000,0.038838,0.005665,-0.072684,-0.069101,0.046627,2.123101
161.371000,0.039974,0.006714,-0.073689,-0.070755,0.045118,2.122956
161.390000,0.040426,0.007599,-0.074651,-0.072255,0.043532,2.122836
161.411000,0.040845,0.008714,-0.075587,-0.073967,0.041698,2.122706
161.430000,0.041107,0.009969,-0.076379,-0.075592,0.039913,2.122606
161.451000,0.041318,0.011662,-0.077017,-0.077515,0.037829,2.122498
161.471000,0.041496,0.012824,-0.077602,-0.079233,0.035751,2.122385
161.490000,0.041551,0.013521,-0.078149,-0.080761,0.033663,2.122216
161.511000,0.041498,0.014472,-0.078430,-0.082522,0.031258,2.122008
161.530000,0.040909,0.015217,-0.078791,-0.084099,0.028884,2.121765
161.551000,0.039922,0.015852,-0.079052,-0.085813,0.026076,2.121466
161.574000,0.039118,0.016353,-0.079257,-0.087617,0.022968,2.121154
161.590000,0.038347,0.016482,-0.079260,-0.088833,0.020715,2.120938
161.611000,0.037380,0.016524,-0.079356,-0.090378,0.017682,2.120690
161.630000,0.036239,0.016337,-0.079548,-0.091741,0.014772,2.120443
161.650000,0.035447,0.015891,-0.079330,-0.093100,0.011759,2.120176
161.671000,0.034539,0.015259,-0.079082,-0.094487,0.008549,2.119863
161.690000,0.033242,0.014850,-0.078896,-0.095801,0.005483,2.119517
161.711000,0.031420,0.014620,-0.078380,-0.097329,0.001966,2.119078
161.730000,0.029267,0.014281,-0.077902,-0.098683,-0.001326,2.118641
161.751000,0.026999,0.013835,-0.077375,-0.100147,-0.004984,2.118129
161.771000,0.024372,0.013285,-0.076679,-0.101507,-0.008656,2.117667
161.790000,0.022474,0.012967,-0.076011,-0.102848,-0.011990,2.117231
161.811000,0.020339,0.012263,-0.075057,-0.104263,-0.015697,2.116658
161.830000,0.018185,0.011365,-0.074116,-0.105497,-0.019109,2.116077
161.851000,0.015909,0.010480,-0.073089,-0.106903,-0.022857,2.115405
161.871000,0.013745,0.009540,-0.072041,-0.108241,-0.026411,2.114767
161.890000,0.011597,0.008583,-0.070896,-0.109499,-0.029786,2.114158
161.911000,0.009026,0.007829,-0.069492,-0.110982,-0.033494,2.113470
161.930000,0.006555,0.007167,-0.068120,-0.112338,-0.036852,2.112871
161.951000,0.004106,0.006499,-0.066368,-0.113857,-0.040427,2.112196
161.974000,0.001438,0.006204,-0.064414,-0.115661,-0.044273,2.111475
161.990000,-0.000097,0.005966,-0.063192,-0.116877,-0.046812,2.110997
162.011000,-0.002226,0.006145,-0.061571,-0.118615,-0.050121,2.110431
162.030000,-0.003916,0.006701,-0.059941,-0.120313,-0.052989,2.110016
162.050000,-0.005334,0.007631,-0.058230,-0.122186,-0.055831,2.109578
162.071000,-0.006863,0.008975,-0.056526,-0.124278,-0.058724,2.109152
162.093000,-0.008731,0.010047,-0.054720,-0.126457,-0.061738,2.108743
162.111000,-0.009532,0.010257,-0.053088,-0.128034,-0.063928,2.108380
162.130000,-0.010419,0.010367,-0.051524,-0.129679,-0.066142,2.108000
162.151000,-0.011978,0.010534,-0.049596,-0.131566,-0.068628,2.107582
162.171000,-0.012812,0.010957,-0.047819,-0.133388,-0.070692,2.107160
162.190000,-0.013307,0.011813,-0.046176,-0.135226,-0.072453,2.106768
162.210000,-0.013924,0.013142,-0.044285,-0.137280,-0.074218,2.106306
162.230000,-0.014641,0.014131,-0.042699,-0.139228,-0.075857,2.105813
162.251000,-0.014841,0.015055,-0.040955,-0.141222,-0.077315,2.105302
162.271000,-0.014711,0.016086,-0.039253,-0.143169,-0.078499,2.104835
162.290000,-0.014739,0.017097,-0.038028,-0.145008,-0.079533,2.104411
162.311000,-0.014127,0.018124,-0.036712,-0.146984,-0.080408,2.103960
162.330000,-0.013068,0.019174,-0.035439,-0.148794,-0.080950,2.103590
162.350000,-0.012214,0.020331,-0.034296,-0.150666,-0.081494,2.103215
162.371000,-0.010901,0.021604,-0.033158,-0.152595,-0.081843,2.102827
162.390000,-0.009413,0.023062,-0.032046,-0.154394,-0.081991,2.102541
162.411000,-0.007437,0.024733,-0.030988,-0.156370,-0.081918,2.102220
162.430000,-0.006473,0.025821,-0.030119,-0.158034,-0.081983,2.101906
162.450000,-0.005179,0.026521,-0.029074,-0.159683,-0.081862,2.101537
162.471000,-0.004069,0.026354,-0.028177,-0.161135,-0.081682,2.101095
162.490000,-0.003069,0.026243,-0.027488,-0.162446,-0.081442,2.100694
162.511000,-0.002000,0.025727,-0.026702,-0.163765,-0.081079,2.100227
162.530000,-0.001213,0.024870,-0.026077,-0.164824,-0.080735,2.099805
162.551000,-0.000190,0.023791,-0.025508,-0.165938,-0.080222,2.099385
162.571000,0.000820,0.022661,-0.024960,-0.166948,-0.079641,2.099022
162.590000,0.001639,0.021227,-0.024498,-0.167803,-0.079048,2.098683
162.611000,0.002199,0.019339,-0.023983,-0.168658,-0.078399,2.098297
162.630000,0.002748,0.017631,-0.023676,-0.169415,-0.077725,2.097929
162.650000,0.003081,0.015466,-0.023257,-0.170094,-0.077012,2.097532
162.671000,0.003329,0.013208,-0.022852,-0.170823,-0.076181,2.097080
162.690000,0.002879,0.011232,-0.022680,-0.171513,-0.075521,2.096678
162.711000,0.001869,0.009315,-0.022418,-0.172352,-0.074841,2.096232
162.730000,0.001049,0.007674,-0.022329,-0.173160,-0.074127,2.095823
162.750000,0.000322,0.005742,-0.022112,-0.173956,-0.073252,2.095397
162.771000,-0.000674,0.003877,-0.021936,-0.174866,-0.072294,2.094892
162.790000,-0.001801,0.002111,-0.021738,-0.175704,-0.071444,2.094406
162.811000,-0.002526,0.000306,-0.021467,-0.176692,-0.070279,2.093903
162.830000,-0.002825,-0.001090,-0.021205,-0.177662,-0.069069,2.093434
162.851000,-0.003040,-0.002012,-0.020749,-0.178943,-0.067578,2.092945
162.871000,-0.003861,-0.002449,-0.020551,-0.180288,-0.066244,2.092511
162.890000,-0.004842,-0.002412,-0.020370,-0.181713,-0.064982,2.092075
162.911000,-0.005403,-0.002043,-0.019696,-0.183423,-0.063333,2.091594
162.930000,-0.005514,-0.001450,-0.018934,-0.185055,-0.061621,2.091099
162.950000,-0.006438,-0.000199,-0.018305,-0.186988,-0.059946,2.090565
162.971000,-0.007976,0.001332,-0.017287,-0.189111,-0.058238,2.089986
162.990000,-0.008430,0.002705,-0.016347,-0.191050,-0.056335,2.089456
163.011000,-0.008371,0.004220,-0.015258,-0.193217,-0.054007,2.088886
163.030000,-0.008521,0.005931,-0.014291,-0.195310,-0.051859,2.088369
163.051000,-0.008630,0.007715,-0.013303,-0.197597,-0.049358,2.087814
163.071000,-0.008747,0.009363,-0.012231,-0.199787,-0.046922,2.087304
163.090000,-0.008422,0.011095,-0.011036,-0.201937,-0.044390,2.086804
163.111000,-0.008056,0.012987,-0.009658,-0.204307,-0.041482,2.086261
163.130000,-0.007604,0.014413,-0.008608,-0.206378,-0.038770,2.085766
163.151000,-0.006218,0.015931,-0.007135,-0.208682,-0.035453,2.085258
163.171000,-0.005076,0.016804,-0.006027,-0.210727,-0.032252,2.084764
163.190000,-0.003810,0.017500,-0.005121,-0.212644,-0.029096,2.084270
163.211000,-0.002047,0.018278,-0.004053,-0.214775,-0.025481,2.083776
163.230000,0.000108,0.018780,-0.003362,-0.216657,-0.022008,2.083312
163.251000,0.002219,0.018884,-0.002635,-0.218610,-0.018188,2.082784
163.271000,0.004596,0.018986,-0.002114,-0.220466,-0.014374,2.082321
163.290000,0.006534,0.018619,-0.001693,-0.222091,-0.010813,2.081895
163.311000,0.008443,0.018214,-0.001218,-0.223899,-0.006915,2.081458
163.330000,0.010747,0.017660,-0.000840,-0.225467,-0.003204,2.081114
163.351000,0.012867,0.016870,-0.000626,-0.227146,0.000759,2.080776
163.371000,0.015173,0.016322,-0.000351,-0.228794,0.004627,2.080491
163.391000,0.017745,0.015798,-0.000238,-0.230421,0.008534,2.080214
163.411000,0.020182,0.015241,-0.000167,-0.232046,0.012403,2.079940
163.430000,0.022407,0.014832,-0.000256,-0.233601,0.016066,2.079730
163.451000,0.025009,0.014649,-0.000512,-0.235373,0.020104,2.079515
163.471000,0.027463,0.014548,-0.000713,-0.237095,0.023906,2.079346
163.491000,0.029757,0.014185,-0.001086,-0.238731,0.027616,2.079234
163.511000,0.032188,0.013681,-0.001379,-0.240328,0.031312,2.079158
163.530000,0.034294,0.012946,-0.001768,-0.241808,0.034737,2.079097
163.550000,0.036606,0.011989,-0.002281,-0.243308,0.038331,2.079029
163.571000,0.038509,0.010988,-0.002923,-0.244909,0.041914,2.078954
163.590000,0.040013,0.010314,-0.003582,-0.246429,0.045031,2.078891
163.611000,0.041828,0.009746,-0.004505,-0.248133,0.048391,2.078826
163.630000,0.043949,0.009295,-0.005458,-0.249705,0.051446,2.078774
163.651000,0.046582,0.008734,-0.006374,-0.251407,0.054754,2.078661
163.671000,0.049123,0.008496,-0.007381,-0.253116,0.057828,2.078569
163.690000,0.051149,0.008366,-0.008297,-0.254756,0.060456,2.078543
163.710000,0.054528,0.008433,-0.009381,-0.256531,0.063442,2.078608
163.730000,0.057912,0.008734,-0.010155,-0.258353,0.066255,2.078745
163.750000,0.060715,0.009540,-0.011190,-0.260304,0.068792,2.078852
163.771000,0.062848,0.010625,-0.012280,-0.262377,0.071058,2.079042
163.790000,0.064685,0.012136,-0.013258,-0.264379,0.072912,2.079217
163.811000,0.066462,0.014404,-0.013993,-0.266713,0.074694,2.079468
163.830000,0.068012,0.017233,-0.014784,-0.269013,0.076120,2.079687
163.850000,0.069715,0.020774,-0.015457,-0.271584,0.077464,2.079886
163.871000,0.070716,0.024642,-0.016337,-0.274289,0.078458,2.080086
163.890000,0.070630,0.027672,-0.016863,-0.276586,0.078917,2.080242
163.911000,0.070566,0.030968,-0.017181,-0.279096,0.079277,2.080326
163.930000,0.069608,0.033647,-0.017470,-0.281226,0.079204,2.080297
163.951000,0.068301,0.036864,-0.017577,-0.283595,0.078813,2.080253
163.971000,0.066907,0.040374,-0.017670,-0.285835,0.078253,2.080159
163.990000,0.065130,0.043691,-0.017684,-0.287910,0.077400,2.080022
164.011000,0.063373,0.047182,-0.017554,-0.290095,0.076287,2.079876
164.030000,0.061933,0.049851,-0.017328,-0.291852,0.075141,2.079809
164.050000,0.060625,0.052318,-0.017042,-0.293506,0.073816,2.079758
164.071000,0.058851,0.054357,-0.016513,-0.295029,0.072137,2.079731
164.090000,0.057221,0.055695,-0.015946,-0.296168,0.070477,2.079706
164.111000,0.055044,0.056642,-0.015102,-0.297186,0.068405,2.079714
164.130000,0.052691,0.057407,-0.014412,-0.297954,0.066306,2.079743
164.150000,0.049789,0.057892,-0.013414,-0.298597,0.063856,2.079753
164.171000,0.046874,0.057758,-0.012397,-0.298931,0.061238,2.079721
164.190000,0.044090,0.057456,-0.011486,-0.299045,0.058746,2.079718
164.211000,0.040509,0.057179,-0.010338,-0.299059,0.055778,2.079720
164.230000,0.037108,0.056645,-0.009311,-0.298842,0.052974,2.079746
164.251000,0.033553,0.056065,-0.008042,-0.298505,0.049869,2.079793
164.271000,0.029944,0.055015,-0.006670,-0.297886,0.046827,2.079861
164.290000,0.025865,0.054066,-0.005407,-0.297199,0.043744,2.079970
164.311000,0.021713,0.052406,-0.003861,-0.296137,0.040445,2.080011
164.330000,0.017983,0.050425,-0.002524,-0.294943,0.037440,2.080095
164.351000,0.014238,0.048642,-0.001118,-0.293635,0.034202,2.080241
164.371000,0.011136,0.046594,0.000377,-0.292153,0.031247,2.080335
164.391000,0.007760,0.044289,0.001797,-0.290490,0.028244,2.080355
164.411000,0.004738,0.042038,0.003121,-0.288753,0.025347,2.080388
164.430000,0.002511,0.039803,0.004501,-0.286940,0.022787,2.080462
164.451000,0.000385,0.037879,0.006099,-0.285019,0.020073,2.080596
164.471000,-0.001318,0.036234,0.007547,-0.283144,0.017629,2.080743
164.490000,-0.003050,0.034520,0.009110,-0.281224,0.015324,2.080895
164.511000,-0.004235,0.032890,0.010775,-0.279112,0.013039,2.081048
164.530000,-0.004964,0.031708,0.012141,-0.277214,0.011124,2.081208
164.551000,-0.008006,0.030296,0.015499,-0.275118,0.008335,2.081343
164.570000,-0.009863,0.028734,0.018170,-0.273094,0.006168,2.081445
164.590000,-0.010042,0.026838,0.019256,-0.270812,0.004576,2.081616
164.611000,-0.010357,0.024391,0.020362,-0.268269,0.002924,2.081775
164.630000,-0.009833,0.022237,0.021393,-0.265971,0.001739,2.081958
164.651000,-0.009440,0.019666,0.022505,-0.263361,0.000514,2.082145
164.671000,-0.009515,0.017230,0.023357,-0.260901,-0.000676,2.082288
164.690000,-0.008928,0.014810,0.024124,-0.258525,-0.001504,2.082430
164.711000,-0.006051,0.011452,0.022241,-0.255640,-0.001512,2.082624
164.730000,-0.005713,0.008629,0.023154,-0.253176,-0.002221,2.082721
164.750000,-0.005167,0.006002,0.023850,-0.250724,-0.002831,2.082766
164.771000,-0.005030,0.003045,0.024542,-0.248129,-0.003463,2.082814
164.790000,-0.004127,0.000509,0.025100,-0.245860,-0.003753,2.082860
164.811000,-0.003467,-0.002119,0.025880,-0.243488,-0.004035,2.082863
164.830000,-0.003353,-0.004764,0.026461,-0.241299,-0.004326,2.082842
164.850000,-0.002727,-0.007354,0.027178,-0.239124,-0.004410,2.082796
164.871000,-0.001342,-0.009701,0.027896,-0.237021,-0.004173,2.082759
164.890000,-0.000223,-0.011386,0.028427,-0.235307,-0.003935,2.082655
164.911000,0.000438,-0.012944,0.028951,-0.233584,-0.003740,2.082450
164.930000,0.000884,-0.014072,0.029197,-0.232178,-0.003514,2.082201
164.951000,0.001247,-0.015050,0.029266,-0.230785,-0.003234,2.081875
164.971000,0.002053,-0.015698,0.029307,-0.229653,-0.002787,2.081597
164.990000,0.003246,-0.016468,0.029217,-0.228612,-0.002200,2.081332
165.011000,0.004644,-0.017364,0.029048,-0.227550,-0.001493,2.081112
165.030000,0.006027,-0.017861,0.028936,-0.226777,-0.000741,2.080933
165.050000,0.007431,-0.018266,0.028756,-0.226060,0.000092,2.080737
165.071000,0.008732,-0.018107,0.028494,-0.225536,0.001024,2.080520
165.093000,0.009359,-0.016860,0.027953,-0.225369,0.001831,2.080284
165.111000,0.009229,-0.015161,0.027407,-0.225498,0.002344,2.080084
165.130000,0.009281,-0.012954,0.026834,-0.225792,0.002971,2.079877
165.151000,0.010085,-0.009874,0.026059,-0.226429,0.003921,2.079632
165.173000,0.010645,-0.006671,0.025065,-0.227224,0.004925,2.079396
165.190000,0.010174,-0.005236,0.024095,-0.227627,0.005483,2.079183
165.211000,0.010283,-0.003765,0.022925,-0.228148,0.006375,2.078996
165.230000,0.011167,-0.002109,0.021920,-0.228753,0.007413,2.078860
165.250000,0.012149,0.000185,0.021147,-0.229604,0.008530,2.078732
165.271000,0.012541,0.002638,0.019922,-0.230554,0.009581,2.078590
165.290000,0.012522,0.004477,0.018855,-0.231345,0.010465,2.078459
165.311000,0.013425,0.006252,0.017727,-0.232194,0.011747,2.078380
165.330000,0.013905,0.007729,0.016497,-0.232971,0.012840,2.078342
165.351000,0.014408,0.009323,0.015035,-0.233889,0.014021,2.078309
165.371000,0.015620,0.010313,0.013764,-0.234675,0.015326,2.078327
165.390000,0.017259,0.010604,0.012496,-0.235294,0.016643,2.078370
165.411000,0.019526,0.010271,0.011148,-0.235854,0.018198,2.078495
165.430000,0.021664,0.009776,0.009758,-0.236321,0.019630,2.078614
165.450000,0.023628,0.009340,0.008469,-0.236856,0.021070,2.078704
165.471000,0.025262,0.009018,0.007261,-0.237460,0.022462,2.078825
165.490000,0.026737,0.008855,0.006013,-0.238032,0.023723,2.078954
165.511000,0.028532,0.009023,0.004710,-0.238773,0.025119,2.079114
165.530000,0.030231,0.009210,0.003595,-0.239467,0.026381,2.079275
165.550000,0.031561,0.009361,0.002425,-0.240188,0.027552,2.079432
165.571000,0.033068,0.009601,0.001204,-0.240953,0.028758,2.079619
165.590000,0.034617,0.010210,0.000331,-0.241771,0.029831,2.079787
165.610000,0.036169,0.011217,-0.000739,-0.242709,0.030931,2.079970
165.630000,0.036515,0.012185,-0.001822,-0.243654,0.031661,2.080157
165.650000,0.037002,0.013022,-0.002862,-0.244595,0.032378,2.080324
165.671000,0.037993,0.013125,-0.003768,-0.245339,0.033221,2.080486
165.690000,0.037962,0.013283,-0.004714,-0.246044,0.033651,2.080583
165.711000,0.037786,0.013471,-0.005685,-0.246838,0.034017,2.080689
165.730000,0.037890,0.013643,-0.006498,-0.247551,0.034335,2.080840
165.750000,0.038381,0.013745,-0.007265,-0.248275,0.034647,2.080981
165.771000,0.039134,0.013367,-0.008089,-0.248892,0.034945,2.081143
165.791000,0.039574,0.012799,-0.008839,-0.249406,0.035102,2.081307
165.811000,0.039777,0.011855,-0.009587,-0.249792,0.035111,2.081507
165.830000,0.039808,0.011517,-0.010488,-0.250305,0.034986,2.081785
165.850000,0.039895,0.011480,-0.011289,-0.250902,0.034771,2.082107
165.871000,0.039692,0.011903,-0.012231,-0.251660,0.034390,2.082406
165.890000,0.039258,0.011840,-0.013089,-0.252195,0.033893,2.082717
165.911000,0.039244,0.011183,-0.013981,-0.252628,0.033382,2.082997
165.930000,0.039252,0.010873,-0.014771,-0.253088,0.032820,2.083269
165.951000,0.039318,0.010406,-0.015657,-0.253521,0.032121,2.083612
165.971000,0.039514,0.010191,-0.016350,-0.253932,0.031433,2.083968
165.990000,0.039504,0.010543,-0.016825,-0.254439,0.030692,2.084308
166.011000,0.038952,0.011526,-0.017494,-0.255119,0.029663,2.084721
166.030000,0.037900,0.012959,-0.017857,-0.255859,0.028511,2.085114
166.051000,0.036654,0.015296,-0.018371,-0.256845,0.027132,2.085639
166.071000,0.036283,0.017878,-0.018559,-0.257875,0.025978,2.086175
166.090000,0.036206,0.020508,-0.018694,-0.258891,0.024887,2.086707
166.111000,0.034901,0.022255,-0.019060,-0.259670,0.023336,2.087301
166.130000,0.033490,0.023300,-0.019289,-0.260217,0.021789,2.087853
166.150000,0.032982,0.024285,-0.019325,-0.260715,0.020402,2.088439
166.171000,0.031556,0.025193,-0.019675,-0.261176,0.018643,2.089042
166.190000,0.030083,0.025417,-0.019803,-0.261423,0.016965,2.089567
166.211000,0.028787,0.024848,-0.019627,-0.261443,0.015149,2.090128
166.230000,0.027270,0.023833,-0.019608,-0.261323,0.013378,2.090557
166.251000,0.026185,0.022490,-0.019658,-0.261105,0.011539,2.091008
166.271000,0.025523,0.020279,-0.019660,-0.260604,0.009783,2.091383
166.290000,0.025251,0.018053,-0.019564,-0.260091,0.008162,2.091657
166.311000,0.024300,0.015265,-0.019510,-0.259436,0.006189,2.091893
166.330000,0.023309,0.012545,-0.019510,-0.258785,0.004348,2.092081
166.351000,0.022702,0.008773,-0.019176,-0.257859,0.002413,2.092288
166.371000,0.021608,0.004657,-0.018931,-0.256878,0.000374,2.092456
166.390000,0.020907,0.000492,-0.018655,-0.255901,-0.001496,2.092574
166.414000,0.020051,-0.005241,-0.018147,-0.254627,-0.003907,2.092638
166.430000,0.019652,-0.009669,-0.017808,-0.253645,-0.005486,2.092699
166.451000,0.019523,-0.015449,-0.017441,-0.252389,-0.007456,2.092770
166.471000,0.019170,-0.021002,-0.016941,-0.251209,-0.009385,2.092837
166.490000,0.018101,-0.025499,-0.016656,-0.250336,-0.011446,2.092948
166.511000,0.017232,-0.028370,-0.016364,-0.250011,-0.013640,2.092982
166.530000,0.016856,-0.030124,-0.015753,-0.250027,-0.015469,2.092930
166.551000,0.015956,-0.031967,-0.015309,-0.250123,-0.017596,2.092837
166.571000,0.014270,-0.033416,-0.015047,-0.250415,-0.019879,2.092655
166.590000,0.012875,-0.034911,-0.014455,-0.250734,-0.021967,2.092471
166.611000,0.012598,-0.036062,-0.013899,-0.251280,-0.023894,2.092269
166.630000,0.011790,-0.035035,-0.013531,-0.252397,-0.025736,2.092055
166.651000,0.009635,-0.032514,-0.013230,-0.254084,-0.028084,2.091865
166.671000,0.008249,-0.029966,-0.012853,-0.255826,-0.030082,2.091694
166.690000,0.007005,-0.027271,-0.012326,-0.257652,-0.031910,2.091560
166.711000,0.005145,-0.023692,-0.011960,-0.259959,-0.034007,2.091407
166.730000,0.003712,-0.020409,-0.011717,-0.262140,-0.035819,2.091307
166.751000,0.002671,-0.016874,-0.011062,-0.264619,-0.037639,2.091249
166.771000,0.002367,-0.013650,-0.010534,-0.267001,-0.039105,2.091248
166.790000,0.001992,-0.010463,-0.010240,-0.269355,-0.040464,2.091341
166.811000,0.000987,-0.006787,-0.009825,-0.272050,-0.042052,2.091569
166.830000,0.000178,-0.003006,-0.009767,-0.274629,-0.043354,2.091835
166.850000,-0.001008,0.001485,-0.009651,-0.277511,-0.044760,2.092162
166.870000,-0.002052,0.006477,-0.009656,-0.280568,-0.046079,2.092513
166.890000,-0.002858,0.011547,-0.009414,-0.283661,-0.047272,2.092883
166.910000,-0.003535,0.015741,-0.009492,-0.286523,-0.048398,2.093291
166.930000,-0.004003,0.018500,-0.009404,-0.288979,-0.049413,2.093763
166.951000,-0.003677,0.021103,-0.009335,-0.291444,-0.050212,2.094213
166.971000,-0.003276,0.023899,-0.009008,-0.293810,-0.050859,2.094675
166.990000,-0.003913,0.026497,-0.008951,-0.295995,-0.051696,2.095132
167.011000,-0.004368,0.029364,-0.008910,-0.298311,-0.052493,2.095685
167.030000,-0.003904,0.031867,-0.008600,-0.300309,-0.052935,2.096193
167.050000,-0.003779,0.034210,-0.008424,-0.302248,-0.053441,2.096756
167.071000,-0.003811,0.036269,-0.008398,-0.304087,-0.053967,2.097356
167.090000,-0.002924,0.037750,-0.007990,-0.305560,-0.054152,2.097884
167.111000,-0.001576,0.038956,-0.007699,-0.306948,-0.054182,2.098479
167.130000,-0.001381,0.040002,-0.007545,-0.308079,-0.054442,2.098999
167.150000,-0.000948,0.041279,-0.007371,-0.309216,-0.054600,2.099544
167.171000,0.000095,0.042739,-0.006973,-0.310307,-0.054509,2.100117
167.190000,0.000331,0.043388,-0.006698,-0.311020,-0.054580,2.100599
167.211000,0.000779,0.043232,-0.006324,-0.311479,-0.054526,2.101082
167.230000,0.001501,0.042520,-0.005960,-0.311635,-0.054326,2.101482
167.250000,0.001792,0.041061,-0.005438,-0.311526,-0.054181,2.101836
167.271000,0.002294,0.039396,-0.004777,-0.311284,-0.053938,2.102176
167.290000,0.002799,0.037685,-0.004243,-0.310904,-0.053664,2.102484
167.311000,0.003304,0.035274,-0.003699,-0.310257,-0.053354,2.102860
167.330000,0.004316,0.033032,-0.002992,-0.309549,-0.052857,2.103181
167.350000,0.005497,0.030771,-0.002233,-0.308746,-0.052262,2.103467
167.371000,0.005733,0.028367,-0.001273,-0.307844,-0.051885,2.103757
167.390000,0.006375,0.025992,-0.000197,-0.306923,-0.051371,2.104023
167.411000,0.007403,0.022641,0.000778,-0.305647,-0.050638,2.104299
167.430000,0.007735,0.019348,0.001897,-0.304361,-0.050103,2.104551
167.450000,0.007903,0.016468,0.002986,-0.303104,-0.049565,2.104879
167.471000,0.008065,0.013977,0.004218,-0.301829,-0.048960,2.105275
167.490000,0.008071,0.012578,0.005311,-0.300847,-0.048438,2.105655
167.511000,0.008575,0.012011,0.006577,-0.299982,-0.047695,2.106061
167.530000,0.008921,0.011933,0.007732,-0.299312,-0.047073,2.106347
167.551000,0.009812,0.012068,0.009224,-0.298641,-0.046229,2.106617
167.571000,0.010392,0.011434,0.010465,-0.297787,-0.045477,2.106861
167.590000,0.009856,0.009910,0.011560,-0.296711,-0.045027,2.107083
167.610000,0.009668,0.008549,0.012664,-0.295637,-0.044445,2.107316
167.630000,0.010130,0.007322,0.013832,-0.294548,-0.043665,2.107592
167.651000,0.010606,0.006293,0.014734,-0.293413,-0.042832,2.107837
167.671000,0.010491,0.006038,0.015682,-0.292490,-0.042156,2.107976
167.690000,0.009648,0.006383,0.016259,-0.291729,-0.041743,2.108008
167.711000,0.008881,0.007455,0.016756,-0.291052,-0.041204,2.107978
167.730000,0.008711,0.009006,0.017453,-0.290592,-0.040556,2.107909
167.750000,0.008548,0.010964,0.018016,-0.290200,-0.039852,2.107881
167.771000,0.008086,0.013056,0.018607,-0.289807,-0.039162,2.107844
167.790000,0.007018,0.014641,0.018955,-0.289324,-0.038652,2.107861
167.811000,0.005129,0.016269,0.019131,-0.288701,-0.038273,2.107877
167.830000,0.003977,0.017815,0.019364,-0.288119,-0.037758,2.107882
167.851000,0.003672,0.019724,0.019338,-0.287505,-0.036864,2.107878
167.871000,0.002586,0.021705,0.018950,-0.286925,-0.036215,2.107826
167.890000,0.001168,0.023417,0.018631,-0.286301,-0.035652,2.107776
167.911000,0.000853,0.024754,0.018098,-0.285445,-0.034632,2.107749
167.930000,0.000353,0.025666,0.017432,-0.284561,-0.033729,2.107634
167.951000,-0.000903,0.026928,0.016745,-0.283626,-0.032896,2.107454
167.971000,-0.001412,0.027722,0.016207,-0.282596,-0.031883,2.107247
167.990000,-0.001985,0.027577,0.015648,-0.281333,-0.030864,2.107087
168.011000,-0.002293,0.027431,0.014839,-0.279848,-0.029625,2.106865
168.030000,-0.002005,0.027459,0.014090,-0.278486,-0.028354,2.106619
168.051000,-0.001380,0.028097,0.013070,-0.277013,-0.026844,2.106325
168.071000,-0.000182,0.029248,0.011832,-0.275617,-0.025166,2.106056
168.093000,0.001300,0.031360,0.010411,-0.274203,-0.023256,2.105753
168.111000,0.002603,0.033839,0.009291,-0.273153,-0.021632,2.105476
168.130000,0.004178,0.036994,0.007892,-0.272119,-0.019837,2.105193
168.151000,0.006426,0.040719,0.006484,-0.270950,-0.017665,2.104860
168.172000,0.008948,0.044835,0.005025,-0.269794,-0.015360,2.104537
168.190000,0.010110,0.047284,0.003687,-0.268459,-0.013633,2.104163
168.211000,0.011073,0.049053,0.002121,-0.266501,-0.011644,2.103658
168.230000,0.012022,0.050951,0.000786,-0.264690,-0.009777,2.103230
168.250000,0.009569,0.053188,0.002351,-0.262892,-0.009001,2.102725
168.271000,0.010555,0.055243,0.000513,-0.260623,-0.006993,2.102325
168.290000,0.012107,0.057150,-0.001182,-0.258440,-0.005003,2.101975
168.311000,0.013548,0.059300,-0.002805,-0.255880,-0.002890,2.101616
168.330000,0.015032,0.061521,-0.004236,-0.253482,-0.000977,2.101342
168.351000,0.017334,0.064409,-0.005818,-0.250766,0.001298,2.101116
168.371000,0.019082,0.067420,-0.007322,-0.248082,0.003303,2.100958
168.390000,0.021495,0.071002,-0.008223,-0.245738,0.005446,2.100825
168.410000,0.023341,0.073234,-0.009251,-0.242512,0.007356,2.100585
168.430000,0.025281,0.075631,-0.010390,-0.239115,0.009249,2.100353
168.450000,0.027037,0.078547,-0.011438,-0.235686,0.011058,2.100125
168.471000,0.028496,0.081142,-0.012573,-0.231761,0.012769,2.099926
168.490000,0.030190,0.083458,-0.013279,-0.228063,0.014336,2.099713
168.510000,0.031380,0.084928,-0.014423,-0.223748,0.015774,2.099457
168.530000,0.032946,0.085968,-0.015363,-0.219148,0.017229,2.099217
168.551000,0.034331,0.086334,-0.016464,-0.213933,0.018613,2.098938
168.571000,0.035628,0.086186,-0.017634,-0.208672,0.019839,2.098615
168.591000,0.036946,0.084994,-0.018301,-0.202981,0.020973,2.098229
168.611000,0.037729,0.083161,-0.019111,-0.196980,0.021888,2.097790
168.630000,0.038580,0.081042,-0.019780,-0.191050,0.022707,2.097329
168.650000,0.038936,0.077435,-0.020512,-0.184303,0.023361,2.096852
168.671000,0.039645,0.073401,-0.021193,-0.177001,0.024021,2.096380
168.690000,0.040273,0.070019,-0.021583,-0.170355,0.024520,2.095976
168.710000,0.039929,0.065468,-0.022338,-0.162970,0.024689,2.095505
168.730000,0.040599,0.060497,-0.022711,-0.155370,0.025002,2.095046
168.753000,0.041016,0.054817,-0.023303,-0.146554,0.025151,2.094572
168.771000,0.042166,0.049734,-0.024837,-0.139317,0.025487,2.094196
168.790000,0.043178,0.043796,-0.026775,-0.131357,0.025568,2.093778
168.811000,0.042849,0.037906,-0.026575,-0.122948,0.025135,2.093269
168.830000,0.042301,0.032742,-0.026148,-0.115343,0.024607,2.092854
168.851000,0.041212,0.026789,-0.025926,-0.106902,0.023810,2.092384
168.871000,0.039960,0.020940,-0.025603,-0.098838,0.022890,2.091898
168.890000,0.038723,0.015221,-0.025057,-0.091168,0.021964,2.091477
168.911000,0.036737,0.008794,-0.024536,-0.082742,0.020713,2.091029
168.930000,0.035248,0.003446,-0.024246,-0.075255,0.019579,2.090686
168.950000,0.032955,-0.001497,-0.023620,-0.067716,0.018090,2.090309
168.971000,0.030822,-0.007090,-0.022936,-0.059783,0.016490,2.089964
168.990000,0.029443,-0.012001,-0.022570,-0.052735,0.015149,2.089679
169.011000,0.027939,-0.017069,-0.021999,-0.045226,0.013576,2.089447
169.030000,0.026638,-0.021334,-0.021113,-0.038671,0.012068,2.089287
169.050000,0.025213,-0.025444,-0.020207,-0.032044,0.010397,2.089167
169.071000,0.023948,-0.030100,-0.019330,-0.025180,0.008663,2.089121
169.090000,0.022752,-0.034036,-0.018184,-0.019288,0.007028,2.089043
169.111000,0.020945,-0.038444,-0.016941,-0.012998,0.005082,2.089027
169.130000,0.019603,-0.041825,-0.015910,-0.007689,0.003400,2.089056
169.150000,0.018050,-0.044928,-0.014620,-0.002464,0.001564,2.089123
169.171000,0.016132,-0.047896,-0.013508,0.002677,-0.000478,2.089277
169.190000,0.014811,-0.049911,-0.012272,0.006864,-0.002226,2.089389
169.211000,0.013743,-0.051897,-0.010952,0.011145,-0.004043,2.089528
169.230000,0.012230,-0.053559,-0.009901,0.014743,-0.005842,2.089666
169.250000,0.011160,-0.055159,-0.008663,0.018213,-0.007622,2.089804
169.271000,0.010842,-0.056522,-0.007204,0.021444,-0.009264,2.090001
169.290000,0.010141,-0.057715,-0.005713,0.024035,-0.010871,2.090160
169.311000,0.009670,-0.058335,-0.004226,0.026438,-0.012544,2.090392
169.330000,0.009587,-0.058414,-0.002883,0.028226,-0.013936,2.090621
169.351000,0.008879,-0.057711,-0.001567,0.029692,-0.015600,2.090886
169.371000,0.007721,-0.056624,-0.000434,0.030696,-0.017283,2.091169
169.390000,0.007012,-0.054860,0.000541,0.031169,-0.018724,2.091392
169.411000,0.005826,-0.053040,0.001497,0.031464,-0.020381,2.091613
169.430000,0.004681,-0.051515,0.002321,0.031503,-0.021880,2.091815
169.450000,0.003771,-0.049501,0.002981,0.031237,-0.023332,2.092065
169.471000,0.002810,-0.046651,0.003756,0.030501,-0.024873,2.092323
169.490000,0.002430,-0.043658,0.004288,0.029475,-0.026143,2.092513
169.511000,0.002590,-0.039916,0.004978,0.027978,-0.027352,2.092764
169.530000,0.000966,-0.036432,0.007141,0.026335,-0.028980,2.092990
169.551000,-0.001694,-0.032366,0.009670,0.024233,-0.031013,2.093232
169.574000,-0.002315,-0.027938,0.010457,0.021738,-0.032432,2.093547
169.591000,-0.002583,-0.025054,0.010990,0.019858,-0.033372,2.093831
169.611000,-0.003175,-0.021916,0.011951,0.017535,-0.034519,2.094091
169.630000,-0.003537,-0.018792,0.012676,0.015104,-0.035508,2.094357
169.651000,-0.003901,-0.015505,0.013446,0.012302,-0.036598,2.094662
169.670000,-0.003755,-0.013021,0.014125,0.009771,-0.037424,2.094886
169.690000,-0.003620,-0.010567,0.014903,0.007026,-0.038285,2.095077
169.711000,-0.002877,-0.007828,0.015877,0.004007,-0.039003,2.095275
169.730000,-0.002257,-0.005235,0.016602,0.001179,-0.039628,2.095442
169.750000,-0.001658,-0.002021,0.017391,-0.002044,-0.040342,2.095594
169.771000,-0.000104,0.001197,0.018506,-0.005457,-0.040783,2.095713
169.790000,0.001636,0.003167,0.019373,-0.008333,-0.041102,2.095768
169.811000,0.004469,0.006014,0.021061,-0.011924,-0.041165,2.095808
169.830000,0.007685,0.007566,0.021954,-0.014821,-0.041227,2.095792
169.850000,0.012496,0.008233,0.022808,-0.017694,-0.040990,2.095823
169.871000,0.018133,0.007863,0.023664,-0.020479,-0.040665,2.095880
169.890000,0.023957,0.007281,0.024220,-0.022937,-0.040292,2.095998
169.911000,0.031344,0.006593,0.024897,-0.025646,-0.039732,2.096111
169.930000,0.038036,0.006047,0.025475,-0.028098,-0.039318,2.096233
169.950000,0.044645,0.005514,0.026157,-0.030651,-0.039112,2.096330
169.971000,0.051229,0.005287,0.026943,-0.033365,-0.039088,2.096479
169.990000,0.056622,0.005383,0.027308,-0.035838,-0.039308,2.096576
170.014000,0.063794,0.006527,0.025668,-0.039092,-0.039522,2.096796
170.030000,0.066671,0.007507,0.026210,-0.041336,-0.040413,2.096858
170.050000,0.070070,0.008686,0.026703,-0.044062,-0.041749,2.096934
170.071000,0.073579,0.010544,0.027410,-0.047025,-0.043362,2.097069
170.090000,0.076288,0.012922,0.028012,-0.049817,-0.045198,2.097167
170.111000,0.078946,0.016297,0.028791,-0.053015,-0.047551,2.097283
170.130000,0.080442,0.019653,0.029370,-0.055892,-0.050148,2.097378
170.151000,0.081636,0.023536,0.030213,-0.059022,-0.053387,2.097462
170.171000,0.082457,0.027226,0.030667,-0.061862,-0.056857,2.097522
170.190000,0.083235,0.030667,0.031307,-0.064429,-0.060412,2.097537
170.210000,0.084454,0.034606,0.031858,-0.067037,-0.064326,2.097549
170.230000,0.085499,0.038934,0.032634,-0.069612,-0.068572,2.097518
170.250000,0.085693,0.043879,0.033204,-0.072182,-0.073347,2.097500
170.271000,0.085081,0.049812,0.033575,-0.074908,-0.078875,2.097472
170.290000,0.084383,0.055325,0.033866,-0.077211,-0.084178,2.097539
170.311000,0.083689,0.061699,0.034152,-0.079657,-0.090297,2.097743
170.330000,0.082731,0.066990,0.034572,-0.081537,-0.096168,2.097998
170.350000,0.078022,0.071493,0.037375,-0.083157,-0.103791,2.098148
170.371000,0.075354,0.075808,0.037603,-0.084351,-0.111157,2.098480
170.390000,0.072535,0.079553,0.037886,-0.085179,-0.118117,2.098787
170.411000,0.068526,0.083275,0.038022,-0.085705,-0.126235,2.099189
170.430000,0.064876,0.086737,0.038352,-0.085974,-0.133777,2.099616
170.451000,0.059891,0.090139,0.038603,-0.085865,-0.142515,2.100128
170.471000,0.055100,0.093141,0.038996,-0.085433,-0.150998,2.100584
170.490000,0.050703,0.095899,0.039241,-0.084713,-0.159110,2.101086
170.510000,0.045587,0.098581,0.039576,-0.083600,-0.167931,2.101617
170.530000,0.040408,0.101043,0.039721,-0.082160,-0.176880,2.102194
170.550000,0.035724,0.102133,0.039782,-0.080125,-0.185802,2.102756
170.571000,0.031596,0.101877,0.039834,-0.077362,-0.195066,2.103340
170.590000,0.027777,0.100997,0.040089,-0.074449,-0.203537,2.103885
170.610000,0.023475,0.099386,0.040344,-0.070979,-0.212569,2.104456
170.630000,0.019361,0.096621,0.040625,-0.066949,-0.221561,2.104959
170.651000,0.014734,0.093056,0.041010,-0.062300,-0.231058,2.105467
170.671000,0.010072,0.089476,0.041153,-0.057569,-0.240149,2.105935
170.690000,0.005703,0.085418,0.041314,-0.052702,-0.248739,2.106380
170.711000,0.001364,0.080844,0.041436,-0.047042,-0.258084,2.106928
170.730000,-0.002775,0.076350,0.041665,-0.041614,-0.266566,2.107410
170.750000,-0.006618,0.071613,0.041869,-0.035714,-0.275297,2.107959
170.770000,-0.010427,0.066434,0.042081,-0.029545,-0.283942,2.108458
170.790000,-0.014278,0.060753,0.042161,-0.023084,-0.292457,2.108962
170.811000,-0.018692,0.054891,0.042391,-0.016239,-0.301390,2.109412
170.830000,-0.022958,0.048938,0.042600,-0.009776,-0.309406,2.109846
170.851000,-0.027459,0.042210,0.042826,-0.002488,-0.318023,2.110336
170.871000,-0.032022,0.035999,0.042942,0.004459,-0.326136,2.110836
170.890000,-0.036352,0.030276,0.042933,0.011016,-0.333692,2.111304
170.911000,-0.040800,0.023282,0.043142,0.018439,-0.341749,2.111750
170.930000,-0.044634,0.016573,0.043026,0.025240,-0.348780,2.112098
170.951000,-0.049038,0.009221,0.042759,0.032709,-0.356393,2.112392
170.971000,-0.052465,0.002462,0.042412,0.039672,-0.363198,2.112650
170.990000,-0.055951,-0.004097,0.042160,0.046250,-0.369515,2.112858
171.010000,-0.059323,-0.010540,0.041927,0.052949,-0.375796,2.113018
171.030000,-0.062387,-0.016495,0.041472,0.059408,-0.381737,2.113158
171.050000,-0.066009,-0.022057,0.041207,0.065634,-0.387555,2.113224
171.071000,-0.069626,-0.027497,0.040566,0.071886,-0.393265,2.113222
171.090000,-0.072576,-0.032131,0.039948,0.077269,-0.398078,2.113158
171.110000,-0.075577,-0.036858,0.039265,0.082712,-0.402814,2.113023
171.130000,-0.078452,-0.041477,0.038439,0.087918,-0.407219,2.112888
171.150000,-0.080546,-0.045541,0.037462,0.092744,-0.411136,2.112695
171.171000,-0.081397,-0.049289,0.036196,0.097404,-0.414544,2.112473
171.190000,-0.081700,-0.052327,0.034966,0.101326,-0.417252,2.112239
171.211000,-0.081500,-0.054989,0.033849,0.105196,-0.419741,2.111945
171.230000,-0.081136,-0.056670,0.032646,0.108244,-0.421638,2.111647
171.251000,-0.080513,-0.057753,0.031139,0.111106,-0.423329,2.111296
171.271000,-0.079725,-0.058163,0.029577,0.113382,-0.424551,2.110932
171.290000,-0.078763,-0.058532,0.028446,0.115341,-0.425380,2.110566
171.310000,-0.076860,-0.057980,0.026835,0.116785,-0.425695,2.110082
171.330000,-0.074630,-0.057312,0.024887,0.117911,-0.425600,2.109559
171.350000,-0.072652,-0.056602,0.023039,0.118764,-0.425276,2.108994
171.371000,-0.068297,-0.056014,0.018806,0.119465,-0.423869,2.108308
171.390000,-0.065493,-0.055118,0.017130,0.119682,-0.422753,2.107724
171.410000,-0.062292,-0.054043,0.015577,0.119607,-0.421219,2.107069
171.430000,-0.059560,-0.052797,0.013858,0.119226,-0.419510,2.106446
171.451000,-0.057173,-0.050807,0.011889,0.118394,-0.417556,2.105838
171.471000,-0.054398,-0.048070,0.010086,0.117101,-0.415297,2.105292
171.490000,-0.051655,-0.044891,0.008438,0.115536,-0.412909,2.104785
171.510000,-0.048461,-0.040861,0.006483,0.113501,-0.410094,2.104237
171.530000,-0.045153,-0.036829,0.004708,0.111305,-0.407000,2.103672
171.551000,-0.041485,-0.032850,0.002645,0.108887,-0.403498,2.103165
171.571000,-0.037961,-0.029104,0.000798,0.106419,-0.399955,2.102711
171.590000,-0.034710,-0.025217,-0.001026,0.103859,-0.396462,2.102328
171.611000,-0.030850,-0.020250,-0.003036,0.100665,-0.392374,2.101944
171.630000,-0.026787,-0.015401,-0.004676,0.097567,-0.388374,2.101609
171.650000,-0.022184,-0.009874,-0.006252,0.094109,-0.383921,2.101264
171.671000,-0.017702,-0.003394,-0.007907,0.090191,-0.379212,2.100941
171.690000,-0.013985,0.002265,-0.009342,0.086617,-0.374944,2.100713
171.710000,-0.010032,0.006459,-0.010702,0.083245,-0.370365,2.100480
171.730000,-0.005385,0.009937,-0.011864,0.080025,-0.365547,2.100285
171.750000,-0.000971,0.013387,-0.013237,0.076800,-0.360706,2.100130
171.771000,0.002751,0.016838,-0.014847,0.073426,-0.355813,2.100043
171.790000,0.006621,0.019956,-0.016155,0.070399,-0.351230,2.099991
171.811000,0.011056,0.022991,-0.017738,0.067216,-0.346118,2.099916
171.830000,0.014417,0.025290,-0.019214,0.064476,-0.341674,2.099817
171.850000,0.018512,0.027394,-0.020586,0.061727,-0.336881,2.099679
171.871000,0.023072,0.029367,-0.022045,0.058971,-0.331861,2.099522
171.890000,0.026842,0.030785,-0.023285,0.056645,-0.327450,2.099245
171.911000,0.031389,0.031937,-0.024649,0.054236,-0.322546,2.098900
171.930000,0.034739,0.032402,-0.025820,0.052300,-0.318377,2.098484
171.950000,0.037910,0.032777,-0.026974,0.050358,-0.314171,2.097971
171.971000,0.041359,0.033280,-0.028323,0.048412,-0.309831,2.097360
171.990000,0.044080,0.033863,-0.029594,0.046759,-0.306152,2.096741
172.011000,0.046778,0.034744,-0.031030,0.045059,-0.302316,2.096000
172.030000,0.049086,0.036047,-0.032454,0.043560,-0.299008,2.095334
172.050000,0.051693,0.038675,-0.033627,0.041751,-0.295638,2.094596
172.071000,0.054407,0.042415,-0.034838,0.039754,-0.292222,2.093744
172.090000,0.055653,0.046545,-0.035926,0.037854,-0.289596,2.092994
172.111000,0.056113,0.051634,-0.036989,0.035751,-0.287079,2.092219
172.130000,0.056313,0.056545,-0.038121,0.033910,-0.284965,2.091618
172.151000,0.055369,0.061762,-0.039342,0.032040,-0.283082,2.091024
172.171000,0.053836,0.065016,-0.040636,0.030862,-0.281601,2.090478
172.190000,0.053010,0.067510,-0.041589,0.030044,-0.280152,2.089939
172.211000,0.051142,0.069623,-0.042562,0.029426,-0.278991,2.089382
172.230000,0.048831,0.071364,-0.043230,0.029031,-0.278203,2.088797
172.251000,0.046558,0.071938,-0.043771,0.029079,-0.277431,2.088146
172.271000,0.044622,0.071956,-0.044227,0.029458,-0.276778,2.087581
172.290000,0.042028,0.072317,-0.044275,0.029824,-0.276472,2.087051
172.311000,0.039636,0.071749,-0.044099,0.030674,-0.276228,2.086610
172.330000,0.037970,0.070968,-0.043519,0.031701,-0.275994,2.086160
