time,RIS_roll [rad],RIS_pitch [rad],RIS_yaw [rad],RIS_x [m],RIS_y [m],RIS_z [m]
147.331000,-0.006329,-0.000881,-0.005789,-0.018968,0.010353,2.066119
147.351000,-0.003667,-0.003141,-0.005833,-0.018585,0.013210,2.065376
147.371000,-0.000097,-0.005197,-0.005709,-0.018360,0.016355,2.064673
147.392000,0.003398,-0.007615,-0.005586,-0.018137,0.019590,2.063986
147.411000,0.006329,-0.010053,-0.005430,-0.017935,0.022510,2.063374
147.431000,0.009787,-0.012435,-0.005283,-0.017837,0.025711,2.062728
147.451000,0.012728,-0.014205,-0.004920,-0.018004,0.028764,2.062073
147.471000,0.015236,-0.015718,-0.004513,-0.018288,0.031701,2.061399
147.491000,0.019267,-0.016645,-0.005866,-0.018761,0.035101,2.060758
147.511000,0.023722,-0.017230,-0.006799,-0.019386,0.038580,2.060163
147.531000,0.027252,-0.017477,-0.006335,-0.020247,0.041668,2.059587
147.551000,0.030729,-0.016750,-0.005714,-0.021464,0.044703,2.059087
147.571000,0.033425,-0.014827,-0.005419,-0.023074,0.047458,2.058628
147.591000,0.035989,-0.012261,-0.004939,-0.024945,0.050079,2.058206
147.611000,0.039084,-0.009369,-0.004155,-0.026962,0.052774,2.057862
147.631000,0.042000,-0.006107,-0.003307,-0.029117,0.055309,2.057517
147.651000,0.044627,-0.002212,-0.002393,-0.031513,0.057669,2.057203
147.671000,0.047110,0.002239,-0.001340,-0.034111,0.059876,2.056957
147.691000,0.046939,0.008031,0.003252,-0.037435,0.061134,2.056660
147.711000,0.048142,0.012647,0.004555,-0.040178,0.062712,2.056507
147.731000,0.048735,0.016022,0.005933,-0.042639,0.064010,2.056388
147.751000,0.049703,0.019347,0.007393,-0.045085,0.065271,2.056327
147.771000,0.050299,0.022419,0.008895,-0.047476,0.066302,2.056289
147.791000,0.050351,0.025773,0.010568,-0.049926,0.067056,2.056264
147.811000,0.050066,0.029313,0.012553,-0.052435,0.067546,2.056255
147.831000,0.049504,0.032517,0.014331,-0.054815,0.067829,2.056334
147.851000,0.049372,0.035572,0.016333,-0.057090,0.068053,2.056444
147.871000,0.048888,0.038593,0.018399,-0.059304,0.068023,2.056590
147.891000,0.048133,0.041690,0.020351,-0.061454,0.067725,2.056768
147.911000,0.048388,0.044816,0.022562,-0.063554,0.067497,2.056997
147.931000,0.048723,0.047365,0.024696,-0.065439,0.067149,2.057201
147.951000,0.048068,0.049107,0.026625,-0.067007,0.066383,2.057361
147.971000,0.048019,0.051183,0.028947,-0.068596,0.065628,2.057552
147.991000,0.047171,0.052168,0.030973,-0.069817,0.064586,2.057648
148.011000,0.045295,0.052167,0.032990,-0.070693,0.063201,2.057695
148.031000,0.043608,0.052181,0.035098,-0.071486,0.061762,2.057779
148.051000,0.041049,0.051424,0.036968,-0.071965,0.059997,2.057813
148.071000,0.038583,0.050569,0.038763,-0.072341,0.058136,2.057888
148.094000,0.036016,0.048826,0.040495,-0.072438,0.055940,2.058023
148.111000,0.034268,0.046971,0.041666,-0.072297,0.054284,2.058145
148.131000,0.032102,0.044451,0.042981,-0.071934,0.052271,2.058353
148.151000,0.029414,0.041824,0.044215,-0.071469,0.050098,2.058557
148.171000,0.026168,0.039377,0.045397,-0.070931,0.047753,2.058851
148.191000,0.022862,0.037034,0.046443,-0.070337,0.045352,2.059187
148.211000,0.019956,0.034703,0.047389,-0.069637,0.043026,2.059627
148.233000,0.016696,0.032511,0.048269,-0.068864,0.040422,2.060184
148.251000,0.013743,0.031226,0.048929,-0.068295,0.038162,2.060715
148.271000,0.010676,0.030049,0.049626,-0.067680,0.035677,2.061319
148.291000,0.008600,0.028863,0.050167,-0.067008,0.033469,2.061980
148.311000,0.005889,0.027299,0.050955,-0.066201,0.031088,2.062660
148.331000,0.002829,0.025809,0.051599,-0.065402,0.028647,2.063375
148.351000,-0.000030,0.024186,0.052459,-0.064569,0.026329,2.064034
148.371000,-0.003669,0.021761,0.053063,-0.063497,0.023901,2.064698
148.392000,-0.007364,0.019796,0.053974,-0.062532,0.021499,2.065411
148.411000,-0.011348,0.018252,0.054464,-0.061728,0.019197,2.066015
148.431000,-0.015274,0.016209,0.054954,-0.060772,0.016954,2.066656
148.451000,-0.018859,0.014039,0.055424,-0.059827,0.014890,2.067231
148.471000,-0.021925,0.011643,0.055638,-0.058838,0.013059,2.067824
148.491000,-0.024438,0.009406,0.055788,-0.057927,0.011463,2.068411
148.511000,-0.026614,0.007398,0.055754,-0.057121,0.010079,2.069003
148.531000,-0.028784,0.004959,0.055567,-0.056230,0.008845,2.069593
148.551000,-0.030646,0.002377,0.054979,-0.055259,0.007787,2.070170
148.571000,-0.032558,0.000264,0.054149,-0.054430,0.006831,2.070713
148.591000,-0.033912,-0.000730,0.053555,-0.054054,0.006191,2.071245
148.611000,-0.034361,-0.001410,0.053019,-0.053823,0.005943,2.071764
148.631000,-0.034219,-0.001538,0.052069,-0.053802,0.005965,2.072319
148.651000,-0.033710,-0.001401,0.051217,-0.053911,0.006199,2.072827
148.671000,-0.032464,-0.001244,0.050385,-0.054091,0.006777,2.073286
148.691000,-0.030864,-0.000875,0.049378,-0.054398,0.007590,2.073685
148.711000,-0.029161,-0.000354,0.048363,-0.054806,0.008575,2.074039
148.731000,-0.027339,0.000321,0.047234,-0.055318,0.009705,2.074347
148.751000,-0.024980,0.001148,0.046116,-0.055920,0.011123,2.074661
148.771000,-0.022448,0.002095,0.044776,-0.056610,0.012703,2.074999
148.791000,-0.019913,0.003392,0.043494,-0.057453,0.014385,2.075373
148.811000,-0.016812,0.004935,0.041951,-0.058437,0.016327,2.075764
148.831000,-0.014068,0.005774,0.040538,-0.059291,0.018258,2.076114
148.851000,-0.010765,0.006433,0.038979,-0.060170,0.020444,2.076472
148.871000,-0.007234,0.007252,0.037496,-0.061116,0.022740,2.076782
148.891000,-0.004118,0.008223,0.035963,-0.062168,0.025031,2.077103
148.911000,-0.001493,0.008994,0.034365,-0.063203,0.027273,2.077352
148.931000,0.001055,0.009627,0.032822,-0.064240,0.029542,2.077586
148.951000,0.003515,0.010185,0.031113,-0.065308,0.031877,2.077850
148.971000,0.006045,0.010824,0.029425,-0.066429,0.034244,2.078109
148.991000,0.008438,0.011012,0.027815,-0.067475,0.036631,2.078354
149.011000,0.010799,0.010969,0.026158,-0.068496,0.039037,2.078552
149.031000,0.012573,0.010807,0.024586,-0.069523,0.041317,2.078685
149.051000,0.014146,0.010509,0.023016,-0.070544,0.043583,2.078807
149.071000,0.015637,0.010338,0.021467,-0.071612,0.045849,2.078904
149.094000,0.016455,0.009663,0.019678,-0.072753,0.048244,2.079024
149.111000,0.016961,0.009267,0.018568,-0.073631,0.049959,2.079123
149.131000,0.017754,0.009271,0.017245,-0.074804,0.052026,2.079276
149.151000,0.018058,0.009237,0.015912,-0.075940,0.053976,2.079442
149.171000,0.018103,0.009483,0.014343,-0.077162,0.055819,2.079619
149.191000,0.018562,0.009848,0.013146,-0.078442,0.057740,2.079795
149.211000,0.019115,0.010239,0.011955,-0.079712,0.059684,2.080006
149.231000,0.018753,0.010556,0.010885,-0.080994,0.061344,2.080141
149.251000,0.018293,0.010882,0.009779,-0.082265,0.062962,2.080326
149.271000,0.017775,0.011548,0.008754,-0.083602,0.064555,2.080511
149.291000,0.017050,0.012778,0.008074,-0.085106,0.066051,2.080642
149.311000,0.016559,0.014319,0.007234,-0.086683,0.067607,2.080766
149.331000,0.015975,0.016256,0.006638,-0.088378,0.069101,2.080865
149.351000,0.015410,0.018146,0.006193,-0.090074,0.070555,2.080901
149.371000,0.015202,0.019648,0.005677,-0.091649,0.072089,2.080905
149.391000,0.015168,0.020617,0.005453,-0.093096,0.073595,2.080814
149.411000,0.015434,0.021552,0.005633,-0.094541,0.075137,2.080698
149.431000,0.015703,0.022334,0.005796,-0.095933,0.076643,2.080506
149.451000,0.016260,0.022861,0.006084,-0.097254,0.078189,2.080214
149.471000,0.017049,0.023142,0.006448,-0.098483,0.079766,2.079867
149.491000,0.017921,0.023440,0.006787,-0.099700,0.081335,2.079484
149.511000,0.018776,0.023630,0.007120,-0.100899,0.082841,2.079043
149.531000,0.019652,0.023217,0.007547,-0.101906,0.084323,2.078586
149.551000,0.021102,0.022675,0.007996,-0.102877,0.085890,2.078100
149.571000,0.023070,0.021894,0.008693,-0.103756,0.087567,2.077592
149.592000,0.024209,0.020808,0.009224,-0.104577,0.089028,2.076982
149.611000,0.025160,0.020000,0.009863,-0.105336,0.090250,2.076431
149.631000,0.026917,0.019504,0.010410,-0.106205,0.091703,2.075870
149.651000,0.028589,0.019149,0.010874,-0.107095,0.093050,2.075288
149.671000,0.029803,0.019082,0.011351,-0.108036,0.094190,2.074670
149.691000,0.031205,0.018715,0.011826,-0.108873,0.095301,2.074035
149.711000,0.033003,0.018152,0.012479,-0.109652,0.096421,2.073376
149.731000,0.034939,0.017369,0.013107,-0.110333,0.097486,2.072750
149.751000,0.036615,0.017003,0.013513,-0.111121,0.098370,2.072082
149.771000,0.038255,0.016629,0.013912,-0.111868,0.099149,2.071423
149.791000,0.039643,0.016307,0.014186,-0.112624,0.099761,2.070737
149.811000,0.041188,0.015885,0.014563,-0.113335,0.100313,2.070001
149.831000,0.042765,0.014963,0.014676,-0.113909,0.100789,2.069270
149.851000,0.043545,0.013732,0.014733,-0.114405,0.100939,2.068448
149.871000,0.044155,0.012902,0.014697,-0.115025,0.100942,2.067589
149.891000,0.044442,0.011761,0.014606,-0.115566,0.100752,2.066712
149.911000,0.044945,0.009839,0.014219,-0.115907,0.100506,2.065784
149.931000,0.045799,0.007496,0.013805,-0.116122,0.100261,2.064813
149.951000,0.045912,0.005383,0.013051,-0.116443,0.099700,2.063735
149.971000,0.048113,0.003045,0.009501,-0.116563,0.099786,2.062700
149.991000,0.047862,0.000737,0.008904,-0.116857,0.098904,2.061446
150.011000,0.047011,-0.001520,0.007930,-0.117189,0.097735,2.060174
150.031000,0.045732,-0.003737,0.006725,-0.117588,0.096346,2.058813
150.051000,0.044454,-0.005980,0.005609,-0.118033,0.094845,2.057378
150.071000,0.043726,-0.008435,0.004050,-0.118438,0.093405,2.055855
150.091000,0.042725,-0.010850,0.002502,-0.118909,0.091740,2.054230
150.111000,0.041723,-0.012895,0.000294,-0.119535,0.089974,2.052621
150.131000,0.040306,-0.014798,-0.001899,-0.120288,0.087983,2.050950
150.151000,0.039217,-0.016705,-0.004421,-0.121135,0.085976,2.049286
150.171000,0.038058,-0.019207,-0.007160,-0.121925,0.083840,2.047662
150.192000,0.036960,-0.022293,-0.009817,-0.122738,0.081528,2.045953
150.211000,0.036157,-0.024900,-0.012447,-0.123616,0.079390,2.044403
150.231000,0.035037,-0.027453,-0.015787,-0.124672,0.076952,2.042750
150.251000,0.033920,-0.030092,-0.018995,-0.125787,0.074425,2.041109
150.271000,0.033168,-0.032452,-0.022586,-0.127043,0.071902,2.039430
150.291000,0.032678,-0.033983,-0.026135,-0.128631,0.069382,2.037766
150.311000,0.032212,-0.034692,-0.029395,-0.130535,0.066816,2.036086
150.331000,0.031497,-0.034859,-0.032991,-0.132710,0.064099,2.034402
150.351000,0.030953,-0.034910,-0.036275,-0.134987,0.061435,2.032723
150.371000,0.029308,-0.033601,-0.039977,-0.137736,0.058407,2.031047
150.391000,0.027853,-0.032004,-0.043521,-0.140673,0.055392,2.029392
150.411000,0.026976,-0.030398,-0.047442,-0.143697,0.052444,2.027820
150.433000,0.026007,-0.028361,-0.051590,-0.147249,0.049118,2.026203
150.451000,0.025565,-0.026642,-0.055120,-0.150251,0.046458,2.024962
150.471000,0.025108,-0.024535,-0.059024,-0.153706,0.043472,2.023646
150.491000,0.024345,-0.022311,-0.062927,-0.157270,0.040390,2.022393
150.511000,0.022970,-0.019753,-0.066968,-0.160976,0.037128,2.021193
150.531000,0.021122,-0.016654,-0.070758,-0.164899,0.033750,2.020070
150.551000,0.019462,-0.012750,-0.074743,-0.169073,0.030436,2.019092
150.571000,0.017246,-0.008472,-0.078434,-0.173419,0.026993,2.018185
150.591000,0.014794,-0.003980,-0.082320,-0.177870,0.023481,2.017425
150.611000,0.012732,0.000117,-0.085858,-0.182244,0.020076,2.016784
150.631000,0.010991,0.003847,-0.089544,-0.186519,0.016771,2.016227
150.651000,0.008255,0.007421,-0.092970,-0.190794,0.013286,2.015858
150.671000,0.004656,0.010383,-0.096744,-0.194885,0.009587,2.015519
150.691000,0.001344,0.013266,-0.100073,-0.198934,0.006055,2.015234
150.711000,-0.001580,0.016174,-0.103734,-0.202958,0.002650,2.015088
150.731000,-0.004184,0.018871,-0.107152,-0.206903,-0.000652,2.014987
150.751000,-0.005763,0.021241,-0.110621,-0.210701,-0.003623,2.014982
150.771000,-0.007386,0.023315,-0.113851,-0.214367,-0.006547,2.015021
150.792000,-0.009415,0.024901,-0.117243,-0.218042,-0.009647,2.015119
150.811000,-0.010743,0.025484,-0.120199,-0.221062,-0.012217,2.015231
150.831000,-0.012477,0.025576,-0.123265,-0.223983,-0.014911,2.015388
150.851000,-0.014683,0.026006,-0.126245,-0.226906,-0.017594,2.015588
150.871000,-0.017280,0.026716,-0.128953,-0.229774,-0.020253,2.015825
150.891000,-0.019773,0.027899,-0.131490,-0.232639,-0.022739,2.016128
150.911000,-0.021243,0.030080,-0.134063,-0.235570,-0.024812,2.016440
150.931000,-0.022686,0.033314,-0.136345,-0.238681,-0.026733,2.016716
150.951000,-0.024555,0.036809,-0.138525,-0.241730,-0.028607,2.017005
150.971000,-0.026057,0.039935,-0.140496,-0.244501,-0.030266,2.017296
150.996000,-0.026475,0.043981,-0.142105,-0.247735,-0.031702,2.017600
151.011000,-0.026935,0.046677,-0.143189,-0.249650,-0.032484,2.017793
151.031000,-0.027457,0.050105,-0.144203,-0.251992,-0.033402,2.017978
151.051000,-0.027935,0.053472,-0.144929,-0.254150,-0.034126,2.018132
151.071000,-0.028329,0.056774,-0.145508,-0.256080,-0.034679,2.018321
151.094000,-0.028760,0.060503,-0.145810,-0.258051,-0.035126,2.018584
151.111000,-0.029383,0.063125,-0.145629,-0.259303,-0.035409,2.018827
151.131000,-0.029786,0.065991,-0.145528,-0.260506,-0.035513,2.019140
151.151000,-0.029656,0.068736,-0.144987,-0.261459,-0.035341,2.019529
151.171000,-0.029421,0.070997,-0.144365,-0.262043,-0.035028,2.020014
151.191000,-0.028581,0.073072,-0.143725,-0.262322,-0.034469,2.020682
151.211000,-0.026918,0.074857,-0.142735,-0.262245,-0.033638,2.021481
151.232000,-0.024339,0.076744,-0.141501,-0.261873,-0.032444,2.022482
151.251000,-0.021395,0.078513,-0.140073,-0.261333,-0.031091,2.023476
151.271000,-0.019216,0.079641,-0.138466,-0.260388,-0.029843,2.024598
151.291000,-0.016618,0.080106,-0.136574,-0.259051,-0.028362,2.025753
151.311000,-0.013854,0.079017,-0.134536,-0.257086,-0.026798,2.026990
151.331000,-0.011328,0.077429,-0.132391,-0.254820,-0.025229,2.028278
151.351000,-0.008801,0.075670,-0.130203,-0.252284,-0.023599,2.029706
151.371000,-0.006269,0.072699,-0.127954,-0.249267,-0.021964,2.031255
151.392000,-0.003348,0.068292,-0.125195,-0.245564,-0.020124,2.032908
151.411000,-0.001113,0.063949,-0.122676,-0.241958,-0.018513,2.034480
151.431000,0.000805,0.059109,-0.119868,-0.237957,-0.016892,2.036143
151.451000,0.002935,0.053721,-0.116882,-0.233614,-0.015175,2.037864
151.471000,0.004801,0.048030,-0.114014,-0.229001,-0.013483,2.039631
151.491000,0.006003,0.042619,-0.110853,-0.224305,-0.011950,2.041452
151.511000,0.006882,0.037629,-0.107659,-0.219543,-0.010488,2.043336
151.531000,0.008402,0.033241,-0.104246,-0.214743,-0.008800,2.045231
151.551000,0.010311,0.030641,-0.100722,-0.210251,-0.006990,2.047187
151.571000,0.011435,0.029980,-0.097094,-0.206202,-0.005317,2.049202
151.591000,0.012300,0.030187,-0.093367,-0.202281,-0.003654,2.051206
151.611000,0.013180,0.030904,-0.089595,-0.198418,-0.001977,2.053166
151.633000,0.013798,0.032715,-0.085144,-0.194395,-0.000189,2.055256
151.651000,0.013874,0.034450,-0.081565,-0.191124,0.001123,2.056993
151.671000,0.013575,0.035511,-0.077638,-0.187247,0.002488,2.058822
151.691000,0.013744,0.035373,-0.073870,-0.182967,0.003953,2.060660
151.711000,0.013981,0.035505,-0.069815,-0.178719,0.005449,2.062496
151.731000,0.013375,0.036119,-0.066028,-0.174572,0.006746,2.064326
151.751000,0.012546,0.036930,-0.062369,-0.170408,0.008012,2.066187
151.771000,0.011775,0.037794,-0.058712,-0.166194,0.009324,2.068052
151.791000,0.010194,0.038678,-0.055095,-0.161962,0.010391,2.069889
151.811000,0.009183,0.039189,-0.051323,-0.157607,0.011629,2.071728
151.831000,0.008247,0.038444,-0.047832,-0.152880,0.012846,2.073508
151.851000,0.007566,0.037685,-0.044376,-0.148130,0.014148,2.075313
151.871000,0.006502,0.036903,-0.041018,-0.143350,0.015350,2.077102
151.891000,0.005886,0.035515,-0.037658,-0.138397,0.016686,2.078832
151.911000,0.005306,0.033504,-0.034248,-0.133250,0.018055,2.080472
151.931000,0.004736,0.031722,-0.031165,-0.128134,0.019453,2.082045
151.951000,0.001153,0.030655,-0.024779,-0.123359,0.019809,2.083487
151.971000,0.000901,0.029284,-0.021824,-0.118299,0.021321,2.084904
151.992000,0.000756,0.028132,-0.018893,-0.113036,0.022944,2.086279
152.011000,0.000811,0.027243,-0.016233,-0.108326,0.024475,2.087410
152.031000,0.001390,0.025717,-0.013538,-0.103186,0.026267,2.088544
152.051000,0.001834,0.024318,-0.011077,-0.098115,0.028024,2.089572
152.071000,0.002505,0.023032,-0.008695,-0.093095,0.029860,2.090514
152.091000,0.003182,0.021301,-0.006510,-0.087996,0.031704,2.091336
152.111000,0.004603,0.019082,-0.004392,-0.082804,0.033749,2.092014
152.131000,0.006019,0.016583,-0.002637,-0.077596,0.035819,2.092629
152.151000,0.007116,0.013936,-0.000999,-0.072395,0.037770,2.093116
152.171000,0.009016,0.011377,0.000602,-0.067274,0.039956,2.093521
152.191000,0.010752,0.008533,0.001955,-0.062139,0.042091,2.093852
152.211000,0.012226,0.005548,0.003462,-0.057051,0.044172,2.094096
152.231000,0.013649,0.002746,0.004523,-0.052086,0.046257,2.094334
152.251000,0.014697,0.000334,0.005400,-0.047330,0.048243,2.094488
152.271000,0.015680,-0.001758,0.006277,-0.042743,0.050183,2.094561
152.291000,0.016707,-0.003793,0.007082,-0.038251,0.052116,2.094591
152.311000,0.017736,-0.005865,0.007706,-0.033833,0.053980,2.094542
152.331000,0.019437,-0.007597,0.008178,-0.029617,0.056035,2.094460
152.351000,0.020197,-0.009414,0.008721,-0.025504,0.057755,2.094308
152.371000,0.021327,-0.011157,0.009359,-0.021557,0.059533,2.094123
152.391000,0.022791,-0.013039,0.009790,-0.017684,0.061328,2.093905
152.411000,0.024009,-0.015020,0.010172,-0.013911,0.062984,2.093626
152.433000,0.026121,-0.016359,0.010048,-0.010114,0.064940,2.093340
152.451000,0.027892,-0.016737,0.009982,-0.007340,0.066464,2.093046
152.471000,0.029932,-0.016415,0.009912,-0.004597,0.068081,2.092702
152.494000,0.032527,-0.015280,0.009887,-0.001854,0.069943,2.092200
152.511000,0.033624,-0.015498,0.009750,0.000321,0.071015,2.091746
152.531000,0.035469,-0.016375,0.009670,0.002938,0.072366,2.091162
152.551000,0.037571,-0.016459,0.009782,0.005191,0.073664,2.090577
152.571000,0.039247,-0.015653,0.009677,0.007062,0.074757,2.089934
152.594000,0.039601,-0.014003,0.009457,0.008829,0.075435,2.089126
152.611000,0.040659,-0.013097,0.009179,0.010081,0.076080,2.088500
152.631000,0.041924,-0.012892,0.009057,0.011667,0.076743,2.087798
152.651000,0.042660,-0.012367,0.009053,0.013035,0.077229,2.087057
152.671000,0.042297,-0.011219,0.008877,0.014154,0.077328,2.086276
152.691000,0.040819,-0.009034,0.008310,0.014846,0.077026,2.085420
152.711000,0.039327,-0.006377,0.007795,0.015315,0.076603,2.084582
152.731000,0.038602,-0.003574,0.007317,0.015630,0.076251,2.083793
152.751000,0.037928,-0.001133,0.006727,0.015953,0.075817,2.083064
152.771000,0.037022,0.001457,0.005911,0.016123,0.075205,2.082290
152.792000,0.036471,0.004839,0.005564,0.015887,0.074631,2.081510
152.811000,0.035499,0.006987,0.004962,0.015833,0.073860,2.080751
152.831000,0.034690,0.008303,0.004290,0.015999,0.072922,2.079962
152.851000,0.034623,0.009977,0.003619,0.016005,0.072071,2.079216
152.871000,0.033992,0.011947,0.002760,0.015869,0.070947,2.078475
152.891000,0.033403,0.014035,0.001826,0.015638,0.069756,2.077676
152.911000,0.032629,0.015837,0.001175,0.015382,0.068391,2.076864
152.931000,0.032461,0.016777,0.000657,0.015294,0.067104,2.076039
152.951000,0.032081,0.017453,0.000143,0.015213,0.065657,2.075243
152.971000,0.031443,0.018067,-0.000491,0.015122,0.064065,2.074459
152.994000,0.031153,0.019678,-0.000965,0.014753,0.062225,2.073721
153.011000,0.030922,0.021207,-0.001349,0.014365,0.060785,2.073182
153.031000,0.030111,0.022712,-0.002004,0.013930,0.058847,2.072566
153.051000,0.029797,0.023312,-0.002329,0.013671,0.056969,2.071905
153.071000,0.029696,0.023292,-0.002775,0.013542,0.055064,2.071287
153.091000,0.029099,0.023204,-0.003056,0.013375,0.052965,2.070679
153.111000,0.028139,0.023169,-0.003630,0.013180,0.050752,2.070164
153.131000,0.026818,0.023163,-0.004024,0.012943,0.048350,2.069668
153.151000,0.025380,0.022896,-0.004513,0.012723,0.045902,2.069229
153.171000,0.023646,0.022158,-0.005213,0.012581,0.043297,2.068769
153.192000,0.022321,0.020628,-0.005945,0.012589,0.040683,2.068341
153.211000,0.020903,0.019284,-0.006678,0.012545,0.038192,2.067971
153.231000,0.019313,0.018065,-0.007323,0.012415,0.035534,2.067653
153.251000,0.016847,0.015949,-0.008524,0.012719,0.032514,2.067336
153.271000,0.014842,0.015224,-0.009263,0.012421,0.029709,2.067047
153.291000,0.012773,0.014519,-0.010080,0.012091,0.026880,2.066720
153.311000,0.011028,0.013509,-0.010800,0.011812,0.024103,2.066440
153.331000,0.009545,0.012627,-0.011635,0.011502,0.021421,2.066197
153.351000,0.007630,0.012578,-0.012676,0.010924,0.018629,2.066007
153.371000,0.005358,0.013183,-0.013613,0.010112,0.015710,2.065819
153.391000,0.003804,0.013369,-0.014544,0.009370,0.013007,2.065604
153.411000,0.002617,0.012316,-0.015279,0.008915,0.010380,2.065370
153.431000,0.002149,0.011748,-0.015956,0.008288,0.008023,2.065168
153.451000,0.000656,0.011738,-0.016643,0.007466,0.005409,2.064944
153.471000,-0.001314,0.012131,-0.017197,0.006468,0.002729,2.064744
153.491000,-0.003002,0.012592,-0.017939,0.005411,0.000157,2.064587
153.511000,-0.004035,0.012705,-0.018450,0.004384,-0.002210,2.064432
153.531000,-0.005192,0.012278,-0.018910,0.003483,-0.004548,2.064319
153.551000,-0.006278,0.012578,-0.019445,0.002333,-0.006824,2.064184
153.571000,-0.007067,0.013250,-0.019693,0.001010,-0.008986,2.064060
153.591000,-0.007915,0.013532,-0.020105,-0.000282,-0.011109,2.063909
153.611000,-0.008404,0.012961,-0.020415,-0.001385,-0.013073,2.063755
153.631000,-0.008718,0.013011,-0.020695,-0.002717,-0.014923,2.063598
153.651000,-0.009028,0.012724,-0.021069,-0.004017,-0.016722,2.063449
153.671000,-0.008693,0.012109,-0.021450,-0.005261,-0.018277,2.063305
153.691000,-0.008097,0.011542,-0.022193,-0.006560,-0.019715,2.063156
153.711000,-0.007509,0.011145,-0.022617,-0.007969,-0.021118,2.062988
153.731000,-0.006505,0.010738,-0.023252,-0.009377,-0.022377,2.062848
153.751000,-0.004888,0.010734,-0.023805,-0.010929,-0.023426,2.062674
153.771000,-0.003571,0.010867,-0.024295,-0.012565,-0.024504,2.062499
153.791000,-0.002582,0.010684,-0.024892,-0.014140,-0.025632,2.062320
153.811000,-0.000909,0.010645,-0.025416,-0.015765,-0.026489,2.062152
153.831000,-0.000106,0.010808,-0.026186,-0.017466,-0.027496,2.062054
153.851000,0.000155,0.011662,-0.027157,-0.019381,-0.028580,2.061942
153.871000,0.000730,0.013065,-0.028341,-0.021490,-0.029525,2.061915
153.891000,0.001265,0.013851,-0.029359,-0.023488,-0.030443,2.061860
153.911000,0.001802,0.014106,-0.030560,-0.025369,-0.031320,2.061801
153.931000,0.002544,0.014823,-0.031809,-0.027404,-0.032083,2.061696
153.951000,0.002677,0.015520,-0.032938,-0.029495,-0.033020,2.061525
153.971000,0.003360,0.015482,-0.034212,-0.031399,-0.033755,2.061328
153.991000,0.005305,0.015386,-0.036773,-0.033236,-0.034008,2.061115
154.011000,0.006503,0.015619,-0.039469,-0.035200,-0.034430,2.060870
154.031000,0.006365,0.016389,-0.040721,-0.037389,-0.035295,2.060566
154.051000,0.006582,0.017026,-0.042069,-0.039553,-0.036038,2.060208
154.071000,0.006131,0.017492,-0.043382,-0.041672,-0.036958,2.059862
154.094000,0.006436,0.018360,-0.044554,-0.044229,-0.037750,2.059480
154.111000,0.006290,0.018647,-0.045419,-0.046038,-0.038407,2.059171
154.131000,0.005770,0.018952,-0.046423,-0.048186,-0.039285,2.058732
154.151000,0.005769,0.019652,-0.047328,-0.050459,-0.039984,2.058325
154.171000,0.005492,0.019892,-0.048256,-0.052628,-0.040773,2.057907
154.192000,0.005147,0.020045,-0.049148,-0.054903,-0.041597,2.057511
154.211000,0.005129,0.020411,-0.049935,-0.057037,-0.042225,2.057152
154.231000,0.004419,0.020311,-0.050810,-0.059161,-0.043051,2.056775
154.251000,0.003855,0.020545,-0.051461,-0.061385,-0.043757,2.056429
154.271000,0.002604,0.020690,-0.052141,-0.063607,-0.044633,2.056057
154.291000,0.001294,0.020593,-0.052772,-0.065791,-0.045481,2.055715
154.311000,0.000438,0.020013,-0.053438,-0.067855,-0.046164,2.055420
154.331000,-0.000740,0.018896,-0.053999,-0.069813,-0.046913,2.055115
154.351000,-0.001970,0.017585,-0.054490,-0.071750,-0.047597,2.054876
154.371000,-0.003265,0.016291,-0.055145,-0.073703,-0.048243,2.054648
154.391000,-0.005214,0.014812,-0.055584,-0.075642,-0.049015,2.054454
154.411000,-0.006554,0.013590,-0.056047,-0.077651,-0.049535,2.054277
154.432000,-0.008057,0.012476,-0.056652,-0.079799,-0.050052,2.054083
154.451000,-0.009351,0.011580,-0.057090,-0.081797,-0.050450,2.053907
154.471000,-0.010304,0.010495,-0.057372,-0.083887,-0.050690,2.053715
154.491000,-0.011591,0.009240,-0.057973,-0.085950,-0.050971,2.053525
154.511000,-0.012257,0.008221,-0.058457,-0.088108,-0.051015,2.053290
154.531000,-0.011794,0.007185,-0.058751,-0.090273,-0.050729,2.053066
154.551000,-0.010801,0.006279,-0.059136,-0.092470,-0.050212,2.052856
154.571000,-0.010459,0.005692,-0.059595,-0.094765,-0.049779,2.052663
154.591000,-0.010423,0.005922,-0.060289,-0.097324,-0.049345,2.052457
154.611000,-0.009667,0.006480,-0.060610,-0.100010,-0.048614,2.052209
154.631000,-0.009027,0.006734,-0.060995,-0.102641,-0.047853,2.051945
154.651000,-0.008641,0.006893,-0.061746,-0.105265,-0.047067,2.051638
154.671000,-0.008031,0.007491,-0.062413,-0.108045,-0.046162,2.051328
154.691000,-0.006873,0.008578,-0.063338,-0.110950,-0.045045,2.050981
154.711000,-0.005538,0.009903,-0.063951,-0.113966,-0.043851,2.050617
154.731000,-0.004017,0.011046,-0.064434,-0.116958,-0.042591,2.050245
154.751000,-0.002385,0.012378,-0.064990,-0.120053,-0.041240,2.049807
154.771000,-0.000869,0.013535,-0.065214,-0.123110,-0.039874,2.049414
154.795000,0.000557,0.015167,-0.065857,-0.126822,-0.038260,2.048979
154.811000,0.001478,0.016568,-0.066218,-0.129357,-0.037170,2.048746
154.831000,0.002630,0.018850,-0.066534,-0.132648,-0.035779,2.048560
154.851000,0.003631,0.021857,-0.066804,-0.136093,-0.034402,2.048469
154.871000,0.004957,0.025811,-0.067019,-0.139773,-0.032937,2.048446
154.891000,0.006380,0.030003,-0.066934,-0.143512,-0.031422,2.048451
154.911000,0.007655,0.032636,-0.066692,-0.146831,-0.029951,2.048520
154.931000,0.008943,0.034293,-0.066043,-0.149838,-0.028475,2.048634
154.951000,0.010096,0.036836,-0.065085,-0.153027,-0.026952,2.048818
154.971000,0.009421,0.039646,-0.064414,-0.156270,-0.025899,2.048985
154.991000,0.008471,0.042824,-0.063745,-0.159558,-0.024867,2.049156
155.011000,0.008236,0.044995,-0.063062,-0.162489,-0.023648,2.049375
155.031000,0.008057,0.046257,-0.062272,-0.165130,-0.022469,2.049563
155.051000,0.008229,0.047839,-0.061299,-0.167793,-0.021206,2.049803
155.071000,0.008416,0.048762,-0.060234,-0.170194,-0.019989,2.050032
155.091000,0.008803,0.049406,-0.058973,-0.172446,-0.018745,2.050303
155.111000,0.009694,0.049831,-0.057546,-0.174554,-0.017388,2.050656
155.131000,0.010520,0.049571,-0.056101,-0.176414,-0.016080,2.051016
155.151000,0.011499,0.049011,-0.054386,-0.178113,-0.014742,2.051416
155.171000,0.012429,0.048207,-0.052739,-0.179662,-0.013445,2.051872
155.191000,0.013612,0.047473,-0.050931,-0.181136,-0.012093,2.052320
155.211000,0.014877,0.046523,-0.049186,-0.182465,-0.010758,2.052782
155.231000,0.016338,0.045409,-0.047319,-0.183652,-0.009431,2.053200
155.251000,0.018230,0.044262,-0.045306,-0.184741,-0.008052,2.053650
155.271000,0.020299,0.043348,-0.043189,-0.185816,-0.006666,2.054100
155.291000,0.022217,0.042123,-0.041159,-0.186762,-0.005358,2.054475
155.311000,0.023763,0.040671,-0.038906,-0.187604,-0.004197,2.054823
155.331000,0.025633,0.039316,-0.036648,-0.188398,-0.003007,2.055125
155.351000,0.027313,0.037749,-0.034446,-0.189087,-0.001923,2.055397
155.371000,0.028828,0.036553,-0.032271,-0.189812,-0.000939,2.055688
155.392000,0.030345,0.035436,-0.030224,-0.190564,0.000002,2.055951
155.411000,0.031552,0.034116,-0.028263,-0.191133,0.000739,2.056186
155.431000,0.032830,0.032633,-0.026237,-0.191667,0.001453,2.056392
155.451000,0.033635,0.031172,-0.024132,-0.192194,0.001996,2.056558
155.471000,0.033933,0.029745,-0.022212,-0.192710,0.002351,2.056752
155.491000,0.034014,0.028285,-0.020137,-0.193210,0.002581,2.056883
155.511000,0.033602,0.026726,-0.018345,-0.193662,0.002628,2.057034
155.531000,0.033110,0.025520,-0.016821,-0.194154,0.002616,2.057182
155.551000,0.031904,0.024767,-0.015338,-0.194758,0.002347,2.057304
155.571000,0.030615,0.024244,-0.013935,-0.195428,0.001964,2.057438
155.591000,0.029698,0.023728,-0.012636,-0.196092,0.001578,2.057533
155.611000,0.028683,0.022761,-0.011239,-0.196628,0.001103,2.057613
155.633000,0.027909,0.021898,-0.009888,-0.197246,0.000605,2.057664
155.651000,0.027093,0.021847,-0.008716,-0.197895,0.000090,2.057736
155.671000,0.025761,0.022341,-0.007777,-0.198741,-0.000631,2.057835
155.691000,0.024479,0.023501,-0.006836,-0.199738,-0.001417,2.057939
155.711000,0.024156,0.024709,-0.005622,-0.200773,-0.002025,2.058009
155.731000,0.023962,0.025334,-0.004466,-0.201657,-0.002689,2.058029
155.751000,0.023702,0.025582,-0.003096,-0.202453,-0.003439,2.057991
155.771000,0.023923,0.026052,-0.001698,-0.203297,-0.004085,2.057954
155.794000,0.023596,0.026692,-0.000259,-0.204307,-0.005091,2.057856
155.811000,0.023626,0.027282,0.000896,-0.205080,-0.005803,2.057730
155.831000,0.024425,0.028114,0.002172,-0.205998,-0.006518,2.057578
155.851000,0.025077,0.028955,0.003581,-0.206920,-0.007348,2.057335
155.871000,0.025964,0.029561,0.004905,-0.207753,-0.008170,2.057045
155.891000,0.026914,0.030317,0.006278,-0.208600,-0.009026,2.056727
155.911000,0.027428,0.031315,0.007718,-0.209501,-0.010036,2.056367
155.931000,0.027732,0.032288,0.009125,-0.210366,-0.011158,2.056005
155.951000,0.028025,0.033012,0.010422,-0.211150,-0.012334,2.055624
155.971000,0.028157,0.033693,0.011639,-0.211879,-0.013604,2.055270
155.992000,0.028318,0.034873,0.012940,-0.212787,-0.014992,2.054852
156.011000,0.028260,0.035042,0.014114,-0.213326,-0.016378,2.054426
156.031000,0.028478,0.035040,0.015514,-0.213827,-0.017806,2.053990
156.051000,0.027794,0.035045,0.016766,-0.214258,-0.019484,2.053549
156.071000,0.026999,0.035715,0.017998,-0.214814,-0.021224,2.053100
156.094000,0.025433,0.037001,0.019209,-0.215509,-0.023427,2.052595
156.111000,0.024027,0.038179,0.019948,-0.216039,-0.025163,2.052203
156.131000,0.022825,0.039670,0.020773,-0.216622,-0.027100,2.051787
156.151000,0.018510,0.042085,0.025386,-0.217716,-0.030099,2.051284
156.171000,0.016707,0.043261,0.026416,-0.218120,-0.032289,2.050791
156.191000,0.014825,0.044650,0.027544,-0.218490,-0.034500,2.050323
156.211000,0.012494,0.046309,0.028583,-0.218846,-0.036858,2.049830
156.233000,0.010117,0.048496,0.029665,-0.219209,-0.039399,2.049308
156.251000,0.007993,0.050559,0.030331,-0.219511,-0.041547,2.048859
156.271000,0.005694,0.052700,0.030834,-0.219730,-0.043909,2.048288
156.291000,0.003722,0.054162,0.031291,-0.219665,-0.046159,2.047730
156.311000,0.001602,0.055761,0.031577,-0.219551,-0.048418,2.047137
156.331000,-0.001121,0.057194,0.031906,-0.219322,-0.050812,2.046508
156.351000,-0.003542,0.057937,0.032159,-0.218811,-0.053048,2.045864
156.371000,-0.005930,0.058238,0.032582,-0.218082,-0.055231,2.045190
156.392000,-0.008549,0.058483,0.032757,-0.217176,-0.057485,2.044534
156.411000,-0.010749,0.059258,0.032872,-0.216356,-0.059429,2.043989
156.431000,-0.013352,0.060495,0.032795,-0.215485,-0.061503,2.043422
156.451000,-0.015526,0.061199,0.032568,-0.214355,-0.063379,2.042888
156.471000,-0.016827,0.061211,0.032512,-0.212925,-0.064975,2.042342
156.491000,-0.017959,0.061033,0.032420,-0.211327,-0.066432,2.041793
156.511000,-0.019532,0.060799,0.032208,-0.209614,-0.067914,2.041251
156.531000,-0.020721,0.060521,0.031730,-0.207752,-0.069163,2.040736
156.551000,-0.022050,0.060042,0.031349,-0.205729,-0.070349,2.040302
156.571000,-0.022713,0.059473,0.030770,-0.203579,-0.071235,2.039903
156.591000,-0.023581,0.058393,0.029949,-0.201188,-0.072091,2.039517
156.611000,-0.023651,0.057142,0.029049,-0.198682,-0.072599,2.039170
156.631000,-0.023722,0.055118,0.028152,-0.195872,-0.072996,2.038813
156.654000,-0.023817,0.052850,0.027175,-0.192570,-0.073273,2.038436
156.671000,-0.024154,0.050602,0.026331,-0.189928,-0.073431,2.038143
156.691000,-0.025109,0.046869,0.024967,-0.186296,-0.073730,2.037758
156.711000,-0.025225,0.043695,0.023823,-0.182919,-0.073580,2.037413
156.731000,-0.024890,0.040655,0.022636,-0.179548,-0.073196,2.037114
156.751000,-0.024641,0.037082,0.021381,-0.175996,-0.072741,2.036806
156.771000,-0.023743,0.033154,0.020324,-0.172351,-0.072024,2.036562
156.791000,-0.022611,0.029061,0.019355,-0.168628,-0.071141,2.036363
156.811000,-0.021344,0.025192,0.018358,-0.164967,-0.070092,2.036198
156.831000,-0.020314,0.021758,0.017209,-0.161418,-0.068981,2.036075
156.851000,-0.019436,0.018355,0.016043,-0.157887,-0.067787,2.035948
156.871000,-0.018101,0.014910,0.014914,-0.154367,-0.066376,2.035836
156.891000,-0.016887,0.011667,0.013740,-0.150929,-0.064915,2.035721
156.911000,-0.014342,0.008506,0.011091,-0.147512,-0.062899,2.035646
156.931000,-0.011577,0.005511,0.008413,-0.144229,-0.060744,2.035556
156.951000,-0.009977,0.002155,0.007336,-0.140981,-0.058948,2.035447
156.971000,-0.007968,-0.000916,0.006269,-0.137874,-0.056962,2.035382
156.992000,-0.005742,-0.003320,0.005424,-0.134917,-0.054782,2.035354
157.011000,-0.003798,-0.005100,0.004390,-0.132409,-0.052746,2.035428
157.031000,-0.002001,-0.006157,0.003315,-0.130069,-0.050616,2.035534
157.051000,-0.000041,-0.006570,0.002382,-0.128006,-0.048347,2.035651
157.071000,0.001415,-0.006851,0.001313,-0.126097,-0.046162,2.035844
157.091000,0.002796,-0.007501,0.000542,-0.124207,-0.043941,2.036038
157.111000,0.004660,-0.007874,-0.000146,-0.122486,-0.041528,2.036330
157.131000,0.005606,-0.008066,-0.000964,-0.120908,-0.039333,2.036599
157.151000,0.006758,-0.007663,-0.001445,-0.119608,-0.037042,2.036914
157.171000,0.007778,-0.006774,-0.001934,-0.118530,-0.034770,2.037259
157.191000,0.008739,-0.005418,-0.002482,-0.117689,-0.032517,2.037600
157.211000,0.010072,-0.003965,-0.002907,-0.116986,-0.030153,2.037933
157.232000,0.011486,-0.002576,-0.003258,-0.116299,-0.027661,2.038247
157.251000,0.012365,-0.001218,-0.003452,-0.115787,-0.025495,2.038498
157.271000,0.013010,0.000614,-0.003621,-0.115436,-0.023267,2.038792
157.294000,0.014123,0.003394,-0.003733,-0.115329,-0.020614,2.039131
157.311000,0.014697,0.005635,-0.003896,-0.115370,-0.018720,2.039399
157.331000,0.015564,0.007841,-0.004110,-0.115384,-0.016453,2.039667
157.351000,0.016647,0.009341,-0.004159,-0.115275,-0.014153,2.039944
157.371000,0.017614,0.011213,-0.003995,-0.115353,-0.011883,2.040177
157.411000,0.018557,0.014462,-0.003626,-0.115592,-0.007629,2.040458
157.411000,0.018557,0.014462,-0.003626,-0.115592,-0.007629,2.040458
157.431000,0.018535,0.015783,-0.003414,-0.115673,-0.005628,2.040560
157.451000,0.018626,0.017419,-0.003055,-0.115876,-0.003614,2.040624
157.471000,0.018917,0.019311,-0.002670,-0.116184,-0.001567,2.040682
157.491000,0.018898,0.021080,-0.002257,-0.116479,0.000349,2.040704
157.511000,0.019279,0.022618,-0.001513,-0.116738,0.002396,2.040756
157.531000,0.019022,0.024034,-0.000789,-0.117004,0.004218,2.040818
157.551000,0.017336,0.025306,0.001662,-0.117343,0.005511,2.040763
157.571000,0.015322,0.026085,0.004381,-0.117598,0.006684,2.040630
157.591000,0.015117,0.026262,0.005475,-0.117611,0.008448,2.040522
157.611000,0.015397,0.026993,0.006587,-0.117785,0.010328,2.040397
157.631000,0.014903,0.027307,0.007581,-0.117886,0.011930,2.040268
157.651000,0.015233,0.027266,0.008768,-0.117909,0.013760,2.040094
157.671000,0.015103,0.026263,0.009974,-0.117702,0.015467,2.039898
157.691000,0.014928,0.025368,0.011264,-0.117532,0.017170,2.039734
157.711000,0.014737,0.025141,0.012542,-0.117524,0.018860,2.039609
157.731000,0.013765,0.024749,0.013652,-0.117461,0.020296,2.039478
157.751000,0.013666,0.024323,0.014828,-0.117375,0.021934,2.039395
157.771000,0.014573,0.023877,0.016161,-0.117264,0.023803,2.039355
157.791000,0.015233,0.023856,0.017437,-0.117264,0.025596,2.039333
157.811000,0.015265,0.024710,0.018719,-0.117577,0.027229,2.039345
157.831000,0.016036,0.025760,0.020299,-0.117947,0.029036,2.039385
157.851000,0.017236,0.026265,0.021556,-0.118091,0.030859,2.039329
157.871000,0.017628,0.025961,0.022671,-0.118053,0.032428,2.039208
157.891000,0.018893,0.025396,0.023758,-0.117991,0.034214,2.039000
157.911000,0.020356,0.024524,0.024970,-0.117859,0.036030,2.038742
157.931000,0.021140,0.023633,0.025966,-0.117726,0.037648,2.038447
157.951000,0.022302,0.023178,0.027148,-0.117747,0.039354,2.038074
157.971000,0.023049,0.022338,0.028000,-0.117668,0.040904,2.037689
157.992000,0.024302,0.021595,0.028914,-0.117623,0.042631,2.037263
158.011000,0.025498,0.021226,0.029673,-0.117664,0.044153,2.036831
158.031000,0.026465,0.020923,0.030057,-0.117687,0.045685,2.036414
158.051000,0.026886,0.021603,0.030520,-0.118020,0.046995,2.035921
158.071000,0.027005,0.022329,0.030842,-0.118418,0.048187,2.035388
158.091000,0.027336,0.021709,0.031040,-0.118473,0.049368,2.034855
158.111000,0.028852,0.020896,0.031466,-0.118515,0.050841,2.034325
158.131000,0.028991,0.020337,0.031542,-0.118634,0.051837,2.033834
158.151000,0.029372,0.020108,0.031871,-0.118905,0.052831,2.033398
158.171000,0.030469,0.019712,0.032044,-0.119193,0.053923,2.032987
158.191000,0.031248,0.018012,0.032479,-0.119136,0.054844,2.032609
158.211000,0.032650,0.017402,0.032923,-0.119410,0.055886,2.032233
158.231000,0.032748,0.016515,0.033273,-0.119665,0.056494,2.031820
158.251000,0.032669,0.015480,0.033311,-0.119918,0.057017,2.031429
158.271000,0.033344,0.014652,0.033578,-0.120250,0.057661,2.031092
158.291000,0.033575,0.014177,0.033867,-0.120703,0.058134,2.030775
158.311000,0.032719,0.013971,0.033874,-0.121245,0.058238,2.030392
158.331000,0.032032,0.014266,0.034116,-0.122001,0.058274,2.030043
158.351000,0.032169,0.014399,0.034495,-0.122757,0.058488,2.029701
158.371000,0.031267,0.013755,0.034718,-0.123383,0.058337,2.029281
158.392000,0.030608,0.012939,0.035119,-0.124069,0.058169,2.028797
158.411000,0.030390,0.012166,0.035854,-0.124752,0.058046,2.028334
158.431000,0.029875,0.011156,0.036418,-0.125406,0.057766,2.027885
158.451000,0.029357,0.010837,0.036890,-0.126261,0.057378,2.027435
158.471000,0.029000,0.011184,0.037686,-0.127345,0.056944,2.026978
158.491000,0.028752,0.011806,0.038528,-0.128498,0.056479,2.026607
158.511000,0.028354,0.013053,0.039611,-0.129859,0.055933,2.026225
158.531000,0.027104,0.014225,0.040274,-0.131248,0.055133,2.025795
158.551000,0.025269,0.015115,0.040868,-0.132602,0.054154,2.025353
158.571000,0.023965,0.016288,0.041409,-0.134072,0.053243,2.024938
158.591000,0.022933,0.016833,0.042062,-0.135410,0.052377,2.024517
158.611000,0.021449,0.016919,0.042354,-0.136652,0.051317,2.024129
158.632000,0.021078,0.017057,0.043260,-0.138012,0.050433,2.023767
158.654000,0.021473,0.017549,0.044162,-0.139545,0.049674,2.023484
158.671000,0.020684,0.018246,0.044806,-0.140815,0.048729,2.023269
158.691000,0.019199,0.019258,0.045384,-0.142344,0.047438,2.023076
158.711000,0.018597,0.020493,0.046096,-0.143971,0.046317,2.022912
158.731000,0.018247,0.021243,0.046739,-0.145507,0.045271,2.022745
158.751000,0.016852,0.021349,0.046984,-0.146906,0.043911,2.022562
158.771000,0.016327,0.020804,0.047499,-0.148212,0.042778,2.022363
158.791000,0.015968,0.019057,0.048015,-0.149240,0.041704,2.022198
158.811000,0.014750,0.017030,0.048436,-0.150243,0.040435,2.022002
158.831000,0.013599,0.015035,0.048604,-0.151276,0.039230,2.021828
158.851000,0.010409,0.011370,0.048307,-0.151670,0.037354,2.021573
158.871000,0.008809,0.008754,0.048040,-0.152565,0.036075,2.021492
158.891000,0.007233,0.005902,0.047914,-0.153393,0.034819,2.021474
158.911000,0.005315,0.002822,0.047614,-0.154174,0.033550,2.021500
158.931000,0.003199,-0.000137,0.047191,-0.154994,0.032233,2.021563
158.951000,0.001280,-0.002851,0.046637,-0.155884,0.031040,2.021620
158.971000,-0.000578,-0.005249,0.045733,-0.156845,0.029878,2.021752
158.995000,-0.002406,-0.007556,0.044930,-0.158178,0.028614,2.021929
159.011000,-0.002624,-0.008344,0.043934,-0.159266,0.028068,2.022099
159.031000,-0.003076,-0.007766,0.042831,-0.161053,0.027328,2.022317
159.051000,-0.003511,-0.006596,0.041842,-0.162994,0.026636,2.022525
159.071000,-0.003433,-0.004677,0.040664,-0.165135,0.026180,2.022758
159.094000,-0.003902,-0.001703,0.039129,-0.167802,0.025549,2.022954
159.111000,-0.003995,0.000745,0.038102,-0.169847,0.025246,2.023093
159.131000,-0.003822,0.003956,0.036825,-0.172363,0.024999,2.023226
159.151000,-0.003604,0.007708,0.035662,-0.175062,0.024843,2.023327
159.171000,-0.003301,0.011887,0.034460,-0.177879,0.024789,2.023462
159.191000,-0.002874,0.016267,0.033338,-0.180755,0.024849,2.023584
159.211000,-0.002856,0.020137,0.032118,-0.183466,0.024889,2.023761
159.231000,-0.003543,0.022904,0.030855,-0.185850,0.024770,2.023926
159.251000,-0.002665,0.025391,0.029607,-0.188156,0.025099,2.024203
159.271000,-0.001053,0.027383,0.028568,-0.190287,0.025676,2.024591
159.291000,-0.000200,0.029312,0.027367,-0.192370,0.026105,2.025070
159.311000,0.000748,0.031334,0.026172,-0.194413,0.026641,2.025645
159.331000,0.001400,0.033015,0.024913,-0.196308,0.027162,2.026279
159.351000,0.002043,0.034644,0.023660,-0.198105,0.027719,2.026964
159.371000,0.003077,0.036462,0.022358,-0.199863,0.028411,2.027675
159.391000,0.003966,0.038391,0.021205,-0.201559,0.029063,2.028397
159.411000,0.005239,0.040116,0.020069,-0.203085,0.029852,2.029184
159.431000,0.006562,0.042140,0.019107,-0.204609,0.030669,2.029962
159.451000,0.007493,0.044051,0.018279,-0.206001,0.031421,2.030791
159.471000,0.008029,0.045994,0.017204,-0.207302,0.032088,2.031561
159.491000,0.009094,0.047779,0.016399,-0.208490,0.032901,2.032350
159.511000,0.010392,0.048564,0.015431,-0.209310,0.033798,2.033039
159.531000,0.011667,0.049069,0.014588,-0.209977,0.034698,2.033673
159.551000,0.012718,0.049392,0.013797,-0.210512,0.035535,2.034221
159.571000,0.013960,0.049029,0.012875,-0.210755,0.036469,2.034681
159.592000,0.015457,0.048307,0.012011,-0.210707,0.037470,2.035021
159.611000,0.016757,0.047690,0.011313,-0.210621,0.038358,2.035304
159.631000,0.018125,0.047041,0.010579,-0.210531,0.039293,2.035602
159.651000,0.019413,0.046430,0.009935,-0.210320,0.040180,2.035844
159.671000,0.020780,0.045414,0.009333,-0.209865,0.041075,2.036021
159.691000,0.022292,0.044078,0.008640,-0.209227,0.041989,2.036116
159.711000,0.024286,0.042738,0.007425,-0.208466,0.043063,2.036182
159.731000,0.027774,0.041586,0.004826,-0.207572,0.044619,2.036281
159.751000,0.029407,0.040458,0.004037,-0.206713,0.045501,2.036296
159.771000,0.030126,0.039195,0.003582,-0.205707,0.046078,2.036270
159.791000,0.031122,0.038283,0.003254,-0.204720,0.046678,2.036263
159.811000,0.032205,0.037624,0.002920,-0.203694,0.047249,2.036273
159.831000,0.033031,0.037070,0.002489,-0.202631,0.047682,2.036263
159.851000,0.034018,0.036749,0.002246,-0.201566,0.048109,2.036246
159.871000,0.034471,0.036571,0.001953,-0.200466,0.048336,2.036213
159.891000,0.034667,0.036350,0.001739,-0.199308,0.048423,2.036171
159.911000,0.035227,0.035979,0.001590,-0.198048,0.048553,2.036122
159.931000,0.034815,0.035299,0.001375,-0.196649,0.048340,2.035979
159.951000,0.034425,0.034816,0.001309,-0.195281,0.048091,2.035812
159.971000,0.033820,0.034087,0.000930,-0.193799,0.047712,2.035598
159.991000,0.033249,0.033349,0.000812,-0.192303,0.047257,2.035385
160.011000,0.032934,0.032267,0.000868,-0.190672,0.046816,2.035138
160.031000,0.031796,0.031090,0.000943,-0.188974,0.046082,2.034895
160.051000,0.030902,0.030341,0.001077,-0.187363,0.045374,2.034694
160.071000,0.029544,0.029467,0.001012,-0.185678,0.044487,2.034529
160.091000,0.027693,0.028866,0.000852,-0.184046,0.043454,2.034350
160.111000,0.025546,0.028217,0.000454,-0.182374,0.042304,2.034128
160.131000,0.023751,0.027223,0.000349,-0.180610,0.041219,2.033894
160.151000,0.021881,0.025843,0.000307,-0.178717,0.040067,2.033663
160.171000,0.020412,0.025246,0.000093,-0.177016,0.039028,2.033453
160.192000,0.018330,0.024595,-0.000284,-0.175193,0.037727,2.033295
160.211000,0.017220,0.024294,-0.000672,-0.173597,0.036737,2.033188
160.231000,0.016475,0.024322,-0.000911,-0.171995,0.035773,2.033097
160.251000,0.015594,0.024173,-0.001346,-0.170313,0.034790,2.033004
160.271000,0.014675,0.024438,-0.001704,-0.168724,0.033753,2.032969
160.291000,0.014483,0.024971,-0.002050,-0.167179,0.032878,2.033007
160.311000,0.014829,0.025654,-0.002131,-0.165685,0.032145,2.033094
160.331000,0.014375,0.025943,-0.002660,-0.164057,0.031217,2.033226
160.351000,0.014217,0.026739,-0.003045,-0.162574,0.030373,2.033366
160.371000,0.014125,0.027433,-0.003526,-0.161061,0.029562,2.033526
160.394000,0.014077,0.026972,-0.004067,-0.158968,0.028639,2.033718
160.411000,0.014238,0.026894,-0.004229,-0.157495,0.028024,2.033872
160.433000,0.014135,0.026780,-0.004999,-0.155537,0.027173,2.034105
160.451000,0.013940,0.027055,-0.005496,-0.154041,0.026455,2.034299
160.471000,0.014119,0.027277,-0.006071,-0.152335,0.025792,2.034550
160.491000,0.013663,0.027118,-0.006779,-0.150495,0.024971,2.034802
160.511000,0.013237,0.027245,-0.007533,-0.148727,0.024187,2.035087
160.531000,0.012920,0.027397,-0.008085,-0.146917,0.023443,2.035452
160.551000,0.012428,0.027588,-0.008862,-0.145087,0.022659,2.035863
160.571000,0.012063,0.028133,-0.009521,-0.143325,0.021915,2.036327
160.591000,0.011944,0.029101,-0.010625,-0.141631,0.021246,2.036804
160.611000,0.012173,0.029780,-0.011504,-0.139830,0.020661,2.037318
160.631000,0.012306,0.030402,-0.012469,-0.138012,0.020055,2.037809
160.651000,0.012443,0.030393,-0.013404,-0.136026,0.019458,2.038249
160.671000,0.012389,0.030020,-0.014349,-0.133958,0.018841,2.038622
160.694000,0.012241,0.029402,-0.015627,-0.131546,0.018151,2.038969
160.711000,0.011790,0.028714,-0.016530,-0.129703,0.017515,2.039164
160.731000,0.011934,0.027537,-0.017453,-0.127423,0.016969,2.039387
160.751000,0.012190,0.026414,-0.018569,-0.125118,0.016439,2.039647
160.771000,0.012187,0.025698,-0.019486,-0.122926,0.015851,2.039851
160.792000,0.012391,0.024938,-0.020600,-0.120586,0.015258,2.040146
160.811000,0.012742,0.024548,-0.021273,-0.118542,0.014774,2.040418
160.831000,0.013445,0.024369,-0.022161,-0.116466,0.014338,2.040705
160.851000,0.013911,0.023791,-0.023107,-0.114258,0.013837,2.040972
160.871000,0.014973,0.023354,-0.023800,-0.112069,0.013480,2.041245
160.891000,0.015407,0.023332,-0.024595,-0.110010,0.012967,2.041484
160.911000,0.015914,0.023501,-0.025418,-0.108002,0.012448,2.041750
160.931000,0.016610,0.023455,-0.026235,-0.105975,0.012001,2.041933
160.951000,0.017073,0.022790,-0.026960,-0.103798,0.011471,2.042082
160.971000,0.017800,0.022107,-0.027649,-0.101638,0.010959,2.042175
160.991000,0.018908,0.021607,-0.028266,-0.099554,0.010541,2.042167
161.011000,0.019176,0.020570,-0.029024,-0.097342,0.009909,2.042088
161.033000,0.019393,0.020048,-0.029743,-0.095059,0.009183,2.041973
161.051000,0.020079,0.020345,-0.030376,-0.093388,0.008723,2.041858
161.071000,0.020149,0.020573,-0.031187,-0.091501,0.008011,2.041733
161.091000,0.020260,0.021077,-0.032063,-0.089718,0.007271,2.041595
161.111000,0.020508,0.021039,-0.032844,-0.087811,0.006575,2.041423
161.131000,0.020143,0.020803,-0.033714,-0.085882,0.005699,2.041265
161.151000,0.020029,0.020923,-0.034283,-0.084065,0.004873,2.041140
161.171000,0.019807,0.021371,-0.035017,-0.082317,0.004036,2.041055
161.191000,0.019175,0.021944,-0.035838,-0.080608,0.003064,2.040981
161.211000,0.018675,0.022973,-0.036555,-0.079033,0.002121,2.040927
161.231000,0.018260,0.024004,-0.037416,-0.077452,0.001165,2.040911
161.251000,0.017999,0.025045,-0.038104,-0.075899,0.000239,2.040879
161.271000,0.017568,0.025659,-0.038637,-0.074264,-0.000778,2.040857
161.291000,0.017642,0.026144,-0.039003,-0.072610,-0.001684,2.040807
161.311000,0.017594,0.026436,-0.039127,-0.070927,-0.002673,2.040781
161.331000,0.017591,0.026710,-0.039395,-0.069227,-0.003657,2.040760
161.351000,0.017753,0.027225,-0.039576,-0.067610,-0.004640,2.040727
161.371000,0.017892,0.027596,-0.039541,-0.065940,-0.005684,2.040708
161.392000,0.018554,0.027946,-0.039308,-0.064189,-0.006676,2.040704
161.411000,0.018837,0.027609,-0.038932,-0.062481,-0.007704,2.040619
161.431000,0.019274,0.026761,-0.038419,-0.060582,-0.008740,2.040431
161.451000,0.019570,0.025759,-0.038004,-0.058639,-0.009859,2.040313
161.471000,0.019637,0.025097,-0.037422,-0.056794,-0.010981,2.040126
161.491000,0.019222,0.024134,-0.037028,-0.054876,-0.012220,2.039914
161.511000,0.018498,0.022991,-0.036489,-0.052946,-0.013569,2.039694
161.531000,0.017798,0.022167,-0.035913,-0.051125,-0.014914,2.039503
161.551000,0.016836,0.021300,-0.035459,-0.049301,-0.016325,2.039280
161.571000,0.015977,0.020403,-0.034910,-0.047467,-0.017720,2.039125
161.592000,0.015539,0.019682,-0.034223,-0.045596,-0.019064,2.038992
161.611000,0.014706,0.019358,-0.033705,-0.044024,-0.020425,2.038936
161.631000,0.014702,0.019081,-0.032949,-0.042393,-0.021608,2.038868
161.651000,0.014235,0.018649,-0.032063,-0.040747,-0.022929,2.038786
161.671000,0.013505,0.018315,-0.031394,-0.039162,-0.024311,2.038691
161.691000,0.013187,0.017954,-0.030653,-0.037600,-0.025558,2.038583
161.711000,0.012464,0.017286,-0.030148,-0.035982,-0.026937,2.038459
161.731000,0.012260,0.016771,-0.029362,-0.034422,-0.028185,2.038366
161.751000,0.012704,0.016909,-0.028485,-0.033068,-0.029267,2.038274
161.771000,0.012540,0.016862,-0.027687,-0.031709,-0.030500,2.038151
161.791000,0.012228,0.016391,-0.026989,-0.030269,-0.031770,2.038017
161.811000,0.012186,0.016030,-0.026174,-0.028917,-0.032957,2.037901
161.832000,0.011659,0.015275,-0.025398,-0.027442,-0.034337,2.037746
161.851000,0.011872,0.014462,-0.024494,-0.026098,-0.035402,2.037588
161.871000,0.012091,0.013748,-0.023329,-0.024758,-0.036530,2.037436
161.891000,0.012011,0.013326,-0.022304,-0.023533,-0.037698,2.037239
161.911000,0.011293,0.013097,-0.021172,-0.022427,-0.039035,2.036999
161.931000,0.011023,0.012313,-0.019799,-0.021204,-0.040203,2.036780
161.951000,0.010135,0.011383,-0.018510,-0.019973,-0.041574,2.036558
161.971000,0.006441,0.011164,-0.013717,-0.019131,-0.043909,2.036193
161.992000,0.005827,0.010894,-0.012307,-0.018130,-0.045220,2.035941
162.011000,0.005351,0.010316,-0.010859,-0.017180,-0.046364,2.035714
162.031000,0.005071,0.010116,-0.009533,-0.016328,-0.047454,2.035510
162.051000,0.003858,0.009835,-0.008232,-0.015530,-0.048784,2.035332
162.071000,0.003346,0.009318,-0.007194,-0.014693,-0.049893,2.035218
162.091000,0.003233,0.008940,-0.006100,-0.013959,-0.050900,2.035146
162.111000,0.002959,0.008245,-0.005032,-0.013217,-0.051911,2.035061
162.131000,0.002272,0.007074,-0.004190,-0.012397,-0.052984,2.034979
162.151000,0.002443,0.006197,-0.003136,-0.011718,-0.053783,2.034934
162.171000,0.001799,0.005112,-0.002344,-0.011012,-0.054764,2.034884
162.192000,0.001456,0.004387,-0.001624,-0.010439,-0.055670,2.034928
162.211000,0.001380,0.003986,-0.000930,-0.010037,-0.056404,2.035026
162.231000,0.001487,0.003718,-0.000458,-0.009707,-0.057123,2.035226
162.251000,0.001726,0.003405,-0.000107,-0.009430,-0.057784,2.035486
162.271000,0.002706,0.002989,0.000301,-0.009181,-0.058238,2.035812
162.291000,0.003358,0.002535,0.000715,-0.008999,-0.058745,2.036166
162.311000,0.003723,0.002199,0.001158,-0.008905,-0.059245,2.036524
162.331000,0.003705,0.001822,0.001424,-0.008861,-0.059806,2.036880
162.351000,0.003790,0.001786,0.001744,-0.008952,-0.060300,2.037268
162.371000,0.004281,0.002316,0.001974,-0.009245,-0.060675,2.037699
162.391000,0.004390,0.002864,0.002151,-0.009583,-0.061154,2.038134
162.411000,0.004845,0.003832,0.002253,-0.010096,-0.061528,2.038635
162.431000,0.006304,0.005508,0.002789,-0.010922,-0.061568,2.039091
162.451000,0.007763,0.007332,0.003273,-0.011810,-0.061604,2.039563
162.471000,0.008848,0.009216,0.003350,-0.012662,-0.061784,2.039951
162.491000,0.009343,0.011361,0.003390,-0.013631,-0.062119,2.040318
162.511000,0.009837,0.013709,0.003296,-0.014648,-0.062413,2.040688
162.531000,0.009927,0.016294,0.003275,-0.015784,-0.062782,2.040976
162.551000,0.009387,0.018543,0.003177,-0.016853,-0.063282,2.041224
162.571000,0.009054,0.021107,0.003135,-0.018048,-0.063723,2.041454
162.591000,0.008114,0.023132,0.003261,-0.019147,-0.064280,2.041644
162.611000,0.007225,0.024780,0.003322,-0.020157,-0.064824,2.041812
162.631000,0.006491,0.026197,0.003394,-0.021141,-0.065305,2.041947
162.651000,0.005653,0.027456,0.003388,-0.022071,-0.065797,2.042096
162.671000,0.004817,0.028610,0.003473,-0.022975,-0.066283,2.042198
162.691000,0.003769,0.029442,0.003678,-0.023760,-0.066795,2.042297
162.711000,0.003063,0.030700,0.003984,-0.024644,-0.067181,2.042335
162.731000,0.001378,0.031503,0.004268,-0.025401,-0.067770,2.042355
162.751000,-0.000356,0.031970,0.004560,-0.026066,-0.068334,2.042374
162.771000,-0.001750,0.032231,0.005200,-0.026631,-0.068740,2.042379
162.792000,-0.003482,0.032378,0.005591,-0.027159,-0.069209,2.042379
162.811000,-0.004647,0.032873,0.006078,-0.027686,-0.069493,2.042426
162.831000,-0.005300,0.033488,0.006592,-0.028223,-0.069630,2.042495
162.851000,-0.005846,0.033566,0.007274,-0.028607,-0.069676,2.042550
162.871000,-0.006680,0.033290,0.007865,-0.028871,-0.069673,2.042572
162.891000,-0.008096,0.032666,0.008516,-0.029011,-0.069763,2.042560
162.911000,-0.008835,0.032237,0.009014,-0.029161,-0.069609,2.042569
162.931000,-0.009259,0.032296,0.009601,-0.029425,-0.069312,2.042561
162.951000,-0.010098,0.032027,0.010057,-0.029565,-0.069055,2.042558
162.971000,-0.010516,0.031306,0.010327,-0.029534,-0.068612,2.042604
162.991000,-0.010354,0.030742,0.010814,-0.029517,-0.067962,2.042748
163.011000,-0.010279,0.030110,0.011184,-0.029421,-0.067253,2.042912
163.031000,-0.010529,0.029788,0.011443,-0.029378,-0.066603,2.043121
163.051000,-0.009782,0.029786,0.011858,-0.029376,-0.065609,2.043358
163.071000,-0.009304,0.029749,0.012183,-0.029346,-0.064632,2.043606
163.091000,-0.009264,0.029132,0.012374,-0.029112,-0.063679,2.043857
163.111000,-0.008696,0.028774,0.012532,-0.028915,-0.062558,2.044129
163.131000,-0.007385,0.028723,0.012787,-0.028792,-0.061136,2.044386
163.151000,-0.007190,0.028134,0.012583,-0.028486,-0.059951,2.044632
163.171000,-0.006530,0.027810,0.012599,-0.028214,-0.058566,2.044869
163.191000,-0.005341,0.028030,0.012520,-0.028068,-0.056955,2.045051
163.211000,-0.005380,0.027849,0.012155,-0.027784,-0.055623,2.045183
163.231000,-0.004466,0.027692,0.011759,-0.027487,-0.053982,2.045318
163.251000,-0.003086,0.027456,0.011461,-0.027160,-0.052151,2.045416
163.271000,-0.002783,0.026759,0.010792,-0.026689,-0.050528,2.045518
163.291000,-0.002137,0.026291,0.010275,-0.026264,-0.048741,2.045625
163.314000,-0.001284,0.025837,0.009772,-0.025781,-0.046566,2.045789
163.331000,-0.001471,0.025220,0.009094,-0.025349,-0.045140,2.045941
163.351000,-0.000862,0.024544,0.008411,-0.024865,-0.043228,2.046185
163.371000,0.000380,0.023379,0.007687,-0.024263,-0.041085,2.046492
163.391000,0.000949,0.021311,0.006834,-0.023444,-0.039095,2.046798
163.411000,0.002556,0.019309,0.005917,-0.022666,-0.036799,2.047162
163.431000,0.004268,0.017053,0.005162,-0.021853,-0.034462,2.047572
163.451000,0.005442,0.014035,0.004248,-0.020884,-0.032194,2.047976
163.471000,0.006838,0.011151,0.003432,-0.019962,-0.029784,2.048438
163.491000,0.007733,0.008310,0.002515,-0.019073,-0.027448,2.048889
163.511000,0.007928,0.005725,0.001434,-0.018254,-0.025237,2.049386
163.531000,0.007062,0.002738,-0.000272,-0.017169,-0.023418,2.049876
163.551000,0.006942,0.001262,-0.001465,-0.016677,-0.021240,2.050479
163.571000,0.006823,0.000564,-0.002852,-0.016431,-0.019058,2.051139
163.592000,0.007362,0.000207,-0.004274,-0.016313,-0.016579,2.051830
163.611000,0.008248,-0.000002,-0.005586,-0.016294,-0.014195,2.052480
163.631000,0.008674,-0.000916,-0.006961,-0.016143,-0.011830,2.053096
163.651000,0.009353,-0.001645,-0.008335,-0.016116,-0.009376,2.053657
163.671000,0.010573,-0.002182,-0.009675,-0.016193,-0.006760,2.054217
163.691000,0.011149,-0.002191,-0.011219,-0.016508,-0.004317,2.054739
163.711000,0.014265,-0.002703,-0.015726,-0.016608,-0.001008,2.055328
163.731000,0.015667,-0.002927,-0.017346,-0.017012,0.001611,2.055869
163.751000,0.017406,-0.003064,-0.018803,-0.017523,0.004281,2.056412
163.771000,0.018630,-0.003693,-0.020373,-0.017985,0.006832,2.056920
163.791000,0.019703,-0.004148,-0.022094,-0.018593,0.009306,2.057422
163.811000,0.021444,-0.004546,-0.023646,-0.019307,0.011973,2.057887
163.831000,0.022743,-0.005604,-0.025417,-0.019932,0.014486,2.058354
163.851000,0.024193,-0.006484,-0.027086,-0.020691,0.017038,2.058789
163.871000,0.025444,-0.006965,-0.028832,-0.021634,0.019511,2.059227
163.891000,0.026097,-0.007574,-0.030567,-0.022652,0.021802,2.059631
163.911000,0.026620,-0.008219,-0.032230,-0.023744,0.024038,2.060031
163.931000,0.027437,-0.008519,-0.034011,-0.024980,0.026333,2.060482
163.951000,0.028074,-0.008520,-0.035629,-0.026372,0.028522,2.060941
163.971000,0.028585,-0.007889,-0.037331,-0.028019,0.030646,2.061394
163.991000,0.029067,-0.007215,-0.039203,-0.029730,0.032734,2.061846
164.011000,0.029240,-0.006297,-0.040918,-0.031573,0.034697,2.062259
164.031000,0.029263,-0.005025,-0.042573,-0.033612,0.036583,2.062647
164.051000,0.029517,-0.003902,-0.044088,-0.035699,0.038462,2.063037
164.071000,0.029863,-0.003150,-0.045640,-0.037768,0.040305,2.063400
164.091000,0.029872,-0.002358,-0.047254,-0.039921,0.042051,2.063724
164.111000,0.029449,-0.001724,-0.048869,-0.042081,0.043625,2.064010
164.131000,0.029447,-0.000749,-0.050483,-0.044401,0.045297,2.064216
164.151000,0.029032,0.000318,-0.052083,-0.046801,0.046834,2.064424
164.171000,0.028129,0.001297,-0.053541,-0.049222,0.048229,2.064578
164.191000,0.027176,0.002674,-0.055189,-0.051807,0.049590,2.064725
164.211000,0.025958,0.004236,-0.056932,-0.054491,0.050835,2.064848
164.231000,0.025123,0.005768,-0.058571,-0.057198,0.052145,2.064967
164.251000,0.024556,0.007146,-0.060253,-0.059922,0.053485,2.065059
164.271000,0.023578,0.008086,-0.061581,-0.062576,0.054699,2.065116
164.291000,0.022585,0.009133,-0.063022,-0.065316,0.055897,2.065142
164.314000,0.020889,0.009761,-0.064508,-0.068372,0.057109,2.065105
164.331000,0.020003,0.010092,-0.065639,-0.070601,0.058113,2.065088
164.351000,0.018476,0.010378,-0.066880,-0.073199,0.059139,2.065060
164.371000,0.017011,0.010895,-0.068054,-0.075897,0.060156,2.065030
164.392000,0.016061,0.011372,-0.069128,-0.078711,0.061381,2.065026
164.411000,0.015154,0.011674,-0.069960,-0.081210,0.062497,2.065033
164.431000,0.013596,0.012048,-0.070987,-0.083850,0.063528,2.064997
164.451000,0.011874,0.012776,-0.071879,-0.086583,0.064546,2.064977
164.471000,0.010124,0.013686,-0.072623,-0.089338,0.065558,2.064994
164.491000,0.008698,0.014997,-0.073567,-0.092171,0.066652,2.065071
164.511000,0.007600,0.016668,-0.074337,-0.095068,0.067841,2.065242
164.531000,0.007141,0.018830,-0.075101,-0.098066,0.069215,2.065440
164.551000,0.007046,0.021048,-0.075898,-0.101034,0.070714,2.065654
164.571000,0.006147,0.022981,-0.076539,-0.103916,0.072023,2.065852
164.591000,0.005576,0.024439,-0.077289,-0.106622,0.073459,2.066033
164.611000,0.005603,0.025980,-0.077843,-0.109304,0.075079,2.066206
164.632000,0.005766,0.027751,-0.078479,-0.112119,0.076845,2.066346
164.651000,0.005482,0.029252,-0.079213,-0.114596,0.078353,2.066494
164.671000,0.005485,0.030394,-0.079688,-0.117019,0.080010,2.066678
164.691000,0.006459,0.031537,-0.080186,-0.119370,0.081955,2.066868
164.711000,0.007059,0.032713,-0.080489,-0.121671,0.083816,2.067058
164.731000,0.007605,0.033551,-0.080893,-0.123801,0.085701,2.067244
164.751000,0.008419,0.034474,-0.081186,-0.125857,0.087679,2.067462
164.771000,0.009086,0.035506,-0.081377,-0.127872,0.089637,2.067670
164.791000,0.009857,0.036634,-0.081604,-0.129821,0.091638,2.067874
164.811000,0.011172,0.038020,-0.081747,-0.131748,0.093738,2.068094
164.831000,0.013398,0.039652,-0.081709,-0.133636,0.096091,2.068325
164.851000,0.015087,0.041250,-0.081478,-0.135415,0.098290,2.068506
164.871000,0.016255,0.043008,-0.081230,-0.137155,0.100350,2.068692
164.891000,0.017823,0.045051,-0.080817,-0.138832,0.102485,2.068875
164.911000,0.020041,0.047430,-0.080264,-0.140503,0.104782,2.069081
164.931000,0.021824,0.049897,-0.079694,-0.142107,0.106928,2.069257
164.951000,0.023336,0.052135,-0.079363,-0.143540,0.108924,2.069426
164.971000,0.025757,0.054217,-0.078589,-0.144849,0.111099,2.069590
164.992000,0.028139,0.055359,-0.077861,-0.145814,0.113276,2.069736
165.011000,0.030108,0.056146,-0.076986,-0.146567,0.115129,2.069832
165.031000,0.031788,0.056414,-0.076069,-0.147152,0.116902,2.069897
165.051000,0.033622,0.056196,-0.074833,-0.147518,0.118660,2.069899
165.071000,0.035037,0.055287,-0.073774,-0.147580,0.120202,2.069823
165.091000,0.036549,0.054343,-0.072664,-0.147573,0.121707,2.069667
165.111000,0.037920,0.052987,-0.071495,-0.147373,0.123060,2.069486
165.131000,0.039446,0.050784,-0.070298,-0.146855,0.124350,2.069251
165.151000,0.040526,0.048117,-0.068801,-0.146179,0.125418,2.068962
165.171000,0.041285,0.044767,-0.067451,-0.145270,0.126344,2.068664
165.191000,0.041615,0.041313,-0.066096,-0.144279,0.127045,2.068337
165.211000,0.041961,0.037390,-0.064685,-0.143081,0.127652,2.068040
165.231000,0.042662,0.033552,-0.063456,-0.141807,0.128266,2.067776
165.251000,0.043286,0.030087,-0.062052,-0.140580,0.128714,2.067555
165.271000,0.043796,0.026679,-0.060626,-0.139313,0.129024,2.067389
165.291000,0.044535,0.023486,-0.058992,-0.138030,0.129301,2.067314
165.314000,0.045076,0.020327,-0.057324,-0.136654,0.129411,2.067215
165.331000,0.044969,0.018425,-0.056044,-0.135752,0.129274,2.067133
165.351000,0.044603,0.016501,-0.054490,-0.134789,0.128918,2.067027
165.371000,0.044739,0.014446,-0.053051,-0.133764,0.128584,2.066910
165.391000,0.044495,0.012546,-0.051452,-0.132801,0.128013,2.066734
165.411000,0.044392,0.010995,-0.049679,-0.131963,0.127391,2.066533
165.431000,0.044032,0.009519,-0.047926,-0.131149,0.126584,2.066305
165.451000,0.043513,0.008212,-0.046312,-0.130446,0.125642,2.066005
165.471000,0.042731,0.006894,-0.044723,-0.129766,0.124526,2.065739
165.491000,0.042313,0.006096,-0.043460,-0.129253,0.123406,2.065457
165.511000,0.041603,0.005163,-0.042190,-0.128770,0.122090,2.065125
165.531000,0.040718,0.004092,-0.040904,-0.128311,0.120655,2.064783
165.551000,0.039909,0.002935,-0.039790,-0.127872,0.119167,2.064417
165.571000,0.038361,0.001892,-0.038867,-0.127554,0.117407,2.064014
165.591000,0.037001,0.000991,-0.038074,-0.127322,0.115659,2.063607
165.611000,0.035392,0.000255,-0.037632,-0.127186,0.113765,2.063211
165.631000,0.033521,-0.000331,-0.037213,-0.127178,0.111721,2.062791
165.651000,0.032030,-0.000959,-0.036857,-0.127258,0.109710,2.062392
165.671000,0.030977,-0.002185,-0.036338,-0.127249,0.107758,2.061970
165.691000,0.029479,-0.003605,-0.036069,-0.127281,0.105628,2.061555
165.711000,0.028164,-0.004765,-0.035827,-0.127424,0.103494,2.061155
165.731000,0.026987,-0.005288,-0.035720,-0.127809,0.101352,2.060760
165.751000,0.025853,-0.005408,-0.035652,-0.128379,0.099180,2.060381
165.771000,0.024736,-0.005035,-0.035824,-0.129130,0.097015,2.060005
165.792000,0.023076,-0.004338,-0.036104,-0.130073,0.094571,2.059569
165.811000,0.021557,-0.003381,-0.036388,-0.131105,0.092330,2.059178
165.831000,0.020577,-0.002700,-0.036626,-0.132147,0.090130,2.058793
165.851000,0.019320,-0.001979,-0.037064,-0.133254,0.087844,2.058399
165.871000,0.017718,-0.000684,-0.037400,-0.134604,0.085451,2.057976
165.891000,0.016378,0.000711,-0.037874,-0.136025,0.083120,2.057602
165.911000,0.015268,0.002400,-0.038279,-0.137588,0.080852,2.057194
165.931000,0.013693,0.003934,-0.038863,-0.139161,0.078453,2.056780
165.951000,0.012630,0.005427,-0.039359,-0.140751,0.076199,2.056397
165.971000,0.011989,0.007168,-0.039661,-0.142455,0.074017,2.056034
165.991000,0.011532,0.008950,-0.039980,-0.144212,0.071931,2.055720
166.011000,0.010626,0.010508,-0.040511,-0.145929,0.069759,2.055387
166.031000,0.010170,0.011991,-0.041115,-0.147652,0.067733,2.055077
166.051000,0.009399,0.013532,-0.041572,-0.149423,0.065635,2.054800
166.071000,0.009140,0.014933,-0.042122,-0.151140,0.063692,2.054547
166.091000,0.009458,0.016347,-0.042732,-0.152840,0.061896,2.054334
166.111000,0.010149,0.018375,-0.043013,-0.154688,0.060237,2.054142
166.131000,0.010889,0.020743,-0.043341,-0.156587,0.058648,2.053993
166.151000,0.010539,0.023471,-0.043638,-0.158588,0.056808,2.053822
166.171000,0.009976,0.026428,-0.043787,-0.160621,0.054969,2.053661
166.191000,0.009984,0.029156,-0.044017,-0.162541,0.053340,2.053486
166.211000,0.009670,0.031330,-0.044267,-0.164272,0.051679,2.053281
166.231000,0.009252,0.033590,-0.044466,-0.165975,0.049997,2.053080
166.251000,0.009103,0.036335,-0.044428,-0.167751,0.048430,2.052917
166.271000,0.008882,0.039160,-0.044485,-0.169484,0.046880,2.052732
166.291000,0.008228,0.041428,-0.044487,-0.171005,0.045262,2.052562
166.311000,0.008052,0.043650,-0.044515,-0.172417,0.043773,2.052428
166.331000,0.008453,0.045920,-0.044420,-0.173770,0.042463,2.052297
166.351000,0.008589,0.047500,-0.044500,-0.174812,0.041074,2.052244
166.371000,0.009556,0.049026,-0.044576,-0.175719,0.039934,2.052203
166.392000,0.010350,0.051075,-0.044418,-0.176709,0.038656,2.052178
166.411000,0.011098,0.052732,-0.044400,-0.177456,0.037544,2.052137
166.431000,0.012067,0.053774,-0.044381,-0.177963,0.036418,2.052078
166.451000,0.013432,0.054058,-0.044125,-0.178154,0.035434,2.052000
166.471000,0.014413,0.053782,-0.044073,-0.178068,0.034335,2.051924
166.491000,0.015729,0.054112,-0.043985,-0.178027,0.033350,2.051854
166.511000,0.016606,0.054633,-0.044017,-0.177943,0.032272,2.051764
166.531000,0.017217,0.054301,-0.043940,-0.177538,0.031134,2.051607
166.551000,0.018277,0.053673,-0.043812,-0.176970,0.030110,2.051434
166.571000,0.019165,0.052255,-0.043640,-0.176095,0.029059,2.051227
166.594000,0.019619,0.050335,-0.043407,-0.174904,0.027696,2.050978
166.611000,0.019769,0.049001,-0.043157,-0.173964,0.026671,2.050791
166.631000,0.019723,0.047297,-0.042839,-0.172716,0.025415,2.050578
166.651000,0.019582,0.045484,-0.042495,-0.171359,0.024141,2.050353
166.671000,0.019149,0.043444,-0.042098,-0.169857,0.022794,2.050124
166.691000,0.018807,0.041552,-0.041504,-0.168312,0.021442,2.049883
166.711000,0.018434,0.039869,-0.040559,-0.166786,0.020079,2.049673
166.731000,0.017986,0.037749,-0.039687,-0.165075,0.018697,2.049435
166.751000,0.017474,0.035565,-0.038572,-0.163279,0.017305,2.049176
166.771000,0.016679,0.033622,-0.037448,-0.161508,0.015866,2.048901
166.791000,0.015503,0.031788,-0.036263,-0.159748,0.014350,2.048569
166.811000,0.014255,0.029971,-0.034957,-0.157978,0.012829,2.048172
166.832000,0.012937,0.027931,-0.033556,-0.156041,0.011286,2.047723
166.851000,0.012167,0.026241,-0.032203,-0.154288,0.009997,2.047317
166.871000,0.011444,0.025057,-0.030657,-0.152570,0.008667,2.046861
166.891000,0.010986,0.024177,-0.029246,-0.150917,0.007417,2.046410
166.911000,0.010801,0.023378,-0.027674,-0.149287,0.006219,2.045971
166.931000,0.010870,0.022588,-0.026345,-0.147671,0.005119,2.045521
166.951000,0.010554,0.021395,-0.025039,-0.145970,0.003955,2.045088
166.971000,0.010385,0.020277,-0.023697,-0.144307,0.002836,2.044697
166.991000,0.010544,0.019180,-0.022268,-0.142641,0.001842,2.044356
167.011000,0.010091,0.018345,-0.021128,-0.141042,0.000661,2.044096
167.031000,0.010581,0.018171,-0.019924,-0.139655,-0.000256,2.043885
167.051000,0.011844,0.018278,-0.018442,-0.138372,-0.000986,2.043700
167.071000,0.012359,0.017819,-0.017024,-0.136987,-0.001940,2.043531
167.091000,0.013521,0.017059,-0.015613,-0.135560,-0.002713,2.043351
167.111000,0.014684,0.015968,-0.014015,-0.134103,-0.003530,2.043205
167.131000,0.015693,0.014506,-0.012419,-0.132572,-0.004388,2.043118
167.151000,0.017173,0.013552,-0.010903,-0.131207,-0.005150,2.043074
167.171000,0.018579,0.013089,-0.009462,-0.130025,-0.005942,2.043063
167.192000,0.019437,0.012483,-0.008032,-0.128813,-0.006974,2.043064
167.211000,0.020556,0.011875,-0.006521,-0.127759,-0.007851,2.043126
167.231000,0.021799,0.010709,-0.004651,-0.126517,-0.008770,2.043279
167.251000,0.022476,0.010118,-0.003024,-0.125473,-0.009862,2.043455
167.271000,0.022961,0.010115,-0.001068,-0.124640,-0.011021,2.043656
167.291000,0.022810,0.010136,0.000628,-0.123861,-0.012392,2.043843
167.311000,0.022886,0.010098,0.002318,-0.123113,-0.013729,2.044072
167.331000,0.022964,0.010140,0.004044,-0.122422,-0.015105,2.044347
167.371000,0.022726,0.011293,0.007489,-0.121453,-0.018161,2.045058
167.371000,0.022726,0.011293,0.007489,-0.121453,-0.018161,2.045058
167.391000,0.022547,0.012233,0.009087,-0.121123,-0.019787,2.045539
167.411000,0.021981,0.013217,0.010634,-0.120826,-0.021548,2.046034
167.431000,0.021869,0.014302,0.011969,-0.120595,-0.023234,2.046612
167.471000,0.020947,0.016272,0.014626,-0.120197,-0.026904,2.047922
167.471000,0.020947,0.016272,0.014626,-0.120197,-0.026904,2.047922
167.491000,0.017124,0.017360,0.019396,-0.120221,-0.029967,2.048478
167.511000,0.016569,0.018610,0.020519,-0.120244,-0.031822,2.049226
167.531000,0.016347,0.020306,0.021550,-0.120406,-0.033633,2.050004
167.551000,0.016019,0.021851,0.022569,-0.120410,-0.035589,2.050820
167.571000,0.015612,0.024085,0.023390,-0.120602,-0.037615,2.051683
167.611000,0.014325,0.028643,0.024896,-0.120983,-0.041867,2.053511
167.611000,0.014325,0.028643,0.024896,-0.120983,-0.041867,2.053511
167.632000,0.013576,0.030092,0.025572,-0.120959,-0.044102,2.054498
167.671000,0.011529,0.033288,0.026841,-0.120985,-0.048452,2.056386
167.671000,0.011529,0.033288,0.026841,-0.120985,-0.048452,2.056386
167.711000,0.009302,0.036485,0.027814,-0.120925,-0.052945,2.058280
167.711000,0.009302,0.036485,0.027814,-0.120925,-0.052945,2.058280
167.731000,0.007854,0.037433,0.028033,-0.120693,-0.055271,2.059236
167.771000,0.004524,0.037903,0.028877,-0.119789,-0.059971,2.061109
167.771000,0.004524,0.037903,0.028877,-0.119789,-0.059971,2.061109
167.791000,0.002940,0.038136,0.029315,-0.119272,-0.062236,2.062150
167.811000,0.000580,0.038261,0.029512,-0.118684,-0.064668,2.063203
167.831000,-0.002213,0.038213,0.029613,-0.117993,-0.067134,2.064365
167.851000,-0.004444,0.037917,0.029588,-0.117180,-0.069384,2.065564
167.871000,-0.007073,0.037235,0.029646,-0.116206,-0.071663,2.066815
167.891000,-0.009805,0.036960,0.029298,-0.115292,-0.073872,2.068091
167.911000,-0.013258,0.036730,0.029161,-0.114332,-0.076188,2.069396
167.931000,-0.016264,0.036493,0.028797,-0.113315,-0.078291,2.070728
167.971000,-0.021416,0.036348,0.027651,-0.111199,-0.081967,2.073309
167.971000,-0.021416,0.036348,0.027651,-0.111199,-0.081967,2.073309
168.011000,-0.025735,0.035895,0.025959,-0.108863,-0.084952,2.075800
168.011000,-0.025735,0.035895,0.025959,-0.108863,-0.084952,2.075800
168.031000,-0.027175,0.035075,0.024951,-0.107480,-0.086057,2.077024
168.051000,-0.028386,0.034190,0.023980,-0.106070,-0.086974,2.078234
168.071000,-0.029524,0.033243,0.022699,-0.104589,-0.087717,2.079430
168.111000,-0.031322,0.030668,0.019433,-0.101145,-0.088783,2.081810
168.111000,-0.031322,0.030668,0.019433,-0.101145,-0.088783,2.081810
168.131000,-0.031266,0.029586,0.017971,-0.099525,-0.088776,2.083000
168.171000,-0.031465,0.027792,0.014884,-0.096275,-0.088369,2.085351
168.171000,-0.031465,0.027792,0.014884,-0.096275,-0.088369,2.085351
168.211000,-0.030363,0.026673,0.011871,-0.093020,-0.087054,2.087788
168.211000,-0.030363,0.026673,0.011871,-0.093020,-0.087054,2.087788
168.233000,-0.029418,0.026820,0.009986,-0.091367,-0.086001,2.089179
168.271000,-0.026695,0.027642,0.006432,-0.088561,-0.083529,2.091622
168.271000,-0.026695,0.027642,0.006432,-0.088561,-0.083529,2.091622
168.311000,-0.022545,0.028657,0.002773,-0.085535,-0.080101,2.094094
168.311000,-0.022545,0.028657,0.002773,-0.085535,-0.080101,2.094094
168.331000,-0.020793,0.028603,0.000962,-0.083840,-0.078302,2.095230
168.371000,-0.016131,0.029423,-0.002721,-0.080618,-0.074088,2.097438
168.371000,-0.016131,0.029423,-0.002721,-0.080618,-0.074088,2.097438
168.411000,-0.011669,0.030057,-0.006434,-0.077281,-0.069556,2.099491
168.411000,-0.011669,0.030057,-0.006434,-0.077281,-0.069556,2.099491
168.431000,-0.009262,0.029839,-0.008060,-0.075434,-0.067144,2.100410
168.471000,-0.004594,0.028581,-0.011132,-0.071498,-0.062150,2.102047
168.471000,-0.004594,0.028581,-0.011132,-0.071498,-0.062150,2.102047
168.511000,-0.000067,0.027086,-0.014370,-0.067469,-0.056959,2.103357
168.511000,-0.000067,0.027086,-0.014370,-0.067469,-0.056959,2.103357
168.531000,0.002161,0.025895,-0.016150,-0.065295,-0.054290,2.103912
168.551000,0.004422,0.024762,-0.017974,-0.063131,-0.051549,2.104371
168.571000,0.006018,0.023526,-0.019503,-0.060973,-0.048986,2.104767
168.611000,0.010096,0.019818,-0.022531,-0.056304,-0.043472,2.105376
168.611000,0.010096,0.019818,-0.022531,-0.056304,-0.043472,2.105376
168.631000,0.011441,0.018368,-0.023926,-0.054110,-0.040864,2.105601
168.651000,0.015232,0.016742,-0.028156,-0.051721,-0.037354,2.105843
168.671000,0.016316,0.014917,-0.029413,-0.049460,-0.034823,2.105983
168.691000,0.017494,0.013033,-0.030541,-0.047221,-0.032276,2.106049
168.711000,0.018816,0.011005,-0.031747,-0.044984,-0.029722,2.106086
168.731000,0.020359,0.008632,-0.032707,-0.042706,-0.027116,2.106082
168.751000,0.021352,0.005942,-0.033581,-0.040412,-0.024680,2.106043
168.771000,0.022284,0.003680,-0.034476,-0.038305,-0.022226,2.105966
168.791000,0.022920,0.001267,-0.035273,-0.036200,-0.019863,2.105888
168.811000,0.023340,-0.001003,-0.036104,-0.034203,-0.017587,2.105808
168.831000,0.023768,-0.002964,-0.037090,-0.032360,-0.015313,2.105718
168.851000,0.024376,-0.004616,-0.038106,-0.030699,-0.013040,2.105666
168.871000,0.025209,-0.006324,-0.039007,-0.029133,-0.010781,2.105560
168.891000,0.026265,-0.008321,-0.039859,-0.027604,-0.008505,2.105432
168.911000,0.027371,-0.010565,-0.040808,-0.026117,-0.006264,2.105247
168.931000,0.028221,-0.012894,-0.041727,-0.024737,-0.004137,2.105051
168.951000,0.029144,-0.015034,-0.042728,-0.023515,-0.002044,2.104844
168.971000,0.029931,-0.016665,-0.043862,-0.022523,-0.000021,2.104647
169.011000,0.032057,-0.018410,-0.046079,-0.021329,0.003873,2.104321
169.011000,0.032057,-0.018410,-0.046079,-0.021329,0.003873,2.104321
169.031000,0.033901,-0.018641,-0.046996,-0.021079,0.005928,2.104159
169.051000,0.034839,-0.019064,-0.048072,-0.020912,0.007657,2.103937
169.071000,0.035690,-0.019516,-0.049232,-0.020854,0.009258,2.103700
169.111000,0.039283,-0.019072,-0.051184,-0.021492,0.012740,2.103148
169.111000,0.039283,-0.019072,-0.051184,-0.021492,0.012740,2.103148
169.131000,0.039510,-0.018736,-0.052201,-0.022073,0.013902,2.102832
169.151000,0.040219,-0.018037,-0.053192,-0.022904,0.015110,2.102500
169.171000,0.041195,-0.017424,-0.053751,-0.023840,0.016315,2.102211
169.192000,0.041545,-0.016672,-0.054628,-0.024984,0.017300,2.101910
169.211000,0.041920,-0.015983,-0.055220,-0.026154,0.018084,2.101627
169.231000,0.042202,-0.015362,-0.055970,-0.027494,0.018802,2.101298
169.271000,0.041992,-0.014010,-0.057274,-0.030571,0.019719,2.100539
169.271000,0.041992,-0.014010,-0.057274,-0.030571,0.019719,2.100539
169.291000,0.042039,-0.013229,-0.057716,-0.032295,0.020078,2.100147
169.311000,0.041016,-0.012411,-0.058114,-0.034159,0.020056,2.099724
169.331000,0.040425,-0.011616,-0.058471,-0.036111,0.020081,2.099306
169.371000,0.038145,-0.010074,-0.058944,-0.040293,0.019560,2.098426
169.371000,0.038145,-0.010074,-0.058944,-0.040293,0.019560,2.098426
169.411000,0.035970,-0.007330,-0.059347,-0.045055,0.018820,2.097347
169.411000,0.035970,-0.007330,-0.059347,-0.045055,0.018820,2.097347
169.431000,0.034396,-0.005584,-0.059299,-0.047667,0.018205,2.096730
169.471000,0.031887,-0.002160,-0.059343,-0.052940,0.016926,2.095458
169.471000,0.031887,-0.002160,-0.059343,-0.052940,0.016926,2.095458
169.511000,0.029312,0.003214,-0.059481,-0.058810,0.015419,2.094091
169.511000,0.029312,0.003214,-0.059481,-0.058810,0.015419,2.094091
169.531000,0.027471,0.006564,-0.059512,-0.061930,0.014443,2.093339
169.571000,0.025183,0.014283,-0.058862,-0.068456,0.012680,2.091765
169.571000,0.025183,0.014283,-0.058862,-0.068456,0.012680,2.091765
169.591000,0.024312,0.018040,-0.058450,-0.071667,0.011813,2.090904
169.611000,0.022396,0.021453,-0.058404,-0.074776,0.010606,2.089986
169.632000,0.021463,0.024909,-0.057987,-0.077934,0.009592,2.088990
169.671000,0.021137,0.032490,-0.056909,-0.083956,0.007962,2.087092
169.671000,0.021137,0.032490,-0.056909,-0.083956,0.007962,2.087092
169.711000,0.018474,0.040441,-0.055961,-0.090089,0.005616,2.085023
169.711000,0.018474,0.040441,-0.055961,-0.090089,0.005616,2.085023
169.731000,0.018243,0.042389,-0.055020,-0.092483,0.004668,2.084002
169.751000,0.018031,0.044454,-0.054181,-0.094860,0.003689,2.082980
169.771000,0.017839,0.046723,-0.053488,-0.097208,0.002700,2.081970
169.811000,0.018298,0.049760,-0.051574,-0.101214,0.000839,2.079876
169.811000,0.018298,0.049760,-0.051574,-0.101214,0.000839,2.079876
169.831000,0.018601,0.050616,-0.050554,-0.102875,-0.000078,2.078827
169.871000,0.018406,0.052562,-0.048189,-0.105850,-0.002126,2.076732
169.871000,0.018406,0.052562,-0.048189,-0.105850,-0.002126,2.076732
169.891000,0.015213,0.054427,-0.043703,-0.107538,-0.004270,2.075674
169.911000,0.015003,0.056277,-0.042420,-0.108918,-0.005353,2.074757
169.931000,0.014300,0.057733,-0.041186,-0.110045,-0.006615,2.073945
169.951000,0.014890,0.059234,-0.039649,-0.111017,-0.007545,2.073158
169.973000,0.015429,0.060504,-0.037892,-0.111866,-0.008619,2.072342
170.011000,0.015037,0.061370,-0.034719,-0.112711,-0.010927,2.070994
170.011000,0.015037,0.061370,-0.034719,-0.112711,-0.010927,2.070994
170.031000,0.015053,0.060465,-0.033169,-0.112625,-0.012092,2.070339
170.071000,0.014376,0.057503,-0.030211,-0.111856,-0.014633,2.069144
170.071000,0.014376,0.057503,-0.030211,-0.111856,-0.014633,2.069144
170.111000,0.013583,0.052281,-0.027834,-0.110056,-0.017143,2.068105
170.111000,0.013583,0.052281,-0.027834,-0.110056,-0.017143,2.068105
170.131000,0.012257,0.049124,-0.026675,-0.108876,-0.018607,2.067590
170.171000,0.010031,0.042391,-0.024520,-0.106088,-0.021355,2.066758
170.171000,0.010031,0.042391,-0.024520,-0.106088,-0.021355,2.066758
170.211000,0.007298,0.036505,-0.022614,-0.103112,-0.024203,2.066267
170.211000,0.007298,0.036505,-0.022614,-0.103112,-0.024203,2.066267
170.231000,0.006818,0.033895,-0.021641,-0.101599,-0.025387,2.066137
170.271000,0.005581,0.027606,-0.020100,-0.098200,-0.027787,2.065977
170.271000,0.005581,0.027606,-0.020100,-0.098200,-0.027787,2.065977
170.291000,0.005275,0.024064,-0.019625,-0.096347,-0.028840,2.065968
170.311000,0.007754,0.020480,-0.021886,-0.094307,-0.028876,2.066127
170.331000,0.006911,0.017389,-0.021426,-0.092535,-0.030010,2.066285
170.351000,0.005742,0.014967,-0.021131,-0.090926,-0.031188,2.066556
170.371000,0.005015,0.013003,-0.020744,-0.089415,-0.032223,2.066921
170.391000,0.004954,0.011572,-0.020619,-0.088047,-0.033060,2.067359
170.411000,0.005181,0.010104,-0.020418,-0.086699,-0.033785,2.067859
170.431000,0.005065,0.008240,-0.020363,-0.085301,-0.034596,2.068388
170.471000,0.005938,0.004959,-0.019845,-0.082754,-0.035810,2.069624
170.471000,0.005938,0.004959,-0.019845,-0.082754,-0.035810,2.069624
170.491000,0.005768,0.003620,-0.019867,-0.081636,-0.036549,2.070344
170.511000,0.006028,0.002546,-0.019854,-0.080668,-0.037153,2.071129
170.531000,0.007032,0.001482,-0.019919,-0.079757,-0.037539,2.071907
170.551000,0.007366,0.000013,-0.020006,-0.078848,-0.038109,2.072641
170.571000,0.007898,-0.001533,-0.020079,-0.078021,-0.038606,2.073394
170.611000,0.009092,-0.005600,-0.020195,-0.076376,-0.039500,2.074790
170.611000,0.009092,-0.005600,-0.020195,-0.076376,-0.039500,2.074790
170.631000,0.009156,-0.007703,-0.020335,-0.075693,-0.040018,2.075436
170.651000,0.009256,-0.009239,-0.020565,-0.075212,-0.040479,2.076105
170.671000,0.008962,-0.010108,-0.021020,-0.074991,-0.040979,2.076773
170.711000,0.006983,-0.010507,-0.022483,-0.075150,-0.042264,2.078080
170.711000,0.006983,-0.010507,-0.022483,-0.075150,-0.042264,2.078080
170.731000,0.006716,-0.009890,-0.023279,-0.075596,-0.042665,2.078716
170.771000,0.005636,-0.008736,-0.025412,-0.076823,-0.043500,2.079970
170.771000,0.005636,-0.008736,-0.025412,-0.076823,-0.043500,2.079970
170.791000,0.005175,-0.008420,-0.026337,-0.077516,-0.043865,2.080516
170.811000,0.005113,-0.007615,-0.027542,-0.078424,-0.044100,2.081065
170.832000,0.005091,-0.006363,-0.028824,-0.079612,-0.044306,2.081609
170.851000,0.004825,-0.005196,-0.029904,-0.080786,-0.044543,2.082119
170.871000,0.005010,-0.004381,-0.031130,-0.081994,-0.044647,2.082638
170.891000,0.005032,-0.003467,-0.032248,-0.083317,-0.044741,2.083142
170.911000,0.005305,-0.002596,-0.033341,-0.084747,-0.044726,2.083624
170.931000,0.005238,-0.001802,-0.034402,-0.086232,-0.044803,2.084137
170.951000,0.005063,-0.000741,-0.035377,-0.087888,-0.044895,2.084666
170.974000,0.005428,0.000414,-0.036297,-0.089848,-0.044772,2.085295
170.992000,0.005483,0.001302,-0.037114,-0.091445,-0.044697,2.085801
171.011000,0.005253,0.002378,-0.037706,-0.093235,-0.044659,2.086327
171.031000,0.005033,0.003367,-0.038489,-0.095138,-0.044572,2.086886
171.071000,0.005197,0.005178,-0.040174,-0.099100,-0.044185,2.087853
171.071000,0.005197,0.005178,-0.040174,-0.099100,-0.044185,2.087853
171.091000,0.005428,0.006129,-0.040859,-0.101171,-0.043881,2.088296
171.111000,0.005537,0.007308,-0.041534,-0.103353,-0.043571,2.088741
171.131000,0.005303,0.008541,-0.042282,-0.105607,-0.043303,2.089144
171.171000,0.004819,0.010541,-0.043557,-0.110099,-0.042641,2.089952
171.171000,0.004819,0.010541,-0.043557,-0.110099,-0.042641,2.089952
171.211000,0.005350,0.012555,-0.044960,-0.114746,-0.041649,2.090794
171.211000,0.005350,0.012555,-0.044960,-0.114746,-0.041649,2.090794
171.233000,0.005990,0.013294,-0.045800,-0.117283,-0.040971,2.091279
171.271000,0.006943,0.013548,-0.047105,-0.121479,-0.039796,2.092100
171.271000,0.006943,0.013548,-0.047105,-0.121479,-0.039796,2.092100
171.311000,0.008311,0.012563,-0.048268,-0.125660,-0.038404,2.092938
171.311000,0.008311,0.012563,-0.048268,-0.125660,-0.038404,2.092938
171.331000,0.008611,0.012246,-0.048819,-0.127814,-0.037759,2.093352
171.351000,0.009086,0.012193,-0.049664,-0.130065,-0.037077,2.093757
171.371000,0.009594,0.012018,-0.050154,-0.132316,-0.036371,2.094184
171.411000,0.010531,0.010215,-0.051381,-0.136396,-0.034934,2.094995
171.411000,0.010531,0.010215,-0.051381,-0.136396,-0.034934,2.094995
171.431000,0.010951,0.010048,-0.052071,-0.138641,-0.034211,2.095370
171.471000,0.011982,0.010752,-0.053466,-0.143369,-0.032719,2.096186
171.471000,0.011982,0.010752,-0.053466,-0.143369,-0.032719,2.096186
171.511000,0.012999,0.011341,-0.054878,-0.148037,-0.031179,2.096865
171.511000,0.012999,0.011341,-0.054878,-0.148037,-0.031179,2.096865
171.531000,0.013455,0.011727,-0.055520,-0.150356,-0.030370,2.097127
171.571000,0.011884,0.013618,-0.056858,-0.155236,-0.029402,2.097579
171.571000,0.011884,0.013618,-0.056858,-0.155236,-0.029402,2.097579
171.611000,0.011105,0.017719,-0.057974,-0.160554,-0.028225,2.097996
171.611000,0.011105,0.017719,-0.057974,-0.160554,-0.028225,2.097996
171.631000,0.012215,0.020681,-0.058373,-0.163413,-0.027278,2.098158
171.651000,0.013087,0.024094,-0.058645,-0.166355,-0.026379,2.098302
171.671000,0.013292,0.028057,-0.058828,-0.169423,-0.025661,2.098450
171.711000,0.012965,0.034777,-0.059286,-0.175043,-0.024382,2.098695
171.711000,0.012965,0.034777,-0.059286,-0.175043,-0.024382,2.098695
171.731000,0.013231,0.037207,-0.059303,-0.177519,-0.023691,2.098828
171.771000,0.013772,0.041477,-0.058936,-0.182146,-0.022311,2.098933
171.771000,0.013772,0.041477,-0.058936,-0.182146,-0.022311,2.098933
171.811000,0.015189,0.044780,-0.058319,-0.186176,-0.020868,2.099020
171.811000,0.015189,0.044780,-0.058319,-0.186176,-0.020868,2.099020
171.831000,0.015935,0.045970,-0.057940,-0.187938,-0.020142,2.099044
171.851000,0.016536,0.047065,-0.057528,-0.189587,-0.019444,2.099050
171.871000,0.016945,0.047978,-0.056947,-0.191080,-0.018839,2.099036
171.911000,0.018116,0.049443,-0.055933,-0.193616,-0.017562,2.099031
171.911000,0.018116,0.049443,-0.055933,-0.193616,-0.017562,2.099031
171.931000,0.018641,0.049914,-0.055327,-0.194634,-0.016970,2.098996
171.971000,0.019641,0.050332,-0.053815,-0.196144,-0.015875,2.098925
171.971000,0.019641,0.050332,-0.053815,-0.196144,-0.015875,2.098925
171.991000,0.019513,0.050505,-0.052986,-0.196690,-0.015516,2.098922
172.011000,0.019590,0.050834,-0.052318,-0.197135,-0.015088,2.098920
172.031000,0.019559,0.051287,-0.051638,-0.197476,-0.014732,2.098939
172.051000,0.019338,0.051438,-0.051086,-0.197605,-0.014458,2.098930
172.071000,0.019573,0.051778,-0.050536,-0.197614,-0.014098,2.098916
172.111000,0.020031,0.052960,-0.049002,-0.197394,-0.013508,2.098905
172.111000,0.020031,0.052960,-0.049002,-0.197394,-0.013508,2.098905
172.131000,0.019931,0.053430,-0.048228,-0.197047,-0.013336,2.098873
172.151000,0.020133,0.053911,-0.047460,-0.196582,-0.013137,2.098787
172.171000,0.020134,0.054184,-0.046580,-0.195943,-0.013040,2.098701
172.211000,0.020561,0.054011,-0.044977,-0.194027,-0.012855,2.098380
172.211000,0.020561,0.054011,-0.044977,-0.194027,-0.012855,2.098380
172.231000,0.020678,0.053605,-0.044072,-0.192795,-0.012838,2.098187
172.251000,0.021114,0.053366,-0.043127,-0.191469,-0.012744,2.098002
172.271000,0.021181,0.052795,-0.042308,-0.189905,-0.012775,2.097788
172.291000,0.021156,0.052265,-0.041365,-0.188241,-0.012849,2.097552
172.311000,0.021314,0.051956,-0.040459,-0.186478,-0.012865,2.097321
172.331000,0.020955,0.051745,-0.039636,-0.184591,-0.013057,2.097075
172.371000,0.020207,0.051973,-0.037932,-0.180539,-0.013500,2.096663
172.371000,0.020207,0.051973,-0.037932,-0.180539,-0.013500,2.096663
172.391000,0.019766,0.052473,-0.037239,-0.178406,-0.013744,2.096494
172.411000,0.019255,0.052800,-0.036352,-0.176146,-0.014014,2.096251
172.431000,0.018758,0.052403,-0.035355,-0.173564,-0.014320,2.096022
172.451000,0.018474,0.052029,-0.034500,-0.170859,-0.014555,2.095753
172.471000,0.017739,0.051704,-0.033816,-0.168081,-0.014949,2.095445
172.491000,0.017393,0.051200,-0.033112,-0.165149,-0.015246,2.095086
172.511000,0.016869,0.050378,-0.032214,-0.162013,-0.015614,2.094734
172.531000,0.013631,0.049861,-0.027914,-0.159057,-0.016966,2.094256
172.571000,0.012538,0.047823,-0.025950,-0.152256,-0.017684,2.093330
172.571000,0.012538,0.047823,-0.025950,-0.152256,-0.017684,2.093330
172.591000,0.011944,0.046574,-0.024940,-0.148693,-0.018057,2.092806
172.611000,0.011506,0.044801,-0.024004,-0.144889,-0.018392,2.092274
172.631000,0.011923,0.043408,-0.023064,-0.141094,-0.018535,2.091735
172.671000,0.011702,0.039723,-0.021362,-0.133086,-0.019054,2.090490
172.671000,0.011702,0.039723,-0.021362,-0.133086,-0.019054,2.090490
172.691000,0.011585,0.037786,-0.020220,-0.129010,-0.019298,2.089763
172.711000,0.010854,0.035166,-0.019298,-0.124717,-0.019680,2.089076
172.731000,0.010673,0.032575,-0.018398,-0.120365,-0.019918,2.088448
172.771000,0.010258,0.028071,-0.016825,-0.111691,-0.020454,2.087276
172.771000,0.010258,0.028071,-0.016825,-0.111691,-0.020454,2.087276
172.811000,0.010111,0.023674,-0.015099,-0.103002,-0.020956,2.086163
172.811000,0.010111,0.023674,-0.015099,-0.103002,-0.020956,2.086163
172.831000,0.010207,0.021011,-0.014205,-0.098526,-0.021162,2.085650
172.871000,0.013379,0.016741,-0.015414,-0.089695,-0.020597,2.084769
172.871000,0.013379,0.016741,-0.015414,-0.089695,-0.020597,2.084769
172.911000,0.014825,0.012745,-0.014107,-0.081169,-0.020753,2.083863
172.911000,0.014825,0.012745,-0.014107,-0.081169,-0.020753,2.083863
172.931000,0.015315,0.011076,-0.013613,-0.077023,-0.020885,2.083467
172.971000,0.016108,0.007418,-0.012517,-0.068811,-0.021125,2.082672
172.971000,0.016108,0.007418,-0.012517,-0.068811,-0.021125,2.082672
173.011000,0.016000,0.003888,-0.011705,-0.060900,-0.021616,2.081806
173.011000,0.016000,0.003888,-0.011705,-0.060900,-0.021616,2.081806
173.031000,0.016367,0.001685,-0.011340,-0.056961,-0.021765,2.081372
173.071000,0.016529,-0.002949,-0.010799,-0.049316,-0.022214,2.080471
173.071000,0.016529,-0.002949,-0.010799,-0.049316,-0.022214,2.080471
173.111000,0.016051,-0.007926,-0.010464,-0.041996,-0.022802,2.079523
173.111000,0.016051,-0.007926,-0.010464,-0.041996,-0.022802,2.079523
173.131000,0.015474,-0.010608,-0.010511,-0.038457,-0.023125,2.079033
173.171000,0.013784,-0.015905,-0.010631,-0.031766,-0.023956,2.078010
173.171000,0.013784,-0.015905,-0.010631,-0.031766,-0.023956,2.078010
173.211000,0.012663,-0.021249,-0.010754,-0.025530,-0.024616,2.077117
173.211000,0.012663,-0.021249,-0.010754,-0.025530,-0.024616,2.077117
173.231000,0.012086,-0.022984,-0.010925,-0.022881,-0.024916,2.076723
173.251000,0.011384,-0.024741,-0.011157,-0.020348,-0.025248,2.076372
173.271000,0.011071,-0.026110,-0.011246,-0.018058,-0.025440,2.076014
173.311000,0.009756,-0.027807,-0.011615,-0.014170,-0.025914,2.075364
173.311000,0.009756,-0.027807,-0.011615,-0.014170,-0.025914,2.075364
173.331000,0.009152,-0.027977,-0.011974,-0.012636,-0.026094,2.075070
173.351000,0.008710,-0.027683,-0.012110,-0.011365,-0.026179,2.074770
173.371000,0.008076,-0.027021,-0.012338,-0.010312,-0.026279,2.074505
173.392000,0.007122,-0.025789,-0.012731,-0.009493,-0.026416,2.074223
173.411000,0.006078,-0.024162,-0.013004,-0.009043,-0.026563,2.073955
173.431000,0.005629,-0.021925,-0.013485,-0.008848,-0.026510,2.073701
173.451000,0.005727,-0.019373,-0.013651,-0.008907,-0.026294,2.073432
173.471000,0.005315,-0.017548,-0.013905,-0.008924,-0.026222,2.073144
173.491000,0.005517,-0.016105,-0.014090,-0.008986,-0.025949,2.072880
173.511000,0.005773,-0.014823,-0.014143,-0.009177,-0.025615,2.072598
173.531000,0.005637,-0.013841,-0.014370,-0.009418,-0.025329,2.072353
173.571000,0.006404,-0.011612,-0.014809,-0.010302,-0.024347,2.072007
173.571000,0.006404,-0.011612,-0.014809,-0.010302,-0.024347,2.072007
173.611000,0.006455,-0.007936,-0.015990,-0.011923,-0.023420,2.071954
173.611000,0.006455,-0.007936,-0.015990,-0.011923,-0.023420,2.071954
173.633000,0.007356,-0.005301,-0.016487,-0.013133,-0.022630,2.072079
173.651000,0.008104,-0.003577,-0.016914,-0.014066,-0.021927,2.072186
173.671000,0.008251,-0.001857,-0.017594,-0.015129,-0.021294,2.072321
173.711000,0.005222,0.002078,-0.015016,-0.017820,-0.021034,2.072446
173.711000,0.005222,0.002078,-0.015016,-0.017820,-0.021034,2.072446
173.731000,0.005445,0.003753,-0.015322,-0.019112,-0.020277,2.072554
173.751000,0.006196,0.005468,-0.015693,-0.020457,-0.019360,2.072739
173.771000,0.007012,0.007142,-0.016111,-0.021849,-0.018399,2.072940
173.792000,0.007734,0.008822,-0.016558,-0.023348,-0.017428,2.073133
173.811000,0.008805,0.010129,-0.016869,-0.024693,-0.016415,2.073304
173.831000,0.010070,0.010749,-0.017182,-0.025931,-0.015306,2.073472
173.871000,0.012412,0.012024,-0.017513,-0.028543,-0.013106,2.073803
173.871000,0.012412,0.012024,-0.017513,-0.028543,-0.013106,2.073803
173.891000,0.013250,0.012068,-0.017718,-0.029734,-0.012072,2.073972
173.911000,0.014313,0.011842,-0.017892,-0.030858,-0.010965,2.074139
173.931000,0.015130,0.011852,-0.018133,-0.032063,-0.009909,2.074358
173.971000,0.016774,0.012501,-0.018911,-0.034622,-0.007821,2.074902
173.971000,0.016774,0.012501,-0.018911,-0.034622,-0.007821,2.074902
173.991000,0.017574,0.012715,-0.019188,-0.035853,-0.006795,2.075238
174.011000,0.018110,0.013136,-0.019541,-0.037122,-0.005833,2.075630
174.032000,0.018190,0.014078,-0.019678,-0.038605,-0.004980,2.076122
174.071000,0.018585,0.016297,-0.020618,-0.041447,-0.003422,2.077249
174.071000,0.018585,0.016297,-0.020618,-0.041447,-0.003422,2.077249
174.091000,0.018815,0.017188,-0.020876,-0.042827,-0.002680,2.077824
174.111000,0.019683,0.018259,-0.021145,-0.044245,-0.001809,2.078426
174.131000,0.020329,0.019051,-0.021470,-0.045596,-0.001042,2.079027
174.171000,0.021201,0.020394,-0.021940,-0.048207,0.000309,2.080227
174.171000,0.021201,0.020394,-0.021940,-0.048207,0.000309,2.080227
174.211000,0.021071,0.020603,-0.022170,-0.050507,0.001279,2.081330
174.211000,0.021071,0.020603,-0.022170,-0.050507,0.001279,2.081330
174.231000,0.021474,0.020601,-0.022431,-0.051612,0.001818,2.081846
174.271000,0.022290,0.020647,-0.022512,-0.053768,0.002799,2.082757
174.271000,0.022290,0.020647,-0.022512,-0.053768,0.002799,2.082757
174.311000,0.022101,0.020818,-0.022248,-0.055887,0.003401,2.083517
174.311000,0.022101,0.020818,-0.022248,-0.055887,0.003401,2.083517
174.331000,0.021821,0.020996,-0.021994,-0.056946,0.003613,2.083875
174.351000,0.021495,0.020725,-0.021870,-0.057867,0.003759,2.084187
174.371000,0.021700,0.020356,-0.021536,-0.058744,0.004028,2.084478
174.411000,0.021694,0.020259,-0.020925,-0.060543,0.004379,2.085048
174.411000,0.021694,0.020259,-0.020925,-0.060543,0.004379,2.085048
174.432000,0.021701,0.021067,-0.020430,-0.061669,0.004531,2.085322
174.471000,0.020284,0.022283,-0.019376,-0.063627,0.004369,2.085658
174.471000,0.020284,0.022283,-0.019376,-0.063627,0.004369,2.085658
174.511000,0.019225,0.022455,-0.017985,-0.065250,0.004234,2.085765
174.511000,0.019225,0.022455,-0.017985,-0.065250,0.004234,2.085765
174.531000,0.018541,0.023045,-0.017245,-0.066152,0.004068,2.085730
174.571000,0.017250,0.023906,-0.015606,-0.067768,0.003737,2.085569
174.571000,0.017250,0.023906,-0.015606,-0.067768,0.003737,2.085569
174.611000,0.015757,0.023884,-0.013822,-0.069061,0.003343,2.085287
174.611000,0.015757,0.023884,-0.013822,-0.069061,0.003343,2.085287
174.631000,0.015123,0.023606,-0.013119,-0.069576,0.003165,2.085103
174.671000,0.014017,0.023337,-0.011268,-0.070600,0.002783,2.084787
174.671000,0.014017,0.023337,-0.011268,-0.070600,0.002783,2.084787
174.711000,0.013623,0.022669,-0.009434,-0.071425,0.002483,2.084416
174.711000,0.013623,0.022669,-0.009434,-0.071425,0.002483,2.084416
174.731000,0.013591,0.022299,-0.008516,-0.071770,0.002380,2.084171
174.771000,0.013191,0.020596,-0.006555,-0.072202,0.002091,2.083576
174.771000,0.013191,0.020596,-0.006555,-0.072202,0.002091,2.083576
174.811000,0.012061,0.018887,-0.004961,-0.072502,0.001703,2.082917
174.811000,0.012061,0.018887,-0.004961,-0.072502,0.001703,2.082917
174.831000,0.011009,0.018054,-0.004300,-0.072608,0.001410,2.082571
174.851000,0.010068,0.017586,-0.003705,-0.072786,0.001154,2.082222
174.871000,0.009136,0.017116,-0.003407,-0.072969,0.000891,2.081889
174.891000,0.008504,0.015928,-0.002971,-0.072923,0.000691,2.081541
174.911000,0.007898,0.015128,-0.002525,-0.072998,0.000510,2.081196
174.931000,0.006713,0.014096,-0.002101,-0.073011,0.000235,2.080838
174.971000,0.004548,0.011704,-0.001505,-0.072930,-0.000160,2.080216
174.971000,0.004548,0.011704,-0.001505,-0.072930,-0.000160,2.080216
174.992000,0.003281,0.010306,-0.001404,-0.072848,-0.000359,2.079989
175.011000,0.002042,0.009409,-0.001232,-0.072909,-0.000550,2.079807
175.031000,0.000907,0.008141,-0.001028,-0.072889,-0.000685,2.079699
175.051000,-0.000085,0.006616,-0.001100,-0.072768,-0.000741,2.079623
175.071000,-0.000693,0.005638,-0.001030,-0.072801,-0.000673,2.079621
175.111000,-0.000873,0.004813,-0.000460,-0.073162,-0.000161,2.079772
175.111000,-0.000873,0.004813,-0.000460,-0.073162,-0.000161,2.079772
175.131000,-0.001062,0.005034,-0.000047,-0.073511,0.000121,2.079895
175.151000,-0.001282,0.005668,0.000153,-0.073963,0.000449,2.080049
175.171000,-0.001561,0.006390,0.000513,-0.074434,0.000778,2.080200
175.191000,-0.001312,0.007795,0.001089,-0.075112,0.001291,2.080391
175.211000,-0.000594,0.009524,0.001762,-0.075861,0.001929,2.080595
175.231000,0.000556,0.011842,0.002627,-0.076830,0.002716,2.080826
175.251000,0.001437,0.013734,0.003607,-0.077708,0.003466,2.081017
175.271000,0.002005,0.014479,0.004529,-0.078279,0.004192,2.081172
175.311000,0.002988,0.015444,0.006899,-0.079339,0.005779,2.081351
175.311000,0.002988,0.015444,0.006899,-0.079339,0.005779,2.081351
175.331000,0.003221,0.015961,0.008000,-0.079883,0.006567,2.081406
175.351000,0.003798,0.016495,0.009401,-0.080466,0.007493,2.081413
175.371000,0.004097,0.016191,0.010735,-0.080821,0.008362,2.081420
175.391000,0.004888,0.015581,0.012279,-0.081153,0.009403,2.081398
175.411000,0.005517,0.014050,0.013925,-0.081256,0.010430,2.081365
175.431000,0.006175,0.012202,0.015585,-0.081309,0.011493,2.081344
175.451000,0.006858,0.010001,0.017416,-0.081276,0.012579,2.081324
175.471000,0.007395,0.007718,0.019155,-0.081232,0.013632,2.081359
175.511000,0.010298,0.003371,0.022693,-0.081282,0.016171,2.081561
175.511000,0.010298,0.003371,0.022693,-0.081282,0.016171,2.081561
175.531000,0.012353,0.001324,0.024567,-0.081348,0.017569,2.081690
175.551000,0.014635,-0.000383,0.026509,-0.081525,0.019005,2.081777
175.571000,0.017301,-0.001780,0.028244,-0.081801,0.020572,2.081877
175.611000,0.020887,-0.004053,0.031739,-0.082600,0.023180,2.082044
175.611000,0.020887,-0.004053,0.031739,-0.082600,0.023180,2.082044
175.631000,0.022574,-0.005315,0.033463,-0.082972,0.024423,2.082138
175.671000,0.025890,-0.006595,0.036612,-0.084020,0.026745,2.082366
175.671000,0.025890,-0.006595,0.036612,-0.084020,0.026745,2.082366
175.691000,0.027280,-0.006110,0.037916,-0.084834,0.027776,2.082487
175.711000,0.028916,-0.004100,0.039142,-0.086072,0.028830,2.082629
175.731000,0.030677,-0.000005,0.040562,-0.088007,0.030019,2.082861
175.771000,0.029561,0.007180,0.042968,-0.091236,0.030769,2.083122
175.771000,0.029561,0.007180,0.042968,-0.091236,0.030769,2.083122
175.811000,0.026064,0.015128,0.044791,-0.094518,0.030771,2.083495
175.811000,0.026064,0.015128,0.044791,-0.094518,0.030771,2.083495
175.831000,0.024064,0.019252,0.045498,-0.096085,0.030666,2.083746
175.851000,0.021915,0.024141,0.046217,-0.097813,0.030481,2.084022
175.871000,0.019668,0.029547,0.046889,-0.099577,0.030249,2.084347
175.911000,0.013469,0.042151,0.048636,-0.103355,0.029238,2.085116
175.911000,0.013469,0.042151,0.048636,-0.103355,0.029238,2.085116
175.931000,0.010199,0.049019,0.049550,-0.105244,0.028674,2.085471
175.971000,0.004351,0.060025,0.050899,-0.107851,0.027848,2.086301
175.971000,0.004351,0.060025,0.050899,-0.107851,0.027848,2.086301
176.011000,-0.001636,0.070450,0.051799,-0.109661,0.027152,2.087386
176.011000,-0.001636,0.070450,0.051799,-0.109661,0.027152,2.087386
176.031000,-0.003977,0.075385,0.052345,-0.110265,0.027037,2.087945
176.071000,-0.007951,0.082578,0.053298,-0.110253,0.027143,2.088958
176.071000,-0.007951,0.082578,0.053298,-0.110253,0.027143,2.088958
176.111000,-0.011340,0.086714,0.054524,-0.108678,0.027787,2.089803
176.111000,-0.011340,0.086714,0.054524,-0.108678,0.027787,2.089803
176.131000,-0.013289,0.088054,0.054998,-0.107418,0.028230,2.090155
176.171000,-0.016580,0.087702,0.056122,-0.103565,0.029593,2.090664
176.171000,-0.016580,0.087702,0.056122,-0.103565,0.029593,2.090664
176.192000,-0.018086,0.087073,0.056808,-0.101108,0.030544,2.090912
176.211000,-0.019567,0.085298,0.057364,-0.098380,0.031517,2.091081
176.231000,-0.020910,0.082884,0.058131,-0.095209,0.032733,2.091189
176.251000,-0.022321,0.079082,0.058889,-0.091525,0.034104,2.091200
176.271000,-0.023428,0.074640,0.059683,-0.087520,0.035722,2.091162
176.311000,-0.026003,0.065134,0.061464,-0.078879,0.039280,2.091018
176.311000,-0.026003,0.065134,0.061464,-0.078879,0.039280,2.091018
176.331000,-0.026486,0.059214,0.062284,-0.074084,0.041491,2.090834
176.351000,-0.026400,0.052552,0.063347,-0.069049,0.043983,2.090591
176.371000,-0.025497,0.045482,0.064240,-0.063841,0.046801,2.090338
176.391000,-0.024137,0.038216,0.065381,-0.058553,0.049833,2.090026
176.411000,-0.022442,0.030618,0.066651,-0.053125,0.053057,2.089684
176.433000,-0.019614,0.022351,0.068018,-0.047181,0.056966,2.089325
176.471000,-0.012937,0.008043,0.070369,-0.036946,0.064430,2.089001
176.471000,-0.012937,0.008043,0.070369,-0.036946,0.064430,2.089001
176.511000,-0.004575,-0.005254,0.072510,-0.026763,0.072825,2.088889
176.511000,-0.004575,-0.005254,0.072510,-0.026763,0.072825,2.088889
176.531000,-0.000065,-0.010981,0.073925,-0.022037,0.077102,2.088873
176.551000,0.005245,-0.016074,0.075309,-0.017621,0.081573,2.088900
176.571000,0.010788,-0.020414,0.076769,-0.013561,0.086064,2.088870
176.611000,0.021449,-0.029250,0.079999,-0.005866,0.094834,2.088734
176.611000,0.021449,-0.029250,0.079999,-0.005866,0.094834,2.088734
176.631000,0.026895,-0.033759,0.081740,-0.002243,0.099211,2.088666
176.651000,0.032107,-0.037815,0.083374,0.001095,0.103540,2.088622
176.671000,0.035995,-0.041234,0.084913,0.004090,0.107436,2.088522
176.691000,0.038909,-0.043654,0.086152,0.006599,0.111016,2.088379
176.711000,0.040693,-0.045537,0.087508,0.008771,0.114183,2.088182
176.731000,0.042384,-0.046794,0.088923,0.010530,0.117228,2.087958
176.751000,0.043972,-0.048163,0.090138,0.012086,0.120129,2.087689
176.771000,0.045618,-0.049766,0.091429,0.013447,0.122954,2.087365
176.811000,0.048158,-0.052930,0.094103,0.015430,0.128018,2.086549
176.811000,0.048158,-0.052930,0.094103,0.015430,0.128018,2.086549
176.831000,0.048691,-0.053810,0.095215,0.015876,0.130079,2.086049
176.851000,0.049421,-0.054054,0.096466,0.015889,0.131997,2.085468
176.871000,0.050939,-0.053738,0.097732,0.015507,0.133943,2.084924
176.891000,0.052789,-0.052825,0.099043,0.014730,0.135793,2.084410
176.911000,0.054494,-0.051527,0.100164,0.013614,0.137469,2.083926
176.931000,0.055306,-0.049542,0.101296,0.012085,0.138743,2.083344
176.951000,0.055402,-0.047091,0.102341,0.010243,0.139695,2.082741
176.971000,0.054519,-0.043890,0.103259,0.008025,0.140205,2.082169
177.011000,0.052264,-0.035430,0.105034,0.002399,0.140566,2.081084
177.011000,0.052264,-0.035430,0.105034,0.002399,0.140566,2.081084
177.031000,0.051053,-0.031176,0.106018,-0.000741,0.140498,2.080573
177.071000,0.047329,-0.024617,0.107973,-0.006968,0.139686,2.079676
177.071000,0.047329,-0.024617,0.107973,-0.006968,0.139686,2.079676
177.091000,0.045486,-0.020930,0.109055,-0.010416,0.139066,2.079284
177.111000,0.043197,-0.016765,0.110031,-0.014111,0.138168,2.078888
177.131000,0.040647,-0.012069,0.110863,-0.018081,0.137034,2.078528
177.171000,0.036281,-0.002883,0.112574,-0.026305,0.134570,2.077806
177.171000,0.036281,-0.002883,0.112574,-0.026305,0.134570,2.077806
177.191000,0.034601,0.001379,0.113587,-0.030450,0.133281,2.077429
177.211000,0.033086,0.005411,0.114323,-0.034599,0.131967,2.077075
177.232000,0.031216,0.009690,0.115074,-0.039019,0.130440,2.076679
177.271000,0.026773,0.017043,0.116323,-0.047205,0.127178,2.075828
177.271000,0.026773,0.017043,0.116323,-0.047205,0.127178,2.075828
177.311000,0.022177,0.022259,0.117293,-0.055182,0.123675,2.074825
177.311000,0.022177,0.022259,0.117293,-0.055182,0.123675,2.074825
177.331000,0.020356,0.023950,0.117519,-0.058967,0.122014,2.074319
177.371000,0.016019,0.025497,0.117647,-0.066107,0.118521,2.073193
177.391000,0.014252,0.025994,0.117582,-0.069606,0.116882,2.072634
177.411000,0.012237,0.026443,0.117540,-0.073043,0.115177,2.072075
177.431000,0.010546,0.026666,0.117436,-0.076411,0.113579,2.071577
177.451000,0.009315,0.026895,0.117271,-0.079708,0.112099,2.071160
177.471000,0.008156,0.027211,0.116968,-0.082985,0.110655,2.070793
177.471000,0.008156,0.027211,0.116968,-0.082985,0.110655,2.070793
177.511000,0.007008,0.028595,0.116159,-0.089550,0.108028,2.070289
177.531000,0.007104,0.029902,0.115667,-0.092901,0.106898,2.070156
177.531000,0.007104,0.029902,0.115667,-0.092901,0.106898,2.070156
177.571000,0.007482,0.033378,0.114812,-0.099583,0.104775,2.070008
177.571000,0.007482,0.033378,0.114812,-0.099583,0.104775,2.070008
177.611000,0.007382,0.038074,0.113401,-0.106283,0.102612,2.069957
177.611000,0.007382,0.038074,0.113401,-0.106283,0.102612,2.069957
177.633000,0.008437,0.040196,0.112722,-0.109771,0.101731,2.070016
177.671000,0.011781,0.043838,0.110861,-0.115545,0.100595,2.070350
177.671000,0.011781,0.043838,0.110861,-0.115545,0.100595,2.070350
177.711000,0.015380,0.046745,0.108536,-0.121031,0.099507,2.070816
177.731000,0.016837,0.047938,0.107227,-0.123536,0.098918,2.071105
177.751000,0.017766,0.049414,0.105908,-0.126007,0.098167,2.071398
177.771000,0.019071,0.050571,0.104488,-0.128271,0.097579,2.071745
177.771000,0.019071,0.050571,0.104488,-0.128271,0.097579,2.071745
177.811000,0.018973,0.052935,0.101524,-0.132435,0.095704,2.072440
177.811000,0.018973,0.052935,0.101524,-0.132435,0.095704,2.072440
177.851000,0.019277,0.053789,0.098228,-0.135765,0.093959,2.073251
177.871000,0.019114,0.053105,0.096492,-0.137011,0.093047,2.073592
177.891000,0.018824,0.051672,0.094635,-0.137957,0.092128,2.073952
177.911000,0.018714,0.050018,0.092781,-0.138766,0.091273,2.074239
177.931000,0.017591,0.047916,0.090860,-0.139348,0.090147,2.074447
177.951000,0.017095,0.045706,0.088837,-0.139821,0.089249,2.074611
177.971000,0.015696,0.043016,0.086745,-0.140069,0.088111,2.074699
177.971000,0.015696,0.043016,0.086745,-0.140069,0.088111,2.074699
178.011000,0.013863,0.038616,0.082731,-0.140582,0.086107,2.074820
178.031000,0.012577,0.036596,0.080620,-0.140758,0.085029,2.074854
178.031000,0.012577,0.036596,0.080620,-0.140758,0.085029,2.074854
178.071000,0.009560,0.033204,0.076470,-0.141069,0.082835,2.074938
178.071000,0.009560,0.033204,0.076470,-0.141069,0.082835,2.074938
178.111000,0.005778,0.030373,0.072240,-0.141317,0.080590,2.075049
178.131000,0.004234,0.028983,0.070084,-0.141391,0.079592,2.075208
178.151000,0.003672,0.027759,0.067790,-0.141517,0.078870,2.075402
178.171000,0.003549,0.026640,0.065572,-0.141632,0.078272,2.075644
178.191000,0.003636,0.025055,0.063400,-0.141590,0.077733,2.075914
178.211000,0.004385,0.023691,0.061262,-0.141589,0.077399,2.076200
178.231000,0.004923,0.022928,0.059130,-0.141737,0.076999,2.076493
178.251000,0.005992,0.022381,0.056933,-0.141945,0.076810,2.076772
178.271000,0.006965,0.021703,0.054574,-0.142097,0.076607,2.077005
178.291000,0.008489,0.021043,0.052228,-0.142242,0.076569,2.077238
178.311000,0.010211,0.020995,0.049686,-0.142496,0.076578,2.077513
178.311000,0.010211,0.020995,0.049686,-0.142496,0.076578,2.077513
178.351000,0.014010,0.023309,0.044781,-0.143703,0.076654,2.078005
178.371000,0.015596,0.024202,0.042221,-0.144252,0.076574,2.078274
178.371000,0.015596,0.024202,0.042221,-0.144252,0.076574,2.078274
178.411000,0.021183,0.024592,0.037271,-0.144942,0.077034,2.078931
178.411000,0.021183,0.024592,0.037271,-0.144942,0.077034,2.078931
178.451000,0.025722,0.025763,0.032087,-0.145875,0.077051,2.079594
178.471000,0.028030,0.026771,0.029494,-0.146482,0.076999,2.079965
178.471000,0.028030,0.026771,0.029494,-0.146482,0.076999,2.079965
178.511000,0.033328,0.027978,0.024506,-0.147433,0.076769,2.080842
178.531000,0.036254,0.028589,0.021924,-0.147913,0.076604,2.081316
178.551000,0.038889,0.029004,0.019158,-0.148364,0.076292,2.081804
178.571000,0.041387,0.028944,0.016454,-0.148693,0.075836,2.082300
178.571000,0.041387,0.028944,0.016454,-0.148693,0.075836,2.082300
178.611000,0.046458,0.028038,0.010246,-0.149052,0.074720,2.083419
178.611000,0.046458,0.028038,0.010246,-0.149052,0.074720,2.083419
178.651000,0.050821,0.028186,0.004404,-0.149692,0.072867,2.084657
178.651000,0.050821,0.028186,0.004404,-0.149692,0.072867,2.084657
178.691000,0.053715,0.027318,-0.000093,-0.150171,0.070051,2.085857
178.711000,0.054255,0.025910,-0.002908,-0.150006,0.068190,2.086379
178.731000,0.053726,0.025238,-0.004720,-0.150197,0.066026,2.086840
178.751000,0.052608,0.024626,-0.006761,-0.150410,0.063628,2.087264
178.771000,0.051123,0.024109,-0.008634,-0.150663,0.061033,2.087629
178.791000,0.049156,0.023657,-0.010577,-0.150932,0.058237,2.087960
178.811000,0.046988,0.023249,-0.012653,-0.151169,0.055298,2.088310
178.831000,0.044279,0.023125,-0.014243,-0.151469,0.052137,2.088672
178.851000,0.041289,0.023623,-0.015866,-0.151914,0.048870,2.089016
178.871000,0.037345,0.024644,-0.017428,-0.152518,0.045278,2.089298
178.871000,0.037345,0.024644,-0.017428,-0.152518,0.045278,2.089298
178.911000,0.029138,0.026000,-0.020080,-0.153598,0.037766,2.089622
178.931000,0.025923,0.026286,-0.021099,-0.154020,0.034144,2.089696
178.951000,0.022825,0.026553,-0.022040,-0.154437,0.030462,2.089682
178.971000,0.019932,0.027246,-0.022844,-0.154975,0.026782,2.089645
178.991000,0.017606,0.027852,-0.023159,-0.155481,0.023163,2.089517
179.011000,0.015798,0.027815,-0.023163,-0.155818,0.019662,2.089328
179.031000,0.014159,0.027694,-0.023059,-0.156101,0.016169,2.089064
179.031000,0.014159,0.027694,-0.023059,-0.156101,0.016169,2.089064
179.071000,0.010052,0.028148,-0.022745,-0.156859,0.009005,2.088342
179.091000,0.008395,0.028440,-0.022241,-0.157226,0.005472,2.087981
179.111000,0.008227,0.028956,-0.021560,-0.157629,0.002349,2.087571
179.131000,0.007527,0.029216,-0.021014,-0.157967,-0.000906,2.087087
179.131000,0.007527,0.029216,-0.021014,-0.157967,-0.000906,2.087087
179.171000,0.006178,0.028871,-0.019283,-0.158412,-0.007414,2.086024
179.171000,0.006178,0.028871,-0.019283,-0.158412,-0.007414,2.086024
179.211000,0.004999,0.027683,-0.016943,-0.158613,-0.013787,2.084833
179.211000,0.004999,0.027683,-0.016943,-0.158613,-0.013787,2.084833
179.231000,0.004461,0.026994,-0.015482,-0.158661,-0.016884,2.084283
179.271000,0.001703,0.025983,-0.012365,-0.158882,-0.023286,2.083056
179.271000,0.001703,0.025983,-0.012365,-0.158882,-0.023286,2.083056
179.311000,-0.001532,0.024217,-0.008609,-0.158931,-0.029576,2.081817
179.331000,-0.003190,0.022958,-0.006662,-0.158865,-0.032622,2.081256
179.331000,-0.003190,0.022958,-0.006662,-0.158865,-0.032622,2.081256
179.371000,-0.006227,0.020775,-0.001754,-0.158739,-0.038429,2.080325
179.391000,-0.009144,0.020508,0.002587,-0.158950,-0.041725,2.079915
179.411000,-0.012191,0.020863,0.006970,-0.159302,-0.044958,2.079582
179.431000,-0.013438,0.021587,0.009752,-0.159664,-0.047473,2.079368
179.451000,-0.014569,0.023149,0.012374,-0.160275,-0.049891,2.079221
179.471000,-0.015136,0.023950,0.015040,-0.160665,-0.052067,2.079164
179.491000,-0.014878,0.023710,0.017618,-0.160819,-0.053923,2.079150
179.511000,-0.014436,0.023393,0.020194,-0.160968,-0.055609,2.079155
179.511000,-0.014436,0.023393,0.020194,-0.160968,-0.055609,2.079155
179.551000,-0.014535,0.023067,0.025209,-0.161438,-0.058988,2.079269
179.571000,-0.013455,0.022647,0.027620,-0.161607,-0.060237,2.079390
179.571000,-0.013455,0.022647,0.027620,-0.161607,-0.060237,2.079390
179.611000,-0.010617,0.021839,0.031920,-0.161985,-0.062312,2.079586
179.611000,-0.010617,0.021839,0.031920,-0.161985,-0.062312,2.079586
179.632000,-0.008586,0.021034,0.033980,-0.162130,-0.063200,2.079686
179.671000,-0.003191,0.018871,0.037499,-0.162290,-0.064267,2.079937
179.671000,-0.003191,0.018871,0.037499,-0.162290,-0.064267,2.079937
179.711000,0.002801,0.018048,0.041037,-0.163177,-0.064949,2.080258
179.711000,0.002801,0.018048,0.041037,-0.163177,-0.064949,2.080258
179.751000,0.008009,0.014615,0.044110,-0.163371,-0.065788,2.080383
179.771000,0.010770,0.012326,0.045432,-0.163418,-0.066148,2.080365
179.771000,0.010770,0.012326,0.045432,-0.163418,-0.066148,2.080365
179.811000,0.015879,0.007599,0.048002,-0.163609,-0.066987,2.080303
179.831000,0.018495,0.005597,0.049148,-0.163856,-0.067428,2.080303
179.831000,0.018495,0.005597,0.049148,-0.163856,-0.067428,2.080303
179.871000,0.024995,0.002406,0.049135,-0.164613,-0.067896,2.080358
179.871000,0.024995,0.002406,0.049135,-0.164613,-0.067896,2.080358
179.911000,0.027960,-0.000381,0.051341,-0.165828,-0.069590,2.080375
179.911000,0.027960,-0.000381,0.051341,-0.165828,-0.069590,2.080375
179.951000,0.029946,-0.003206,0.052794,-0.167334,-0.071739,2.080257
179.971000,0.031186,-0.004320,0.053362,-0.168285,-0.072845,2.080160
179.971000,0.031186,-0.004320,0.053362,-0.168285,-0.072845,2.080160
180.011000,0.032461,-0.006621,0.053800,-0.170422,-0.075604,2.079913
180.011000,0.032461,-0.006621,0.053800,-0.170422,-0.075604,2.079913
180.031000,0.033372,-0.007725,0.053890,-0.171650,-0.077021,2.079710
180.071000,0.034119,-0.009747,0.053931,-0.174437,-0.080335,2.079174
180.091000,0.034015,-0.010533,0.053953,-0.176028,-0.082202,2.078901
180.111000,0.033692,-0.011277,0.053867,-0.177700,-0.084159,2.078598
180.111000,0.033692,-0.011277,0.053867,-0.177700,-0.084159,2.078598
180.131000,0.033441,-0.011748,0.053584,-0.179528,-0.086182,2.078257
180.171000,0.031506,-0.012060,0.052625,-0.183608,-0.090758,2.077469
180.191000,0.030757,-0.012140,0.052101,-0.185796,-0.093087,2.077040
180.211000,0.029689,-0.011776,0.051286,-0.188166,-0.095560,2.076638
180.231000,0.028819,-0.011017,0.050604,-0.190707,-0.098027,2.076203
180.251000,0.027935,-0.009839,0.049793,-0.193372,-0.100485,2.075794
180.271000,0.026467,-0.008149,0.048944,-0.196231,-0.103140,2.075326
180.271000,0.026467,-0.008149,0.048944,-0.196231,-0.103140,2.075326
180.311000,0.020708,-0.004461,0.046452,-0.201871,-0.109446,2.074411
180.331000,0.019031,-0.000818,0.045385,-0.205314,-0.112236,2.074008
180.351000,0.018184,0.004127,0.044412,-0.209218,-0.114741,2.073631
180.371000,0.016570,0.009677,0.043381,-0.213301,-0.117460,2.073261
180.371000,0.016570,0.009677,0.043381,-0.213301,-0.117460,2.073261
180.411000,0.010422,0.019140,0.040148,-0.220812,-0.123756,2.072416
180.431000,0.008347,0.022687,0.038379,-0.224216,-0.126590,2.072015
180.451000,0.006326,0.026080,0.036523,-0.227560,-0.129401,2.071626
180.471000,0.004612,0.029462,0.034774,-0.230857,-0.132126,2.071185
180.491000,0.002117,0.033248,0.034227,-0.234254,-0.135158,2.070744
180.511000,-0.000112,0.037536,0.033938,-0.237707,-0.138074,2.070320
180.531000,-0.001321,0.041568,0.032396,-0.240912,-0.140536,2.069910
180.531000,-0.001321,0.041568,0.032396,-0.240912,-0.140536,2.069910
180.571000,-0.005474,0.049128,0.029194,-0.246869,-0.145633,2.069115
180.591000,-0.008256,0.052777,0.027595,-0.249641,-0.148217,2.068746
180.611000,-0.010807,0.055926,0.025886,-0.252136,-0.150610,2.068452
180.611000,-0.010807,0.055926,0.025886,-0.252136,-0.150610,2.068452
180.631000,-0.012871,0.058957,0.024315,-0.254482,-0.152814,2.068186
180.671000,-0.016461,0.063006,0.021094,-0.258227,-0.156763,2.067746
180.671000,-0.016461,0.063006,0.021094,-0.258227,-0.156763,2.067746
180.711000,-0.018422,0.065498,0.017819,-0.260953,-0.159772,2.067254
180.731000,-0.019452,0.066465,0.016352,-0.261974,-0.161078,2.066979
180.751000,-0.020619,0.066953,0.014421,-0.262682,-0.162275,2.066705
180.771000,-0.021317,0.067355,0.012626,-0.263204,-0.163261,2.066503
180.771000,-0.021317,0.067355,0.012626,-0.263204,-0.163261,2.066503
180.811000,-0.022614,0.066122,0.009024,-0.262918,-0.165056,2.066083
180.811000,-0.022614,0.066122,0.009024,-0.262918,-0.165056,2.066083
180.831000,-0.022256,0.066078,0.007478,-0.262746,-0.165471,2.065931
180.871000,-0.019886,0.065933,0.004350,-0.261876,-0.165504,2.065467
180.871000,-0.019886,0.065933,0.004350,-0.261876,-0.165504,2.065467
180.911000,-0.017164,0.064335,0.001701,-0.259936,-0.165060,2.064891
180.931000,-0.014976,0.063370,0.000525,-0.258665,-0.164526,2.064729
180.931000,-0.014976,0.063370,0.000525,-0.258665,-0.164526,2.064729
180.971000,-0.010132,0.060090,-0.001701,-0.255330,-0.163092,2.064423
180.971000,-0.010132,0.060090,-0.001701,-0.255330,-0.163092,2.064423
181.011000,-0.003309,0.055485,-0.005929,-0.250967,-0.160547,2.064110
181.011000,-0.003309,0.055485,-0.005929,-0.250967,-0.160547,2.064110
181.031000,-0.001832,0.053020,-0.006144,-0.248609,-0.159851,2.063947
181.071000,0.000373,0.047606,-0.006223,-0.243403,-0.158401,2.063660
181.091000,0.001572,0.044692,-0.005877,-0.240564,-0.157583,2.063536
181.111000,0.002740,0.041969,-0.005682,-0.237641,-0.156719,2.063474
181.131000,0.002953,0.039255,-0.005435,-0.234616,-0.156029,2.063393
181.151000,0.002838,0.037021,-0.005064,-0.231665,-0.155398,2.063330
181.171000,0.003180,0.034877,-0.004690,-0.228634,-0.154572,2.063341
181.171000,0.003180,0.034877,-0.004690,-0.228634,-0.154572,2.063341
181.211000,0.002503,0.029690,-0.003362,-0.222207,-0.153132,2.063451
181.211000,0.002503,0.029690,-0.003362,-0.222207,-0.153132,2.063451
181.251000,0.001407,0.025089,-0.002119,-0.215669,-0.151516,2.063875
181.271000,0.000137,0.023317,-0.001627,-0.212449,-0.150790,2.064213
181.291000,-0.001586,0.021994,-0.001177,-0.209312,-0.150096,2.064664
181.311000,-0.003055,0.020720,-0.000601,-0.206143,-0.149280,2.065186
181.311000,-0.003055,0.020720,-0.000601,-0.206143,-0.149280,2.065186
181.351000,-0.005542,0.019069,0.000594,-0.199955,-0.147322,2.066343
181.371000,-0.006886,0.018839,0.001017,-0.196978,-0.146279,2.067021
181.371000,-0.006886,0.018839,0.001017,-0.196978,-0.146279,2.067021
181.411000,-0.008043,0.018699,0.002163,-0.191107,-0.143633,2.068496
181.411000,-0.008043,0.018699,0.002163,-0.191107,-0.143633,2.068496
181.451000,-0.009174,0.019064,0.003079,-0.185347,-0.140665,2.070112
181.471000,-0.009238,0.019255,0.003444,-0.182454,-0.138918,2.070935
181.471000,-0.009238,0.019255,0.003444,-0.182454,-0.138918,2.070935
181.511000,-0.009259,0.019189,0.004289,-0.176506,-0.135096,2.072645
181.531000,-0.009770,0.019534,0.004674,-0.173650,-0.133190,2.073470
181.551000,-0.010224,0.019590,0.004969,-0.170717,-0.131169,2.074298
181.571000,-0.009980,0.019647,0.005270,-0.167763,-0.128916,2.075141
181.571000,-0.009980,0.019647,0.005270,-0.167763,-0.128916,2.075141
181.611000,-0.008675,0.019933,0.005462,-0.162009,-0.124036,2.076813
181.611000,-0.008675,0.019933,0.005462,-0.162009,-0.124036,2.076813
181.631000,-0.007364,0.019630,0.005537,-0.159069,-0.121342,2.077619
181.671000,-0.004427,0.017426,0.005912,-0.152843,-0.115682,2.079164
181.691000,-0.002661,0.016372,0.006185,-0.149787,-0.112638,2.079910
181.711000,-0.001880,0.015048,0.006316,-0.146647,-0.109830,2.080644
181.711000,-0.001880,0.015048,0.006316,-0.146647,-0.109830,2.080644
181.731000,-0.000544,0.014137,0.006630,-0.143644,-0.106806,2.081400
181.771000,0.001909,0.011908,0.007117,-0.137549,-0.100697,2.082842
181.791000,0.003752,0.011291,0.007477,-0.134666,-0.097421,2.083536
181.811000,0.005277,0.010720,0.007651,-0.131814,-0.094213,2.084227
181.811000,0.005277,0.010720,0.007651,-0.131814,-0.094213,2.084227
181.851000,0.008512,0.009756,0.007875,-0.126298,-0.087674,2.085569
181.871000,0.009662,0.008724,0.007958,-0.123456,-0.084491,2.086199
181.891000,0.010820,0.007807,0.008226,-0.120703,-0.081251,2.086815
181.911000,0.011710,0.006919,0.008185,-0.117987,-0.078065,2.087378
181.931000,0.012569,0.006016,0.008368,-0.115305,-0.074895,2.087914
181.951000,0.013822,0.005511,0.008471,-0.112768,-0.071609,2.088430
181.971000,0.014727,0.005444,0.008519,-0.110360,-0.068445,2.088973
181.971000,0.014727,0.005444,0.008519,-0.110360,-0.068445,2.088973
182.011000,0.017252,0.006218,0.008709,-0.105899,-0.061970,2.090065
182.011000,0.017252,0.006218,0.008709,-0.105899,-0.061970,2.090065
182.051000,0.019702,0.007336,0.008846,-0.101711,-0.055583,2.091044
182.071000,0.020715,0.007771,0.008957,-0.099656,-0.052495,2.091483
182.071000,0.020715,0.007771,0.008957,-0.099656,-0.052495,2.091483
182.111000,0.022221,0.009463,0.010232,-0.096077,-0.046456,2.092195
182.131000,0.022833,0.009998,0.010450,-0.094176,-0.043572,2.092506
182.131000,0.022833,0.009998,0.010450,-0.094176,-0.043572,2.092506
182.171000,0.023940,0.011281,0.010818,-0.090508,-0.037930,2.092967
182.191000,0.024481,0.011991,0.011034,-0.088747,-0.035200,2.093152
182.211000,0.024895,0.012747,0.011212,-0.087031,-0.032541,2.093305
182.231000,0.025084,0.013428,0.011561,-0.085323,-0.029973,2.093419
182.231000,0.025084,0.013428,0.011561,-0.085323,-0.029973,2.093419
182.271000,0.023262,0.015281,0.013129,-0.082202,-0.025568,2.093601
182.271000,0.023262,0.015281,0.013129,-0.082202,-0.025568,2.093601
182.311000,0.020218,0.016788,0.015159,-0.079103,-0.021652,2.093648
182.331000,0.019249,0.017344,0.015417,-0.077509,-0.019595,2.093651
182.351000,0.018316,0.018028,0.015725,-0.075974,-0.017560,2.093697
182.371000,0.017363,0.018357,0.015933,-0.074361,-0.015600,2.093747
182.391000,0.016425,0.018500,0.016295,-0.072724,-0.013672,2.093771
182.411000,0.015742,0.018282,0.016666,-0.071024,-0.011739,2.093828
182.431000,0.015260,0.018064,0.017201,-0.069334,-0.009786,2.093864
182.431000,0.015260,0.018064,0.017201,-0.069334,-0.009786,2.093864
182.471000,0.013818,0.017702,0.018060,-0.066041,-0.006114,2.093958
182.471000,0.013818,0.017702,0.018060,-0.066041,-0.006114,2.093958
182.511000,0.013341,0.016442,0.018844,-0.062607,-0.002346,2.094094
182.531000,0.013371,0.015660,0.019228,-0.060910,-0.000431,2.094125
182.531000,0.013371,0.015660,0.019228,-0.060910,-0.000431,2.094125
182.571000,0.013980,0.013687,0.020092,-0.057445,0.003500,2.094120
182.571000,0.013980,0.013687,0.020092,-0.057445,0.003500,2.094120
182.611000,0.014093,0.011887,0.020818,-0.054094,0.007267,2.094015
182.611000,0.014093,0.011887,0.020818,-0.054094,0.007267,2.094015
182.633000,0.014418,0.011747,0.021249,-0.052505,0.009365,2.093903
182.671000,0.015265,0.011536,0.021936,-0.049777,0.012954,2.093713
182.691000,0.015898,0.012298,0.022378,-0.048594,0.014888,2.093629
182.711000,0.015607,0.013008,0.022854,-0.047421,0.016552,2.093522
182.711000,0.015607,0.013008,0.022854,-0.047421,0.016552,2.093522
182.731000,0.015797,0.013685,0.023476,-0.046258,0.018326,2.093437
182.771000,0.015870,0.015254,0.024428,-0.044064,0.021771,2.093242
182.771000,0.015870,0.015254,0.024428,-0.044064,0.021771,2.093242
182.811000,0.015211,0.017277,0.025296,-0.042082,0.024988,2.093029
182.811000,0.015211,0.017277,0.025296,-0.042082,0.024988,2.093029
182.851000,0.014911,0.018218,0.025813,-0.039907,0.028214,2.092648
182.871000,0.015222,0.018353,0.026127,-0.038810,0.029913,2.092433
182.871000,0.015222,0.018353,0.026127,-0.038810,0.029913,2.092433
182.911000,0.016202,0.018185,0.026834,-0.036550,0.033257,2.092001
182.931000,0.016316,0.017595,0.027255,-0.035333,0.034815,2.091729
182.951000,0.016552,0.016978,0.027917,-0.034164,0.036400,2.091413
182.971000,0.016105,0.015639,0.028194,-0.032834,0.037791,2.091071
182.971000,0.016105,0.015639,0.028194,-0.032834,0.037791,2.091071
183.011000,0.015710,0.012134,0.029303,-0.030135,0.040664,2.090318
183.031000,0.015346,0.009770,0.029730,-0.028703,0.042043,2.089924
183.051000,0.014612,0.007039,0.029960,-0.027234,0.043287,2.089504
183.051000,0.014612,0.007039,0.029960,-0.027234,0.043287,2.089504
183.071000,0.014328,0.004249,0.030292,-0.025807,0.044621,2.089118
183.111000,0.013856,-0.002410,0.030717,-0.022723,0.047172,2.088367
183.131000,0.012829,-0.005655,0.030668,-0.021218,0.048139,2.087974
183.131000,0.012829,-0.005655,0.030668,-0.021218,0.048139,2.087974
183.171000,0.012703,-0.009680,0.030786,-0.019265,0.050703,2.087269
183.171000,0.012703,-0.009680,0.030786,-0.019265,0.050703,2.087269
183.211000,0.011837,-0.012412,0.029963,-0.017993,0.053019,2.086522
183.231000,0.011907,-0.013738,0.029588,-0.017499,0.054299,2.086138
183.251000,0.012186,-0.014834,0.029167,-0.017182,0.055629,2.085699
183.271000,0.011654,-0.015768,0.028554,-0.016986,0.056754,2.085255
183.291000,0.010978,-0.016252,0.027950,-0.017017,0.057833,2.084750
183.311000,0.010839,-0.016244,0.027222,-0.017285,0.059083,2.084251
183.331000,0.010441,-0.016155,0.026332,-0.017675,0.060252,2.083711
183.331000,0.010441,-0.016155,0.026332,-0.017675,0.060252,2.083711
183.371000,0.010021,-0.015801,0.024320,-0.018823,0.062684,2.082683
183.371000,0.010021,-0.015801,0.024320,-0.018823,0.062684,2.082683
183.411000,0.009142,-0.014548,0.022155,-0.020648,0.064968,2.081738
183.431000,0.009136,-0.013488,0.020975,-0.021791,0.066251,2.081317
183.451000,0.009021,-0.012117,0.019940,-0.023150,0.067494,2.080878
183.471000,0.008088,-0.010815,0.018740,-0.024570,0.068498,2.080450
183.491000,0.007641,-0.009412,0.017713,-0.026088,0.069619,2.080065
183.511000,0.008067,-0.007491,0.016546,-0.027817,0.070952,2.079766
183.531000,0.008970,-0.005227,0.015525,-0.029708,0.072369,2.079511
183.531000,0.008970,-0.005227,0.015525,-0.029708,0.072369,2.079511
183.571000,0.010755,0.000421,0.013174,-0.034004,0.075149,2.079053
183.571000,0.010755,0.000421,0.013174,-0.034004,0.075149,2.079053
183.611000,0.012271,0.004949,0.010874,-0.038261,0.077889,2.078749
183.611000,0.012271,0.004949,0.010874,-0.038261,0.077889,2.078749
183.632000,0.012242,0.007266,0.009628,-0.040549,0.079115,2.078649
183.671000,0.012347,0.011332,0.007590,-0.044813,0.081440,2.078575
183.691000,0.012599,0.013079,0.006624,-0.046950,0.082668,2.078578
183.711000,0.012871,0.014724,0.005527,-0.049083,0.083921,2.078634
183.711000,0.012871,0.014724,0.005527,-0.049083,0.083921,2.078634
183.731000,0.012916,0.015919,0.004382,-0.051069,0.085074,2.078693
183.771000,0.013474,0.018077,0.002490,-0.055066,0.087472,2.078874
183.791000,0.013756,0.018942,0.001641,-0.056998,0.088645,2.078970
183.811000,0.014391,0.020007,0.000837,-0.058964,0.089903,2.079074
183.831000,0.014844,0.020682,-0.000030,-0.060793,0.091108,2.079149
183.831000,0.014844,0.020682,-0.000030,-0.060793,0.091108,2.079149
183.871000,0.015738,0.022756,-0.001459,-0.064553,0.093448,2.079268
183.891000,0.016081,0.023858,-0.002294,-0.066395,0.094555,2.079329
183.911000,0.017160,0.024840,-0.002931,-0.068181,0.095806,2.079418
183.931000,0.018188,0.025563,-0.003486,-0.069816,0.097011,2.079492
183.951000,0.019050,0.026450,-0.004086,-0.071473,0.098115,2.079592
183.971000,0.020115,0.027717,-0.004750,-0.073170,0.099245,2.079682
183.971000,0.020115,0.027717,-0.004750,-0.073170,0.099245,2.079682
184.011000,0.023005,0.030715,-0.005733,-0.076427,0.101614,2.079798
184.031000,0.023750,0.032680,-0.006170,-0.078084,0.102551,2.079805
184.031000,0.023750,0.032680,-0.006170,-0.078084,0.102551,2.079805
184.071000,0.025343,0.036474,-0.006511,-0.081202,0.104279,2.079713
184.071000,0.025343,0.036474,-0.006511,-0.081202,0.104279,2.079713
184.111000,0.026681,0.039085,-0.006861,-0.083725,0.105759,2.079606
184.131000,0.027254,0.040398,-0.006880,-0.084867,0.106367,2.079596
184.151000,0.027342,0.041443,-0.007143,-0.085847,0.106772,2.079586
184.171000,0.028080,0.042387,-0.007302,-0.086729,0.107275,2.079616
184.191000,0.028546,0.042731,-0.007351,-0.087364,0.107615,2.079625
184.211000,0.029217,0.042906,-0.007483,-0.087885,0.107948,2.079683
184.231000,0.029550,0.042884,-0.007403,-0.088239,0.108110,2.079748
184.231000,0.029550,0.042884,-0.007403,-0.088239,0.108110,2.079748
184.271000,0.029728,0.043086,-0.007173,-0.088719,0.108018,2.080040
184.271000,0.029728,0.043086,-0.007173,-0.088719,0.108018,2.080040
184.311000,0.030053,0.044050,-0.007099,-0.088981,0.107620,2.080499
184.331000,0.030740,0.044645,-0.007147,-0.088970,0.107429,2.080771
184.331000,0.030740,0.044645,-0.007147,-0.088970,0.107429,2.080771
184.371000,0.031399,0.045556,-0.006795,-0.088701,0.106639,2.081274
184.391000,0.032117,0.045399,-0.006568,-0.088271,0.106184,2.081527
184.411000,0.032885,0.045353,-0.006455,-0.087800,0.105689,2.081754
184.411000,0.032885,0.045353,-0.006455,-0.087800,0.105689,2.081754
184.451000,0.033401,0.044803,-0.006011,-0.086467,0.104204,2.082033
184.471000,0.033831,0.044378,-0.005901,-0.085618,0.103404,2.082109
184.471000,0.033831,0.044378,-0.005901,-0.085618,0.103404,2.082109
184.511000,0.033900,0.043010,-0.005519,-0.083631,0.101360,2.082138
184.511000,0.033900,0.043010,-0.005519,-0.083631,0.101360,2.082138
184.551000,0.032820,0.040274,-0.004751,-0.081049,0.098743,2.082077
184.571000,0.031885,0.038518,-0.004365,-0.079601,0.097234,2.082012
184.571000,0.031885,0.038518,-0.004365,-0.079601,0.097234,2.082012
184.611000,0.029671,0.034130,-0.003920,-0.076386,0.093990,2.081662
184.611000,0.029671,0.034130,-0.003920,-0.076386,0.093990,2.081662
184.651000,0.027181,0.028245,-0.003329,-0.072698,0.090489,2.081078
184.671000,0.025368,0.024641,-0.003003,-0.070672,0.088548,2.080689
184.671000,0.025368,0.024641,-0.003003,-0.070672,0.088548,2.080689
184.711000,0.021903,0.017231,-0.002240,-0.066609,0.084687,2.079756
184.711000,0.021903,0.017231,-0.002240,-0.066609,0.084687,2.079756
184.751000,0.017549,0.010151,-0.001545,-0.062656,0.080548,2.078789
184.771000,0.015469,0.007179,-0.001245,-0.060861,0.078473,2.078349
184.771000,0.015469,0.007179,-0.001245,-0.060861,0.078473,2.078349
184.811000,0.011784,0.001204,-0.000504,-0.057399,0.074407,2.077425
184.831000,0.010595,-0.001694,-0.000200,-0.055760,0.072580,2.076980
184.851000,0.008499,-0.004459,0.000240,-0.054216,0.070525,2.076534
184.871000,0.005999,-0.006625,0.000677,-0.052899,0.068415,2.076118
184.891000,0.003295,-0.008498,0.001185,-0.051737,0.066246,2.075750
184.911000,0.001236,-0.009850,0.001772,-0.050780,0.064291,2.075441
184.931000,-0.000094,-0.010763,0.001990,-0.050023,0.062556,2.075168
184.931000,-0.000094,-0.010763,0.001990,-0.050023,0.062556,2.075168
184.971000,-0.002637,-0.011170,0.002773,-0.049127,0.059213,2.074712
184.971000,-0.002637,-0.011170,0.002773,-0.049127,0.059213,2.074712
185.011000,-0.003921,-0.011130,0.003691,-0.048787,0.056395,2.074371
185.031000,-0.005062,-0.011019,0.004059,-0.048841,0.054930,2.074240
185.051000,-0.005524,-0.011251,0.004275,-0.048921,0.053738,2.074113
185.071000,-0.005861,-0.012027,0.004849,-0.048955,0.052656,2.074015
185.091000,-0.006704,-0.012351,0.005272,-0.049245,0.051527,2.073880
185.111000,-0.006680,-0.012296,0.005456,-0.049756,0.050741,2.073811
185.131000,-0.007162,-0.012699,0.005575,-0.050243,0.049862,2.073685
185.131000,-0.007162,-0.012699,0.005575,-0.050243,0.049862,2.073685
185.171000,-0.007260,-0.013290,0.006233,-0.051610,0.048573,2.073407
185.191000,-0.007357,-0.012821,0.006571,-0.052675,0.048034,2.073272
185.211000,-0.007181,-0.012255,0.006723,-0.053879,0.047651,2.073188
185.231000,-0.006773,-0.011773,0.006672,-0.055159,0.047401,2.073159
185.231000,-0.006773,-0.011773,0.006672,-0.055159,0.047401,2.073159
185.271000,-0.005034,-0.011317,0.006468,-0.057924,0.047351,2.073116
185.271000,-0.005034,-0.011317,0.006468,-0.057924,0.047351,2.073116
185.311000,-0.001809,-0.010717,0.006221,-0.061158,0.047955,2.073187
185.331000,-0.000229,-0.010562,0.005900,-0.062870,0.048375,2.073253
185.331000,-0.000229,-0.010562,0.005900,-0.062870,0.048375,2.073253
185.371000,0.002314,-0.009577,0.005257,-0.066712,0.049216,2.073452
185.371000,0.002314,-0.009577,0.005257,-0.066712,0.049216,2.073452
185.411000,0.004265,-0.006970,0.004334,-0.071184,0.050089,2.073785
185.431000,0.005212,-0.005141,0.003877,-0.073621,0.050549,2.074022
185.431000,0.005212,-0.005141,0.003877,-0.073621,0.050549,2.074022
185.471000,0.007998,-0.000200,0.003010,-0.079011,0.051792,2.074569
185.491000,0.009387,0.002839,0.002643,-0.081927,0.052426,2.074892
185.511000,0.010518,0.006209,0.002135,-0.084967,0.052975,2.075264
185.531000,0.011517,0.009237,0.001711,-0.087950,0.053519,2.075686
185.551000,0.012306,0.011792,0.001234,-0.090816,0.053982,2.076067
185.571000,0.013499,0.014340,0.000607,-0.093689,0.054574,2.076419
185.571000,0.013499,0.014340,0.000607,-0.093689,0.054574,2.076419
185.611000,0.015895,0.019370,-0.000379,-0.099425,0.055606,2.077157
185.631000,0.018032,0.021247,-0.000851,-0.102119,0.056364,2.077541
185.631000,0.018032,0.021247,-0.000851,-0.102119,0.056364,2.077541
185.671000,0.020579,0.024413,-0.001673,-0.107301,0.057308,2.078325
185.671000,0.020579,0.024413,-0.001673,-0.107301,0.057308,2.078325
185.711000,0.022824,0.027547,-0.002555,-0.112385,0.058080,2.079244
185.731000,0.023850,0.028891,-0.002889,-0.114811,0.058432,2.079739
185.731000,0.023850,0.028891,-0.002889,-0.114811,0.058432,2.079739
185.771000,0.025182,0.030891,-0.003975,-0.119363,0.058744,2.080594
185.791000,0.026440,0.031380,-0.004605,-0.121386,0.058957,2.081043
185.811000,0.027411,0.032165,-0.005119,-0.123463,0.059063,2.081471
185.831000,0.028120,0.032734,-0.005582,-0.125416,0.059047,2.081869
185.851000,0.028778,0.032923,-0.006018,-0.127201,0.058981,2.082224
185.871000,0.029063,0.032987,-0.006438,-0.128925,0.058767,2.082546
185.871000,0.029063,0.032987,-0.006438,-0.128925,0.058767,2.082546
185.911000,0.029786,0.032034,-0.007387,-0.131870,0.058229,2.083166
185.931000,0.029981,0.031112,-0.007799,-0.133133,0.057835,2.083419
185.951000,0.030174,0.030057,-0.008532,-0.134277,0.057384,2.083642
185.971000,0.030085,0.029133,-0.009098,-0.135400,0.056770,2.083756
185.971000,0.030085,0.029133,-0.009098,-0.135400,0.056770,2.083756
186.011000,0.030721,0.027492,-0.010695,-0.137477,0.055528,2.083989
186.011000,0.030721,0.027492,-0.010695,-0.137477,0.055528,2.083989
186.051000,0.032127,0.026084,-0.011852,-0.139356,0.054154,2.084173
186.071000,0.032006,0.025290,-0.012529,-0.140213,0.053116,2.084196
186.071000,0.032006,0.025290,-0.012529,-0.140213,0.053116,2.084196
186.111000,0.036459,0.022962,-0.016253,-0.141408,0.052225,2.084317
186.131000,0.036897,0.021992,-0.016605,-0.142102,0.051036,2.084287
186.151000,0.037377,0.020999,-0.017037,-0.142727,0.049791,2.084250
186.171000,0.037960,0.020240,-0.017431,-0.143379,0.048474,2.084198
186.171000,0.037960,0.020240,-0.017431,-0.143379,0.048474,2.084198
186.211000,0.038363,0.019021,-0.017970,-0.144652,0.045413,2.084005
186.231000,0.038288,0.018303,-0.018083,-0.145239,0.043698,2.083881
186.251000,0.038299,0.017524,-0.018078,-0.145781,0.041925,2.083778
186.271000,0.038202,0.016798,-0.017948,-0.146285,0.040040,2.083681
186.271000,0.038202,0.016798,-0.017948,-0.146285,0.040040,2.083681
186.311000,0.036942,0.016488,-0.017864,-0.147497,0.035792,2.083469
186.331000,0.035663,0.017098,-0.017800,-0.148246,0.033372,2.083356
186.351000,0.034751,0.017900,-0.017770,-0.149002,0.031030,2.083305
186.371000,0.033063,0.018837,-0.017483,-0.149752,0.028438,2.083226
186.391000,0.030935,0.019705,-0.017056,-0.150468,0.025699,2.083138
186.391000,0.030935,0.019705,-0.017056,-0.150468,0.025699,2.083138
186.411000,0.028516,0.020997,-0.016668,-0.151275,0.022861,2.083032
186.433000,0.025313,0.022527,-0.015976,-0.152180,0.019531,2.082875
186.471000,0.019038,0.023741,-0.012845,-0.153417,0.013352,2.082444
186.491000,0.015153,0.023840,-0.009941,-0.153948,0.009875,2.082094
186.511000,0.012242,0.023914,-0.008668,-0.154362,0.006791,2.081777
186.531000,0.008816,0.023862,-0.007325,-0.154717,0.003618,2.081379
186.551000,0.005668,0.023830,-0.005902,-0.155047,0.000552,2.080954
186.571000,0.002467,0.023326,-0.004346,-0.155232,-0.002506,2.080451
186.591000,-0.000819,0.022359,-0.002829,-0.155287,-0.005551,2.079903
186.611000,-0.003527,0.021262,-0.001161,-0.155305,-0.008413,2.079373
186.631000,-0.005606,0.019743,0.000431,-0.155193,-0.011086,2.078815
186.651000,-0.007368,0.017991,0.001992,-0.155008,-0.013593,2.078217
186.671000,-0.009430,0.015732,0.003708,-0.154689,-0.016107,2.077558
186.691000,-0.011457,0.013224,0.005484,-0.154299,-0.018505,2.076813
186.711000,-0.013615,0.010585,0.006994,-0.153870,-0.020812,2.076043
186.731000,-0.015626,0.008068,0.008792,-0.153468,-0.022990,2.075236
186.731000,-0.015626,0.008068,0.008792,-0.153468,-0.022990,2.075236
186.771000,-0.018733,0.003615,0.011901,-0.152768,-0.026774,2.073521
186.771000,-0.018733,0.003615,0.011901,-0.152768,-0.026774,2.073521
186.811000,-0.020880,-0.000458,0.014666,-0.152158,-0.029931,2.071615
186.831000,-0.020978,-0.001795,0.016061,-0.152085,-0.031120,2.070646
186.831000,-0.020978,-0.001795,0.016061,-0.152085,-0.031120,2.070646
186.871000,-0.019414,-0.003968,0.018891,-0.152186,-0.032733,2.068893
186.871000,-0.019414,-0.003968,0.018891,-0.152186,-0.032733,2.068893
186.911000,-0.018353,-0.006380,0.021044,-0.152435,-0.034085,2.067253
186.931000,-0.016815,-0.008417,0.022328,-0.152455,-0.034322,2.066497
186.951000,-0.015628,-0.010727,0.023310,-0.152480,-0.034569,2.065804
186.971000,-0.014266,-0.012937,0.024681,-0.152606,-0.034675,2.065178
186.971000,-0.014266,-0.012937,0.024681,-0.152606,-0.034675,2.065178
186.994000,-0.010043,-0.015311,0.023697,-0.152799,-0.033817,2.064585
187.011000,-0.007921,-0.017040,0.024256,-0.153047,-0.033459,2.064135
187.051000,-0.004277,-0.020159,0.026807,-0.154131,-0.032765,2.063107
187.071000,-0.002382,-0.021456,0.027963,-0.154872,-0.032212,2.062638
187.091000,-0.001195,-0.022592,0.028876,-0.155730,-0.031777,2.062212
187.111000,-0.000594,-0.023389,0.029762,-0.156786,-0.031396,2.061799
187.111000,-0.000594,-0.023389,0.029762,-0.156786,-0.031396,2.061799
187.131000,-0.000380,-0.024115,0.030405,-0.157920,-0.031054,2.061436
187.171000,0.000827,-0.025508,0.031826,-0.160400,-0.029897,2.060645
187.171000,0.000827,-0.025508,0.031826,-0.160400,-0.029897,2.060645
187.211000,0.001775,-0.025328,0.033141,-0.163574,-0.028499,2.059894
187.231000,0.001917,-0.023402,0.033468,-0.165737,-0.027777,2.059545
187.231000,0.001917,-0.023402,0.033468,-0.165737,-0.027777,2.059545
187.271000,0.001925,-0.018232,0.034138,-0.170545,-0.026282,2.058998
187.271000,0.001925,-0.018232,0.034138,-0.170545,-0.026282,2.058998
187.311000,0.003022,-0.012304,0.034759,-0.175783,-0.024363,2.058652
187.311000,0.003022,-0.012304,0.034759,-0.175783,-0.024363,2.058652
187.331000,0.003757,-0.009224,0.035032,-0.178526,-0.023323,2.058565
187.371000,0.005805,-0.003029,0.035554,-0.184159,-0.021011,2.058722
187.371000,0.005805,-0.003029,0.035554,-0.184159,-0.021011,2.058722
187.411000,0.007558,0.002935,0.035697,-0.189783,-0.018692,2.059203
187.431000,0.008903,0.005835,0.035733,-0.192595,-0.017423,2.059488
187.451000,0.011205,0.008698,0.035714,-0.195381,-0.015867,2.059813
187.471000,0.013074,0.011683,0.035752,-0.198186,-0.014418,2.060173
187.471000,0.013074,0.011683,0.035752,-0.198186,-0.014418,2.060173
187.511000,0.014814,0.017181,0.035666,-0.203510,-0.011945,2.061165
187.531000,0.015817,0.019537,0.035522,-0.205992,-0.010636,2.061717
187.551000,0.016639,0.022083,0.035471,-0.208446,-0.009379,2.062306
187.571000,0.016939,0.024908,0.035435,-0.210926,-0.008263,2.062912
187.571000,0.016939,0.024908,0.035435,-0.210926,-0.008263,2.062912
187.611000,0.014970,0.030495,0.038634,-0.215895,-0.006852,2.064090
187.631000,0.015767,0.032140,0.038313,-0.217830,-0.005606,2.064748
187.651000,0.016419,0.033345,0.038031,-0.219592,-0.004411,2.065450
187.671000,0.017062,0.033682,0.037877,-0.221045,-0.003193,2.066116
187.671000,0.017062,0.033682,0.037877,-0.221045,-0.003193,2.066116
187.711000,0.018174,0.033250,0.037670,-0.223315,-0.000697,2.067465
187.731000,0.018319,0.032930,0.037797,-0.224240,0.000443,2.068170
187.751000,0.018019,0.032632,0.037906,-0.225019,0.001474,2.068852
187.771000,0.017467,0.032742,0.037896,-0.225796,0.002419,2.069537
187.771000,0.017467,0.032742,0.037896,-0.225796,0.002419,2.069537
187.811000,0.017053,0.033299,0.038477,-0.227158,0.004411,2.070882
187.832000,0.017670,0.033485,0.038922,-0.227657,0.005690,2.071657
187.851000,0.017418,0.033923,0.039341,-0.228070,0.006624,2.072372
187.871000,0.016251,0.034828,0.039856,-0.228508,0.007321,2.073145
187.871000,0.016251,0.034828,0.039856,-0.228508,0.007321,2.073145
187.911000,0.015553,0.035129,0.040852,-0.228714,0.009141,2.074592
187.931000,0.015240,0.034120,0.041314,-0.228361,0.010046,2.075303
187.951000,0.015141,0.032961,0.041864,-0.227870,0.010988,2.076008
187.971000,0.016215,0.031885,0.042355,-0.227308,0.012206,2.076754
187.971000,0.016215,0.031885,0.042355,-0.227308,0.012206,2.076754
188.011000,0.018055,0.029314,0.043686,-0.225801,0.014381,2.078204
188.031000,0.019104,0.027922,0.044315,-0.224877,0.015471,2.078856
188.031000,0.019104,0.027922,0.044315,-0.224877,0.015471,2.078856
188.071000,0.021020,0.026506,0.045610,-0.223140,0.017514,2.080095
188.091000,0.022018,0.025722,0.046287,-0.222125,0.018462,2.080729
188.111000,0.023186,0.024965,0.047026,-0.221002,0.019421,2.081357
188.131000,0.024276,0.024330,0.047897,-0.219802,0.020328,2.081908
188.151000,0.025050,0.023971,0.048853,-0.218579,0.021095,2.082526
188.171000,0.025504,0.024176,0.049682,-0.217440,0.021693,2.083175
188.191000,0.026333,0.024499,0.050591,-0.216247,0.022378,2.083878
188.211000,0.027205,0.025019,0.051440,-0.215003,0.023022,2.084594
188.231000,0.027972,0.025984,0.052438,-0.213797,0.023604,2.085337
188.251000,0.028260,0.027233,0.053462,-0.212541,0.024046,2.086097
188.271000,0.027934,0.029022,0.054236,-0.211324,0.024277,2.086836
188.271000,0.027934,0.029022,0.054236,-0.211324,0.024277,2.086836
188.311000,0.026153,0.033944,0.056214,-0.208850,0.024268,2.088420
188.331000,0.026117,0.037101,0.057236,-0.207615,0.024460,2.089218
188.351000,0.025843,0.040681,0.058428,-0.206350,0.024551,2.089979
188.371000,0.025260,0.044762,0.059599,-0.205090,0.024523,2.090729
188.371000,0.025260,0.044762,0.059599,-0.205090,0.024523,2.090729
188.411000,0.022678,0.053949,0.061980,-0.202443,0.024105,2.092127
188.431000,0.020251,0.058086,0.063228,-0.200745,0.023660,2.092760
188.451000,0.017566,0.061790,0.064385,-0.198803,0.023144,2.093377
188.471000,0.015380,0.065386,0.065457,-0.196663,0.022748,2.094030
188.491000,0.013649,0.068394,0.066716,-0.194217,0.022453,2.094598
188.511000,0.012434,0.070595,0.067697,-0.191378,0.022345,2.095125
188.531000,0.010606,0.072517,0.068789,-0.188296,0.022104,2.095578
188.551000,0.008749,0.074270,0.069534,-0.184986,0.021871,2.096010
188.571000,0.006941,0.074975,0.070563,-0.181252,0.021703,2.096332
188.571000,0.006941,0.074975,0.070563,-0.181252,0.021703,2.096332
188.611000,0.003086,0.073676,0.072380,-0.172606,0.021470,2.096742
188.632000,0.000560,0.071602,0.073305,-0.167430,0.021379,2.096824
188.632000,0.000560,0.071602,0.073305,-0.167430,0.021379,2.096824
188.671000,-0.003583,0.067070,0.074774,-0.157132,0.021599,2.096856
188.671000,-0.003583,0.067070,0.074774,-0.157132,0.021599,2.096856
188.711000,-0.007852,0.061760,0.076164,-0.145738,0.022125,2.096735
188.731000,-0.009667,0.058327,0.076851,-0.139606,0.022619,2.096629
188.731000,-0.009667,0.058327,0.076851,-0.139606,0.022619,2.096629
188.771000,-0.012621,0.051138,0.077905,-0.126874,0.024034,2.096482
188.771000,-0.012621,0.051138,0.077905,-0.126874,0.024034,2.096482
188.811000,-0.014420,0.041900,0.078332,-0.113266,0.026196,2.096134
188.831000,-0.014956,0.037125,0.078454,-0.106332,0.027516,2.095943
188.851000,-0.014954,0.032334,0.078415,-0.099346,0.029070,2.095770
188.871000,-0.014619,0.026767,0.078231,-0.092119,0.030838,2.095622
188.871000,-0.014619,0.026767,0.078231,-0.092119,0.030838,2.095622
188.911000,-0.013943,0.015951,0.077526,-0.077741,0.034732,2.095301
188.931000,-0.013051,0.010510,0.076970,-0.070548,0.036994,2.095074
188.931000,-0.013051,0.010510,0.076970,-0.070548,0.036994,2.095074
188.971000,-0.009697,0.000532,0.075643,-0.056471,0.042132,2.094571
188.971000,-0.009697,0.000532,0.075643,-0.056471,0.042132,2.094571
189.011000,-0.005733,-0.007547,0.073508,-0.043132,0.047693,2.093960
189.032000,-0.002778,-0.011453,0.072261,-0.036297,0.050993,2.093628
189.051000,-0.000070,-0.014898,0.071072,-0.030167,0.054066,2.093291
189.071000,0.002157,-0.017610,0.069261,-0.023893,0.057186,2.092987
189.071000,0.002157,-0.017610,0.069261,-0.023893,0.057186,2.092987
189.111000,0.007155,-0.012827,0.066278,-0.014148,0.063492,2.092123
189.131000,0.009716,-0.008686,0.064281,-0.009843,0.066695,2.091650
189.151000,0.011630,-0.004441,0.062279,-0.005650,0.069756,2.091169
189.171000,0.013509,-0.001021,0.059883,-0.001319,0.072841,2.090720
189.191000,0.016717,0.001178,0.057714,0.003216,0.076310,2.090294
189.211000,0.019848,0.003020,0.055457,0.007751,0.079759,2.089881
189.231000,0.022628,0.005460,0.052861,0.012027,0.083097,2.089493
189.251000,0.024921,0.007017,0.050394,0.016473,0.086326,2.089087
189.271000,0.027477,0.008092,0.047920,0.020960,0.089614,2.088732
189.271000,0.027477,0.008092,0.047920,0.020960,0.089614,2.088732
189.311000,0.032504,0.009873,0.042637,0.029827,0.096038,2.088253
189.331000,0.035372,0.010646,0.040242,0.034193,0.099243,2.088071
189.351000,0.037805,0.010836,0.037706,0.038718,0.102316,2.087934
189.371000,0.040342,0.011632,0.035126,0.043039,0.105335,2.087764
189.391000,0.042493,0.011979,0.032517,0.047444,0.108151,2.087627
189.411000,0.045111,0.012273,0.030159,0.051832,0.110958,2.087506
189.431000,0.048276,0.012638,0.027949,0.056187,0.113833,2.087393
189.451000,0.051001,0.013289,0.025741,0.060477,0.116434,2.087297
189.471000,0.054015,0.014621,0.023550,0.064527,0.118950,2.087229
189.491000,0.057454,0.015913,0.021385,0.068540,0.121395,2.087235
189.511000,0.060957,0.016209,0.019236,0.072786,0.123702,2.087214
189.531000,0.064624,0.015824,0.017190,0.077206,0.125915,2.087172
189.551000,0.068300,0.015636,0.015288,0.081555,0.127977,2.087135
189.571000,0.071393,0.016092,0.013624,0.085699,0.129643,2.087153
189.571000,0.071393,0.016092,0.013624,0.085699,0.129643,2.087153
189.611000,0.076970,0.017894,0.010146,0.093667,0.132250,2.087219
189.631000,0.080201,0.018146,0.008457,0.097805,0.133298,2.087272
189.651000,0.084950,0.018441,0.006851,0.101929,0.134447,2.087369
189.671000,0.090036,0.019368,0.005431,0.105868,0.135398,2.087456
189.691000,0.094311,0.020136,0.003976,0.109820,0.135874,2.087513
189.711000,0.098253,0.020770,0.002765,0.113777,0.135968,2.087533
189.731000,0.102158,0.021237,0.001732,0.117774,0.135826,2.087519
189.751000,0.104810,0.021566,0.000594,0.121821,0.135036,2.087467
189.771000,0.108064,0.022411,-0.000043,0.125737,0.134077,2.087414
189.791000,0.111814,0.023807,-0.000516,0.129514,0.132912,2.087330
189.811000,0.114189,0.025386,-0.000934,0.133207,0.131041,2.087176
189.831000,0.115840,0.025878,-0.001620,0.137173,0.128679,2.086995
189.851000,0.118277,0.025692,-0.001927,0.141297,0.126177,2.086851
189.871000,0.119666,0.024774,-0.002071,0.145634,0.123084,2.086618
189.891000,0.119888,0.024477,-0.002053,0.149751,0.119350,2.086376
189.911000,0.119456,0.024355,-0.001967,0.153866,0.115130,2.086173
189.931000,0.117451,0.023888,-0.001834,0.158039,0.110148,2.085930
189.931000,0.117451,0.023888,-0.001834,0.158039,0.110148,2.085930
189.971000,0.112881,0.022679,-0.001665,0.166502,0.099135,2.085338
189.971000,0.112881,0.022679,-0.001665,0.166502,0.099135,2.085338
190.011000,0.105587,0.020918,-0.001080,0.175094,0.086146,2.084657
190.031000,0.101468,0.020026,-0.000832,0.179382,0.079098,2.084309
190.051000,0.096950,0.019262,-0.000489,0.183624,0.071637,2.083967
190.071000,0.093006,0.017923,0.000038,0.187989,0.064046,2.083629
190.091000,0.088436,0.015771,0.000718,0.192555,0.056018,2.083223
190.111000,0.084100,0.013659,0.001224,0.197093,0.047841,2.082811
190.131000,0.079854,0.011809,0.001701,0.201574,0.039425,2.082391
190.151000,0.075920,0.010368,0.002368,0.205920,0.030858,2.081930
190.171000,0.071857,0.008621,0.003059,0.210316,0.022041,2.081398
190.171000,0.071857,0.008621,0.003059,0.210316,0.022041,2.081398
190.211000,0.064402,0.003179,0.005588,0.219510,0.004007,2.080324
190.231000,0.059924,-0.000366,0.007216,0.224341,-0.005486,2.079734
190.251000,0.056172,-0.002918,0.007826,0.228807,-0.014854,2.079156
190.271000,0.052792,-0.004835,0.009173,0.232940,-0.024262,2.078553
190.291000,0.050092,-0.007167,0.010596,0.237146,-0.033612,2.077988
190.311000,0.047129,-0.009705,0.011963,0.241336,-0.043125,2.077436
190.331000,0.044132,-0.012040,0.013509,0.245372,-0.052702,2.076865
190.351000,0.040670,-0.013898,0.015079,0.249189,-0.062449,2.076266
190.371000,0.037116,-0.015670,0.016807,0.252882,-0.072225,2.075689
190.371000,0.037116,-0.015670,0.016807,0.252882,-0.072225,2.075689
190.411000,0.027851,-0.018310,0.020659,0.259771,-0.092354,2.074394
190.432000,0.022299,-0.018956,0.022622,0.263037,-0.103087,2.073723
190.451000,0.017126,-0.019577,0.024594,0.265891,-0.112791,2.073196
190.471000,0.011284,-0.020569,0.026604,0.268899,-0.123102,2.072688
190.491000,0.006361,-0.020884,0.028809,0.271614,-0.133130,2.072203
190.511000,0.001769,-0.020768,0.031350,0.274084,-0.143027,2.071787
190.531000,-0.003103,-0.020421,0.033677,0.276341,-0.152957,2.071371
190.551000,-0.007966,-0.020230,0.035984,0.278525,-0.162828,2.071007
190.571000,-0.011943,-0.020627,0.038172,0.280750,-0.172335,2.070728
190.571000,-0.011943,-0.020627,0.038172,0.280750,-0.172335,2.070728
190.611000,-0.018912,-0.021018,0.042876,0.284763,-0.190776,2.070353
190.631000,-0.022498,-0.020496,0.045009,0.286417,-0.199847,2.070248
190.651000,-0.025954,-0.019478,0.047099,0.287850,-0.208747,2.070212
190.671000,-0.028812,-0.017845,0.049134,0.289008,-0.217352,2.070223
190.671000,-0.028812,-0.017845,0.049134,0.289008,-0.217352,2.070223
190.711000,-0.033588,-0.014148,0.053093,0.290777,-0.233783,2.070266
190.731000,-0.036922,-0.013039,0.054716,0.291702,-0.241923,2.070333
190.751000,-0.039467,-0.011947,0.056569,0.292531,-0.249630,2.070487
190.771000,-0.041516,-0.010879,0.058176,0.293277,-0.257024,2.070600
190.791000,-0.044042,-0.010154,0.059645,0.294003,-0.264269,2.070675
190.811000,-0.046716,-0.009935,0.060950,0.294699,-0.271289,2.070720
190.832000,-0.049280,-0.010158,0.062003,0.295417,-0.278269,2.070741
190.851000,-0.051867,-0.011250,0.062671,0.296203,-0.284381,2.070724
190.871000,-0.054406,-0.012592,0.063224,0.296943,-0.290428,2.070702
190.871000,-0.054406,-0.012592,0.063224,0.296943,-0.290428,2.070702
190.911000,-0.059558,-0.016467,0.063599,0.298399,-0.301626,2.070481
190.931000,-0.062079,-0.018595,0.063639,0.298996,-0.306747,2.070273
190.951000,-0.063926,-0.021045,0.063462,0.299541,-0.311406,2.070026
190.971000,-0.065118,-0.023792,0.063185,0.300031,-0.315589,2.069702
190.991000,-0.065553,-0.026926,0.062813,0.300515,-0.319312,2.069334
191.011000,-0.065126,-0.030042,0.062299,0.300866,-0.322532,2.068908
191.031000,-0.064310,-0.033482,0.061969,0.301231,-0.325386,2.068467
191.051000,-0.063047,-0.036191,0.061270,0.301261,-0.327800,2.068020
191.071000,-0.061789,-0.038779,0.060464,0.301179,-0.329888,2.067549
191.071000,-0.061789,-0.038779,0.060464,0.301179,-0.329888,2.067549
191.111000,-0.059797,-0.040239,0.058416,0.299713,-0.333447,2.066539
191.131000,-0.057515,-0.039854,0.056961,0.298537,-0.334512,2.065940
191.151000,-0.055687,-0.038600,0.055522,0.297031,-0.335494,2.065340
191.171000,-0.053459,-0.037187,0.053534,0.295325,-0.336116,2.064707
191.191000,-0.050464,-0.035805,0.051792,0.293457,-0.336304,2.064060
191.211000,-0.046838,-0.034616,0.050218,0.291461,-0.336076,2.063437
191.231000,-0.043322,-0.034065,0.048625,0.289527,-0.335646,2.062821
191.251000,-0.040720,-0.034071,0.047077,0.287655,-0.335266,2.062170
191.271000,-0.038030,-0.033668,0.045259,0.285595,-0.334676,2.061572
191.291000,-0.034919,-0.032863,0.043587,0.283309,-0.333824,2.061001
191.311000,-0.029583,-0.030682,0.041025,0.280549,-0.332056,2.060481
191.331000,-0.025912,-0.028479,0.039118,0.277742,-0.330666,2.059926
191.351000,-0.022957,-0.025262,0.037309,0.274552,-0.329315,2.059470
191.371000,-0.020465,-0.022024,0.034903,0.271302,-0.327953,2.059007
191.371000,-0.020465,-0.022024,0.034903,0.271302,-0.327953,2.059007
191.411000,-0.013352,-0.015419,0.031046,0.264640,-0.324287,2.058383
191.431000,-0.009556,-0.011909,0.028978,0.261255,-0.322253,2.058129
191.451000,-0.006163,-0.006931,0.027098,0.257446,-0.320233,2.058008
191.471000,-0.002286,-0.001550,0.025239,0.253580,-0.318014,2.057980
191.491000,0.001459,0.004463,0.023225,0.249570,-0.315767,2.058103
191.511000,0.005596,0.010663,0.021209,0.245616,-0.313359,2.058334
191.531000,0.010083,0.017231,0.019640,0.241633,-0.310856,2.058683
191.551000,0.014080,0.024543,0.017640,0.237539,-0.308466,2.059176
191.571000,0.017330,0.032193,0.016060,0.233428,-0.306317,2.059741
191.591000,0.021586,0.039542,0.014229,0.229487,-0.303918,2.060499
191.611000,0.026650,0.046235,0.012686,0.225902,-0.301388,2.061459
191.632000,0.032403,0.052316,0.011142,0.222557,-0.298658,2.062621
191.651000,0.037193,0.056860,0.009526,0.219983,-0.296409,2.063844
191.671000,0.042711,0.061420,0.008250,0.217515,-0.294043,2.065207
191.671000,0.042711,0.061420,0.008250,0.217515,-0.294043,2.065207
191.711000,0.053211,0.071002,0.005853,0.213069,-0.289835,2.068400
191.731000,0.057678,0.074751,0.004848,0.211458,-0.288124,2.070109
191.731000,0.057678,0.074751,0.004848,0.211458,-0.288124,2.070109
191.771000,0.069168,0.080925,0.000209,0.209400,-0.284151,2.073946
191.771000,0.069168,0.080925,0.000209,0.209400,-0.284151,2.073946
191.811000,0.075390,0.085948,-0.000956,0.208649,-0.282808,2.077568
191.831000,0.078180,0.088327,-0.001572,0.208737,-0.282543,2.079413
191.851000,0.080101,0.089845,-0.002218,0.209298,-0.282738,2.081239
191.871000,0.082169,0.090532,-0.002572,0.210337,-0.283120,2.083000
191.871000,0.082169,0.090532,-0.002572,0.210337,-0.283120,2.083000
191.911000,0.084250,0.088980,-0.003564,0.213895,-0.285004,2.086272
191.931000,0.084322,0.087143,-0.004049,0.216330,-0.286508,2.087796
191.931000,0.084322,0.087143,-0.004049,0.216330,-0.286508,2.087796
191.971000,0.082079,0.082209,-0.005310,0.222219,-0.290763,2.090705
191.991000,0.080205,0.078837,-0.005988,0.225780,-0.293393,2.091981
192.011000,0.078421,0.074856,-0.006437,0.229760,-0.296165,2.093165
192.031000,0.075991,0.070466,-0.006947,0.234090,-0.299256,2.094226
192.031000,0.075991,0.070466,-0.006947,0.234090,-0.299256,2.094226
192.071000,0.068650,0.062896,-0.008984,0.243074,-0.306498,2.096148
192.071000,0.068650,0.062896,-0.008984,0.243074,-0.306498,2.096148
192.111000,0.059831,0.056104,-0.009572,0.252580,-0.314637,2.097754
192.131000,0.054635,0.052806,-0.009888,0.257570,-0.319046,2.098446
192.151000,0.042945,0.048591,-0.005140,0.262901,-0.325821,2.098625
192.171000,0.036003,0.046207,-0.004793,0.267962,-0.330832,2.099191
192.171000,0.036003,0.046207,-0.004793,0.267962,-0.330832,2.099191
192.211000,0.020961,0.041084,-0.003804,0.278458,-0.341194,2.100475
192.231000,0.014697,0.037930,-0.003004,0.284095,-0.346058,2.101139
192.251000,0.008392,0.034367,-0.001891,0.289909,-0.350963,2.101931
192.271000,0.002064,0.031083,-0.000842,0.295707,-0.355870,2.102742
192.271000,0.002064,0.031083,-0.000842,0.295707,-0.355870,2.102742
192.311000,-0.008232,0.024160,0.001681,0.307540,-0.364998,2.104346
192.331000,-0.013140,0.019614,0.003201,0.313784,-0.369414,2.105160
192.351000,-0.017122,0.014985,0.004756,0.319986,-0.373416,2.106005
192.371000,-0.020883,0.009787,0.006159,0.326395,-0.377240,2.106854
192.371000,-0.020883,0.009787,0.006159,0.326395,-0.377240,2.106854
192.411000,-0.028912,-0.000244,0.009309,0.339181,-0.384636,2.108651
192.431000,-0.031634,-0.004643,0.010476,0.345409,-0.387822,2.109578
192.451000,-0.032975,-0.008063,0.012097,0.351330,-0.390514,2.110563
192.471000,-0.033561,-0.010833,0.013758,0.357064,-0.392880,2.111529
192.491000,-0.034290,-0.013026,0.015112,0.362600,-0.395187,2.112462
192.511000,-0.033976,-0.014397,0.016401,0.367851,-0.397094,2.113384
192.531000,-0.032514,-0.015225,0.017424,0.372937,-0.398510,2.114303
192.551000,-0.030142,-0.016072,0.017977,0.378037,-0.399469,2.115202
192.571000,-0.027101,-0.016036,0.018495,0.382800,-0.400176,2.116012
192.571000,-0.027101,-0.016036,0.018495,0.382800,-0.400176,2.116012
192.611000,-0.022615,-0.013689,0.020073,0.391407,-0.401730,2.117356
192.631000,-0.019990,-0.011872,0.020674,0.395449,-0.402143,2.117875
192.651000,-0.016906,-0.009951,0.021385,0.399372,-0.402315,2.118383
192.671000,-0.013920,-0.007627,0.022014,0.403072,-0.402329,2.118816
192.691000,-0.012455,-0.005721,0.022066,0.406787,-0.402664,2.119170
192.711000,-0.010233,-0.004715,0.022523,0.410642,-0.402695,2.119432
192.731000,-0.010995,-0.007091,0.026572,0.415639,-0.403491,2.119781
192.731000,-0.010995,-0.007091,0.026572,0.415639,-0.403491,2.119781
192.771000,-0.006405,-0.006530,0.026697,0.423296,-0.402879,2.120137
192.791000,-0.004332,-0.006652,0.026574,0.427151,-0.402480,2.120134
192.811000,-0.003148,-0.006681,0.026294,0.430905,-0.402266,2.120062
192.831000,-0.001939,-0.006030,0.025595,0.434399,-0.401932,2.119968
192.851000,-0.000894,-0.005390,0.024966,0.437807,-0.401613,2.119845
192.871000,0.000929,-0.005771,0.024092,0.441435,-0.401023,2.119646
192.871000,0.000929,-0.005771,0.024092,0.441435,-0.401023,2.119646
192.911000,0.003680,-0.007294,0.021948,0.448597,-0.399940,2.119079
192.931000,0.004382,-0.007923,0.020882,0.451989,-0.399514,2.118757
192.931000,0.004382,-0.007923,0.020882,0.451989,-0.399514,2.118757
192.971000,0.005833,-0.011030,0.017965,0.459047,-0.398523,2.118005
192.971000,0.005833,-0.011030,0.017965,0.459047,-0.398523,2.118005
193.011000,0.008170,-0.012774,0.014730,0.465275,-0.397263,2.117194
193.031000,0.007894,-0.010540,0.012780,0.467352,-0.397050,2.116922
193.031000,0.007894,-0.010540,0.012780,0.467352,-0.397050,2.116922
193.071000,0.010292,-0.014004,0.009432,0.473449,-0.395699,2.116033
193.071000,0.010292,-0.014004,0.009432,0.473449,-0.395699,2.116033
193.111000,0.010389,-0.017780,0.006177,0.479137,-0.394839,2.114995
193.131000,0.010240,-0.019694,0.004762,0.481826,-0.394450,2.114426
193.151000,0.010613,-0.021492,0.002513,0.484370,-0.393895,2.113865
193.171000,0.025525,-0.020641,-0.010615,0.486296,-0.388446,2.113982
193.191000,0.025701,-0.022213,-0.011810,0.488471,-0.388077,2.113366
193.211000,0.026165,-0.023784,-0.012966,0.490529,-0.387612,2.112737
193.231000,0.025614,-0.025034,-0.014390,0.492331,-0.387418,2.112069
193.231000,0.025614,-0.025034,-0.014390,0.492331,-0.387418,2.112069
193.271000,0.024618,-0.026264,-0.017169,0.495193,-0.386972,2.110608
193.291000,0.024084,-0.026600,-0.018857,0.496301,-0.386696,2.109837
193.311000,0.022963,-0.026856,-0.020424,0.497189,-0.386605,2.109065
193.331000,0.022790,-0.027594,-0.022074,0.498047,-0.386249,2.108288
193.351000,0.022056,-0.028828,-0.023682,0.498825,-0.386039,2.107464
193.371000,0.021852,-0.029858,-0.025325,0.499353,-0.385638,2.106621
193.371000,0.021852,-0.029858,-0.025325,0.499353,-0.385638,2.106621
193.411000,0.020978,-0.032904,-0.028668,0.500126,-0.384973,2.104987
193.411000,0.020978,-0.032904,-0.028668,0.500126,-0.384973,2.104987
193.451000,0.019105,-0.034668,-0.032349,0.499818,-0.384415,2.103463
193.471000,0.018326,-0.035750,-0.034209,0.499444,-0.384047,2.102685
193.471000,0.018326,-0.035750,-0.034209,0.499444,-0.384047,2.102685
193.511000,0.016385,-0.037465,-0.038460,0.498093,-0.383304,2.101081
193.531000,0.015919,-0.037528,-0.040495,0.496931,-0.382740,2.100226
193.551000,0.016073,-0.037674,-0.042290,0.495624,-0.381958,2.099368
193.571000,0.015421,-0.037459,-0.044449,0.494036,-0.381364,2.098515
193.571000,0.015421,-0.037459,-0.044449,0.494036,-0.381364,2.098515
193.611000,0.010738,-0.036946,-0.045139,0.490077,-0.381214,2.096571
193.631000,0.011190,-0.037388,-0.047237,0.488224,-0.380215,2.095689
193.651000,0.011573,-0.036766,-0.049426,0.485864,-0.379171,2.094821
193.671000,0.011442,-0.035855,-0.051780,0.483282,-0.378212,2.093910
193.671000,0.011442,-0.035855,-0.051780,0.483282,-0.378212,2.093910
193.711000,0.011992,-0.034665,-0.055815,0.477758,-0.375895,2.092064
193.731000,0.012247,-0.033119,-0.057426,0.474470,-0.374695,2.091236
193.751000,0.012857,-0.032128,-0.059279,0.471188,-0.373344,2.090497
193.771000,0.012359,-0.032014,-0.061007,0.467979,-0.372298,2.089783
193.771000,0.012359,-0.032014,-0.061007,0.467979,-0.372298,2.089783
193.811000,0.012523,-0.031505,-0.064137,0.460944,-0.369713,2.088329
193.831000,0.012769,-0.031892,-0.065567,0.457359,-0.368340,2.087590
193.851000,0.013013,-0.032756,-0.066766,0.453741,-0.366935,2.086844
193.871000,0.013820,-0.033703,-0.067829,0.450017,-0.365293,2.086043
193.871000,0.013820,-0.033703,-0.067829,0.450017,-0.365293,2.086043
193.911000,0.011943,-0.035426,-0.070642,0.442087,-0.362677,2.084521
193.931000,0.010021,-0.035795,-0.071730,0.437767,-0.361561,2.083790
193.931000,0.010021,-0.035795,-0.071730,0.437767,-0.361561,2.083790
193.971000,0.010436,-0.035810,-0.075208,0.428501,-0.358050,2.082207
193.971000,0.010436,-0.035810,-0.075208,0.428501,-0.358050,2.082207
194.011000,0.010141,-0.036152,-0.076997,0.418895,-0.354556,2.080625
194.031000,0.009293,-0.035500,-0.077965,0.413686,-0.352882,2.079809
194.051000,0.008540,-0.034529,-0.079060,0.408287,-0.351184,2.078980
194.071000,0.008891,-0.033359,-0.079822,0.402763,-0.349104,2.078087
194.091000,0.009281,-0.032317,-0.080908,0.397218,-0.346983,2.077157
194.111000,0.009001,-0.029961,-0.081860,0.391195,-0.344935,2.076183
194.131000,0.008666,-0.027081,-0.083080,0.384994,-0.342870,2.075203
194.151000,0.008235,-0.022663,-0.083928,0.378171,-0.340773,2.074209
194.171000,0.007793,-0.018936,-0.085056,0.371571,-0.338614,2.073326
194.191000,0.007732,-0.015013,-0.086178,0.364898,-0.336303,2.072452
194.211000,0.007757,-0.011077,-0.087384,0.358126,-0.333956,2.071610
194.231000,0.008105,-0.007093,-0.088118,0.351277,-0.331536,2.070808
194.251000,0.009631,-0.003617,-0.089190,0.344597,-0.328749,2.070075
194.271000,0.011035,-0.000393,-0.090110,0.337969,-0.325960,2.069391
194.271000,0.011035,-0.000393,-0.090110,0.337969,-0.325960,2.069391
194.311000,0.011476,0.006472,-0.092141,0.324542,-0.320832,2.068180
194.331000,0.011177,0.009959,-0.093058,0.317803,-0.318352,2.067648
194.351000,0.011693,0.013517,-0.093768,0.311066,-0.315628,2.067191
194.371000,0.012646,0.016827,-0.094455,0.304409,-0.312801,2.066787
194.391000,0.013309,0.019622,-0.095127,0.297911,-0.310061,2.066464
194.411000,0.014077,0.021571,-0.095536,0.291697,-0.307356,2.066058
194.431000,0.015828,0.023502,-0.095536,0.285598,-0.304416,2.065664
194.451000,0.017066,0.025507,-0.095739,0.279505,-0.301648,2.065250
194.471000,0.018667,0.027114,-0.095825,0.273613,-0.298791,2.064885
194.491000,0.021096,0.028170,-0.095676,0.267987,-0.295775,2.064502
194.511000,0.023573,0.029448,-0.094933,0.262392,-0.292798,2.064069
194.531000,0.025785,0.030773,-0.094384,0.256878,-0.289927,2.063609
194.551000,0.027986,0.031949,-0.094124,0.251564,-0.287109,2.063176
194.571000,0.030672,0.033283,-0.093668,0.246329,-0.284237,2.062701
194.591000,0.034124,0.034547,-0.092820,0.241239,-0.281258,2.062224
194.611000,0.037722,0.036059,-0.092196,0.236215,-0.278335,2.061751
194.632000,0.041028,0.037994,-0.091458,0.230928,-0.275483,2.061253
194.651000,0.043685,0.039606,-0.090709,0.226316,-0.273091,2.060794
194.671000,0.046361,0.040890,-0.090015,0.221697,-0.270734,2.060348
194.671000,0.046361,0.040890,-0.090015,0.221697,-0.270734,2.060348
194.711000,0.051852,0.041648,-0.088465,0.213354,-0.266371,2.059515
194.731000,0.054400,0.041467,-0.087718,0.209563,-0.264388,2.059093
194.731000,0.054400,0.041467,-0.087718,0.209563,-0.264388,2.059093
194.771000,0.057818,0.041377,-0.086078,0.202408,-0.261166,2.058242
194.771000,0.057818,0.041377,-0.086078,0.202408,-0.261166,2.058242
194.811000,0.056492,0.042777,-0.085231,0.195368,-0.259673,2.057432
194.831000,0.056079,0.043852,-0.084496,0.191961,-0.259113,2.057138
194.831000,0.056079,0.043852,-0.084496,0.191961,-0.259113,2.057138
194.871000,0.057236,0.045376,-0.083123,0.185862,-0.257871,2.056689
194.871000,0.057236,0.045376,-0.083123,0.185862,-0.257871,2.056689
194.911000,0.053631,0.046526,-0.082126,0.180417,-0.258437,2.056347
194.931000,0.052500,0.046872,-0.081544,0.178031,-0.258748,2.056287
194.951000,0.050918,0.047247,-0.080705,0.175775,-0.259321,2.056252
194.971000,0.048699,0.047611,-0.080324,0.173684,-0.260179,2.056211
194.971000,0.048699,0.047611,-0.080324,0.173684,-0.260179,2.056211
195.011000,0.044370,0.047428,-0.078810,0.170168,-0.262275,2.056179
195.031000,0.042447,0.046541,-0.077964,0.168887,-0.263443,2.056160
195.031000,0.042447,0.046541,-0.077964,0.168887,-0.263443,2.056160
195.071000,0.038963,0.045012,-0.076516,0.166803,-0.265959,2.056154
195.071000,0.038963,0.045012,-0.076516,0.166803,-0.265959,2.056154
195.111000,0.033705,0.045716,-0.075325,0.164675,-0.269275,2.056178
195.131000,0.031126,0.046272,-0.074648,0.163768,-0.271035,2.056270
195.151000,0.029124,0.046455,-0.073758,0.163116,-0.272699,2.056397
195.171000,0.026395,0.045823,-0.072958,0.162826,-0.274617,2.056509
195.171000,0.026395,0.045823,-0.072958,0.162826,-0.274617,2.056509
195.211000,0.023163,0.043666,-0.071361,0.162983,-0.278010,2.056862
195.231000,0.021641,0.043011,-0.070666,0.163160,-0.279759,2.057024
195.231000,0.021641,0.043011,-0.070666,0.163160,-0.279759,2.057024
195.271000,0.019277,0.042441,-0.069152,0.163785,-0.283126,2.057332
195.271000,0.019277,0.042441,-0.069152,0.163785,-0.283126,2.057332
195.311000,0.017855,0.043064,-0.067133,0.164739,-0.286290,2.057744
195.332000,0.016874,0.043827,-0.066468,0.165361,-0.288063,2.058064
195.351000,0.016333,0.044543,-0.065550,0.166026,-0.289620,2.058385
195.371000,0.016601,0.044763,-0.064619,0.167029,-0.291060,2.058761
195.391000,0.013396,0.044415,-0.060670,0.168135,-0.293753,2.059029
195.411000,0.013719,0.043910,-0.059764,0.169599,-0.295198,2.059420
195.431000,0.014506,0.043432,-0.058721,0.171212,-0.296481,2.059806
195.451000,0.014235,0.042954,-0.057788,0.172916,-0.298076,2.060168
195.471000,0.014169,0.042530,-0.056808,0.174722,-0.299635,2.060529
195.471000,0.014169,0.042530,-0.056808,0.174722,-0.299635,2.060529
195.511000,0.015527,0.041938,-0.054654,0.178697,-0.302393,2.061300
195.531000,0.015626,0.041724,-0.053684,0.180873,-0.303956,2.061642
195.551000,0.016313,0.041766,-0.052574,0.183147,-0.305365,2.061995
195.571000,0.017239,0.042247,-0.051496,0.185481,-0.306739,2.062312
195.571000,0.017239,0.042247,-0.051496,0.185481,-0.306739,2.062312
195.611000,0.018572,0.045118,-0.049255,0.190009,-0.309694,2.062964
195.631000,0.019272,0.046994,-0.048011,0.192330,-0.311240,2.063300
195.651000,0.020661,0.049098,-0.046836,0.194714,-0.312620,2.063659
195.671000,0.021676,0.051038,-0.045835,0.197241,-0.314145,2.063964
195.671000,0.021676,0.051038,-0.045835,0.197241,-0.314145,2.063964
195.711000,0.023323,0.054056,-0.043388,0.202819,-0.317361,2.064656
195.731000,0.023222,0.054037,-0.042232,0.206252,-0.319241,2.064963
195.751000,0.022825,0.054382,-0.041207,0.209705,-0.321244,2.065321
195.771000,0.022743,0.055030,-0.039819,0.213221,-0.323214,2.065669
195.771000,0.022743,0.055030,-0.039819,0.213221,-0.323214,2.065669
195.811000,0.022052,0.054877,-0.037618,0.220946,-0.327406,2.066392
195.832000,0.022163,0.053809,-0.036225,0.225419,-0.329518,2.066768
195.851000,0.021655,0.051901,-0.035301,0.229812,-0.331596,2.067043
195.871000,0.020859,0.050128,-0.034155,0.234480,-0.333842,2.067332
195.871000,0.020859,0.050128,-0.034155,0.234480,-0.333842,2.067332
195.911000,0.017645,0.045242,-0.031918,0.244438,-0.338689,2.067852
195.931000,0.015570,0.042023,-0.031181,0.249834,-0.341335,2.068074
195.931000,0.015570,0.042023,-0.031181,0.249834,-0.341335,2.068074
195.971000,0.012174,0.036573,-0.029598,0.260504,-0.346322,2.068693
195.971000,0.012174,0.036573,-0.029598,0.260504,-0.346322,2.068693
196.011000,0.009649,0.029509,-0.027484,0.271687,-0.350953,2.069514
196.031000,0.008261,0.025758,-0.026526,0.277364,-0.353304,2.069959
196.051000,0.007150,0.021700,-0.025534,0.283161,-0.355540,2.070457
196.071000,0.006200,0.017891,-0.024799,0.288870,-0.357734,2.070970
196.071000,0.006200,0.017891,-0.024799,0.288870,-0.357734,2.070970
196.111000,0.005530,0.009620,-0.022971,0.300424,-0.361728,2.072087
196.131000,0.005342,0.005446,-0.021752,0.306190,-0.363683,2.072611
196.131000,0.005342,0.005446,-0.021752,0.306190,-0.363683,2.072611
196.171000,0.005105,-0.002179,-0.019444,0.317349,-0.367457,2.073701
196.191000,0.005384,-0.005496,-0.018265,0.322688,-0.369226,2.074208
196.211000,0.005499,-0.008726,-0.017172,0.327934,-0.371012,2.074636
196.231000,0.005356,-0.011667,-0.016022,0.333005,-0.372848,2.074999
196.251000,0.005214,-0.014690,-0.014768,0.337995,-0.374603,2.075321
196.271000,0.004893,-0.017636,-0.013662,0.342842,-0.376286,2.075664
196.291000,0.004461,-0.020350,-0.012820,0.347507,-0.377965,2.075943
196.311000,0.003620,-0.022799,-0.011586,0.352010,-0.379691,2.076189
196.331000,0.002163,-0.024775,-0.010660,0.356231,-0.381526,2.076360
196.331000,0.002163,-0.024775,-0.010660,0.356231,-0.381526,2.076360
196.371000,-0.001002,-0.027757,-0.008873,0.363904,-0.385061,2.076553
196.371000,-0.001002,-0.027757,-0.008873,0.363904,-0.385061,2.076553
196.411000,-0.003417,-0.031173,-0.007172,0.370957,-0.388176,2.076391
196.431000,-0.004002,-0.032800,-0.006264,0.374200,-0.389463,2.076257
196.451000,-0.004964,-0.034601,-0.005620,0.377287,-0.390750,2.075995
196.471000,-0.006137,-0.036347,-0.004944,0.380155,-0.392004,2.075682
196.471000,-0.006137,-0.036347,-0.004944,0.380155,-0.392004,2.075682
196.511000,-0.008380,-0.039693,-0.003718,0.385305,-0.394206,2.075004
196.531000,-0.008891,-0.041050,-0.002998,0.387512,-0.395003,2.074664
196.531000,-0.008891,-0.041050,-0.002998,0.387512,-0.395003,2.074664
196.571000,-0.009705,-0.042479,-0.001844,0.390998,-0.396331,2.073922
196.571000,-0.009705,-0.042479,-0.001844,0.390998,-0.396331,2.073922
196.611000,-0.010313,-0.042463,-0.001213,0.393319,-0.397301,2.073063
196.631000,-0.009511,-0.042169,-0.000695,0.394111,-0.397316,2.072602
196.631000,-0.009511,-0.042169,-0.000695,0.394111,-0.397316,2.072602
196.671000,-0.008616,-0.040723,0.000014,0.394873,-0.397277,2.071534
196.671000,-0.008616,-0.040723,0.000014,0.394873,-0.397277,2.071534
196.711000,-0.009202,-0.038140,0.000083,0.394569,-0.397323,2.070518
196.731000,-0.007834,-0.036427,0.000241,0.394027,-0.396830,2.070059
196.751000,-0.005245,-0.034752,0.000606,0.393330,-0.395991,2.069671
196.771000,-0.002795,-0.032438,0.000845,0.392231,-0.395135,2.069311
196.771000,-0.002795,-0.032438,0.000845,0.392231,-0.395135,2.069311
196.811000,-0.000017,-0.027811,0.000693,0.389572,-0.393882,2.068591
196.831000,0.003100,-0.025566,0.000522,0.388050,-0.392703,2.068342
196.851000,0.006374,-0.023309,0.000431,0.386383,-0.391474,2.068095
196.871000,0.008458,-0.021152,0.000529,0.384541,-0.390585,2.067796
196.871000,0.008458,-0.021152,0.000529,0.384541,-0.390585,2.067796
196.911000,0.012982,-0.015757,0.000194,0.380276,-0.388600,2.067354
196.931000,0.014778,-0.013029,-0.000233,0.377994,-0.387699,2.067199
196.931000,0.014778,-0.013029,-0.000233,0.377994,-0.387699,2.067199
196.971000,0.018524,-0.006834,-0.000957,0.372950,-0.385952,2.067042
196.971000,0.018524,-0.006834,-0.000957,0.372950,-0.385952,2.067042
197.011000,0.022071,-0.000528,-0.001854,0.367528,-0.384378,2.066960
197.031000,0.023653,0.002134,-0.002165,0.364895,-0.383655,2.066945
197.051000,0.025401,0.004985,-0.002637,0.362160,-0.382909,2.066964
197.071000,0.026170,0.007977,-0.003078,0.359363,-0.382455,2.066977
197.071000,0.026170,0.007977,-0.003078,0.359363,-0.382455,2.066977
197.111000,0.026750,0.014847,-0.004375,0.353466,-0.381929,2.067123
197.131000,0.026937,0.017879,-0.004927,0.350604,-0.381779,2.067271
197.151000,0.027498,0.020341,-0.005668,0.347882,-0.381582,2.067425
197.171000,0.028083,0.022302,-0.006234,0.345324,-0.381418,2.067588
197.171000,0.028083,0.022302,-0.006234,0.345324,-0.381418,2.067588
197.211000,0.027576,0.026904,-0.007813,0.340022,-0.381665,2.067888
197.231000,0.027054,0.028819,-0.008593,0.337523,-0.381972,2.068006
197.251000,0.027055,0.030067,-0.009213,0.335194,-0.382180,2.068108
197.271000,0.027079,0.030833,-0.010000,0.333013,-0.382459,2.068214
197.271000,0.027079,0.030833,-0.010000,0.333013,-0.382459,2.068214
197.311000,0.026721,0.031044,-0.011244,0.329117,-0.383223,2.068167
197.331000,0.025935,0.030598,-0.011844,0.327353,-0.383800,2.068110
